37,-19,msuM7mtxppw2vwuxz0d3LKr+nBw=,NMDejyzt5O3fiCIB8pMgg0BPdD0=
36,-22,SNIR4zI/tyJfCp9LinRsLCkBDNQ=,NMDejyzt5O3fiCIB8pMgg0BPdD0=
34,-22,SNIR4zI/tyJfCp9LinRsLCkBDNQ=,NMDejyzt5O3fiCIB8pMgg0BPdD0=
37,-21,SNIR4zI/tyJfCp9LinRsLCkBDNQ=,NMDejyzt5O3fiCIB8pMgg0BPdD0=
37,-22,SNIR4zI/tyJfCp9LinRsLCkBDNQ=,NMDejyzt5O3fiCIB8pMgg0BPdD0=
35,-21,SNIR4zI/tyJfCp9LinRsLCkBDNQ=,NMDejyzt5O3fiCIB8pMgg0BPdD0=
35,-22,SNIR4zI/tyJfCp9LinRsLCkBDNQ=,NMDejyzt5O3fiCIB8pMgg0BPdD0=
36,-19,SNIR4zI/tyJfCp9LinRsLCkBDNQ=,NMDejyzt5O3fiCIB8pMgg0BPdD0=
36,-21,SNIR4zI/tyJfCp9LinRsLCkBDNQ=,NMDejyzt5O3fiCIB8pMgg0BPdD0=
35,-19,SNIR4zI/tyJfCp9LinRsLCkBDNQ=,NMDejyzt5O3fiCIB8pMgg0BPdD0=
34,-21,SNIR4zI/tyJfCp9LinRsLCkBDNQ=,NMDejyzt5O3fiCIB8pMgg0BPdD0=
34,-19,SNIR4zI/tyJfCp9LinRsLCkBDNQ=,NMDejyzt5O3fiCIB8pMgg0BPdD0=
35,-20,SNIR4zI/tyJfCp9LinRsLCkBDNQ=,NMDejyzt5O3fiCIB8pMgg0BPdD0=
36,-20,SNIR4zI/tyJfCp9LinRsLCkBDNQ=,NMDejyzt5O3fiCIB8pMgg0BPdD0=
37,-20,SNIR4zI/tyJfCp9LinRsLCkBDNQ=,NMDejyzt5O3fiCIB8pMgg0BPdD0=
34,-20,SNIR4zI/tyJfCp9LinRsLCkBDNQ=,NMDejyzt5O3fiCIB8pMgg0BPdD0=
40,-26,mtt02PZXwB8mcLfrtmYL8GXFBf0=,NMDejyzt5O3fiCIB8pMgg0BPdD0=
41,-26,mtt02PZXwB8mcLfrtmYL8GXFBf0=,NMDejyzt5O3fiCIB8pMgg0BPdD0=
40,-23,mtt02PZXwB8mcLfrtmYL8GXFBf0=,NMDejyzt5O3fiCIB8pMgg0BPdD0=
41,-23,mtt02PZXwB8mcLfrtmYL8GXFBf0=,NMDejyzt5O3fiCIB8pMgg0BPdD0=
40,-24,mtt02PZXwB8mcLfrtmYL8GXFBf0=,NMDejyzt5O3fiCIB8pMgg0BPdD0=
41,-24,mtt02PZXwB8mcLfrtmYL8GXFBf0=,NMDejyzt5O3fiCIB8pMgg0BPdD0=
40,-25,mtt02PZXwB8mcLfrtmYL8GXFBf0=,NMDejyzt5O3fiCIB8pMgg0BPdD0=
41,-25,mtt02PZXwB8mcLfrtmYL8GXFBf0=,NMDejyzt5O3fiCIB8pMgg0BPdD0=
39,-24,mtt02PZXwB8mcLfrtmYL8GXFBf0=,NMDejyzt5O3fiCIB8pMgg0BPdD0=
39,-26,mtt02PZXwB8mcLfrtmYL8GXFBf0=,NMDejyzt5O3fiCIB8pMgg0BPdD0=
39,-25,mtt02PZXwB8mcLfrtmYL8GXFBf0=,NMDejyzt5O3fiCIB8pMgg0BPdD0=
38,-25,mtt02PZXwB8mcLfrtmYL8GXFBf0=,NMDejyzt5O3fiCIB8pMgg0BPdD0=
38,-23,mtt02PZXwB8mcLfrtmYL8GXFBf0=,NMDejyzt5O3fiCIB8pMgg0BPdD0=
38,-24,mtt02PZXwB8mcLfrtmYL8GXFBf0=,NMDejyzt5O3fiCIB8pMgg0BPdD0=
39,-23,mtt02PZXwB8mcLfrtmYL8GXFBf0=,NMDejyzt5O3fiCIB8pMgg0BPdD0=
38,-26,mtt02PZXwB8mcLfrtmYL8GXFBf0=,NMDejyzt5O3fiCIB8pMgg0BPdD0=
40,-29,mtt02PZXwB8mcLfrtmYL8GXFBf0=,NMDejyzt5O3fiCIB8pMgg0BPdD0=
41,-29,mtt02PZXwB8mcLfrtmYL8GXFBf0=,NMDejyzt5O3fiCIB8pMgg0BPdD0=
39,-29,v+dWL0xGXeYUgH5lfuHGgXN2wdA=,NMDejyzt5O3fiCIB8pMgg0BPdD0=
39,-30,v+dWL0xGXeYUgH5lfuHGgXN2wdA=,NMDejyzt5O3fiCIB8pMgg0BPdD0=
41,-28,v+dWL0xGXeYUgH5lfuHGgXN2wdA=,NMDejyzt5O3fiCIB8pMgg0BPdD0=
41,-30,v+dWL0xGXeYUgH5lfuHGgXN2wdA=,NMDejyzt5O3fiCIB8pMgg0BPdD0=
38,-28,v+dWL0xGXeYUgH5lfuHGgXN2wdA=,NMDejyzt5O3fiCIB8pMgg0BPdD0=
39,-28,v+dWL0xGXeYUgH5lfuHGgXN2wdA=,NMDejyzt5O3fiCIB8pMgg0BPdD0=
40,-28,v+dWL0xGXeYUgH5lfuHGgXN2wdA=,NMDejyzt5O3fiCIB8pMgg0BPdD0=
40,-30,v+dWL0xGXeYUgH5lfuHGgXN2wdA=,NMDejyzt5O3fiCIB8pMgg0BPdD0=
40,-27,v+dWL0xGXeYUgH5lfuHGgXN2wdA=,NMDejyzt5O3fiCIB8pMgg0BPdD0=
34,-24,v+dWL0xGXeYUgH5lfuHGgXN2wdA=,NMDejyzt5O3fiCIB8pMgg0BPdD0=
41,-27,v+dWL0xGXeYUgH5lfuHGgXN2wdA=,NMDejyzt5O3fiCIB8pMgg0BPdD0=
35,-25,v+dWL0xGXeYUgH5lfuHGgXN2wdA=,NMDejyzt5O3fiCIB8pMgg0BPdD0=
35,-26,v+dWL0xGXeYUgH5lfuHGgXN2wdA=,NMDejyzt5O3fiCIB8pMgg0BPdD0=
34,-25,v+dWL0xGXeYUgH5lfuHGgXN2wdA=,NMDejyzt5O3fiCIB8pMgg0BPdD0=
34,-26,v+dWL0xGXeYUgH5lfuHGgXN2wdA=,NMDejyzt5O3fiCIB8pMgg0BPdD0=
38,-29,v+dWL0xGXeYUgH5lfuHGgXN2wdA=,NMDejyzt5O3fiCIB8pMgg0BPdD0=
39,-27,v+dWL0xGXeYUgH5lfuHGgXN2wdA=,NMDejyzt5O3fiCIB8pMgg0BPdD0=
38,-30,v+dWL0xGXeYUgH5lfuHGgXN2wdA=,NMDejyzt5O3fiCIB8pMgg0BPdD0=
36,-23,v+dWL0xGXeYUgH5lfuHGgXN2wdA=,NMDejyzt5O3fiCIB8pMgg0BPdD0=
36,-25,v+dWL0xGXeYUgH5lfuHGgXN2wdA=,NMDejyzt5O3fiCIB8pMgg0BPdD0=
37,-25,v+dWL0xGXeYUgH5lfuHGgXN2wdA=,NMDejyzt5O3fiCIB8pMgg0BPdD0=
38,-27,v+dWL0xGXeYUgH5lfuHGgXN2wdA=,NMDejyzt5O3fiCIB8pMgg0BPdD0=
36,-26,v+dWL0xGXeYUgH5lfuHGgXN2wdA=,NMDejyzt5O3fiCIB8pMgg0BPdD0=
35,-24,v+dWL0xGXeYUgH5lfuHGgXN2wdA=,NMDejyzt5O3fiCIB8pMgg0BPdD0=
34,-23,v+dWL0xGXeYUgH5lfuHGgXN2wdA=,NMDejyzt5O3fiCIB8pMgg0BPdD0=
37,-23,v+dWL0xGXeYUgH5lfuHGgXN2wdA=,NMDejyzt5O3fiCIB8pMgg0BPdD0=
37,-24,v+dWL0xGXeYUgH5lfuHGgXN2wdA=,NMDejyzt5O3fiCIB8pMgg0BPdD0=
35,-23,v+dWL0xGXeYUgH5lfuHGgXN2wdA=,NMDejyzt5O3fiCIB8pMgg0BPdD0=
36,-24,v+dWL0xGXeYUgH5lfuHGgXN2wdA=,NMDejyzt5O3fiCIB8pMgg0BPdD0=
35,-30,v+dWL0xGXeYUgH5lfuHGgXN2wdA=,NMDejyzt5O3fiCIB8pMgg0BPdD0=
37,-26,v+dWL0xGXeYUgH5lfuHGgXN2wdA=,NMDejyzt5O3fiCIB8pMgg0BPdD0=
34,-27,v+dWL0xGXeYUgH5lfuHGgXN2wdA=,NMDejyzt5O3fiCIB8pMgg0BPdD0=
36,-27,v+dWL0xGXeYUgH5lfuHGgXN2wdA=,NMDejyzt5O3fiCIB8pMgg0BPdD0=
34,-30,v+dWL0xGXeYUgH5lfuHGgXN2wdA=,NMDejyzt5O3fiCIB8pMgg0BPdD0=
35,-27,v+dWL0xGXeYUgH5lfuHGgXN2wdA=,NMDejyzt5O3fiCIB8pMgg0BPdD0=
37,-27,v+dWL0xGXeYUgH5lfuHGgXN2wdA=,NMDejyzt5O3fiCIB8pMgg0BPdD0=
36,-30,v+dWL0xGXeYUgH5lfuHGgXN2wdA=,NMDejyzt5O3fiCIB8pMgg0BPdD0=
37,-30,v+dWL0xGXeYUgH5lfuHGgXN2wdA=,NMDejyzt5O3fiCIB8pMgg0BPdD0=
36,-29,v+dWL0xGXeYUgH5lfuHGgXN2wdA=,NMDejyzt5O3fiCIB8pMgg0BPdD0=
37,-29,v+dWL0xGXeYUgH5lfuHGgXN2wdA=,NMDejyzt5O3fiCIB8pMgg0BPdD0=
36,-28,v+dWL0xGXeYUgH5lfuHGgXN2wdA=,NMDejyzt5O3fiCIB8pMgg0BPdD0=
37,-28,v+dWL0xGXeYUgH5lfuHGgXN2wdA=,NMDejyzt5O3fiCIB8pMgg0BPdD0=
35,-28,v+dWL0xGXeYUgH5lfuHGgXN2wdA=,NMDejyzt5O3fiCIB8pMgg0BPdD0=
35,-29,v+dWL0xGXeYUgH5lfuHGgXN2wdA=,NMDejyzt5O3fiCIB8pMgg0BPdD0=
34,-29,v+dWL0xGXeYUgH5lfuHGgXN2wdA=,NMDejyzt5O3fiCIB8pMgg0BPdD0=
34,-28,v+dWL0xGXeYUgH5lfuHGgXN2wdA=,NMDejyzt5O3fiCIB8pMgg0BPdD0=
40,-31,v+dWL0xGXeYUgH5lfuHGgXN2wdA=,NMDejyzt5O3fiCIB8pMgg0BPdD0=
41,-31,v+dWL0xGXeYUgH5lfuHGgXN2wdA=,NMDejyzt5O3fiCIB8pMgg0BPdD0=
40,-32,v+dWL0xGXeYUgH5lfuHGgXN2wdA=,NMDejyzt5O3fiCIB8pMgg0BPdD0=
41,-32,v+dWL0xGXeYUgH5lfuHGgXN2wdA=,NMDejyzt5O3fiCIB8pMgg0BPdD0=
39,-31,v+dWL0xGXeYUgH5lfuHGgXN2wdA=,NMDejyzt5O3fiCIB8pMgg0BPdD0=
38,-32,v+dWL0xGXeYUgH5lfuHGgXN2wdA=,NMDejyzt5O3fiCIB8pMgg0BPdD0=
38,-31,v+dWL0xGXeYUgH5lfuHGgXN2wdA=,NMDejyzt5O3fiCIB8pMgg0BPdD0=
39,-32,v+dWL0xGXeYUgH5lfuHGgXN2wdA=,NMDejyzt5O3fiCIB8pMgg0BPdD0=
42,-29,v+dWL0xGXeYUgH5lfuHGgXN2wdA=,NMDejyzt5O3fiCIB8pMgg0BPdD0=
43,-29,v+dWL0xGXeYUgH5lfuHGgXN2wdA=,NMDejyzt5O3fiCIB8pMgg0BPdD0=
42,-23,v+dWL0xGXeYUgH5lfuHGgXN2wdA=,NMDejyzt5O3fiCIB8pMgg0BPdD0=
43,-23,v+dWL0xGXeYUgH5lfuHGgXN2wdA=,NMDejyzt5O3fiCIB8pMgg0BPdD0=
42,-26,v+dWL0xGXeYUgH5lfuHGgXN2wdA=,NMDejyzt5O3fiCIB8pMgg0BPdD0=
43,-25,v+dWL0xGXeYUgH5lfuHGgXN2wdA=,NMDejyzt5O3fiCIB8pMgg0BPdD0=
43,-26,v+dWL0xGXeYUgH5lfuHGgXN2wdA=,NMDejyzt5O3fiCIB8pMgg0BPdD0=
42,-24,v+dWL0xGXeYUgH5lfuHGgXN2wdA=,NMDejyzt5O3fiCIB8pMgg0BPdD0=
43,-24,v+dWL0xGXeYUgH5lfuHGgXN2wdA=,NMDejyzt5O3fiCIB8pMgg0BPdD0=
42,-25,v+dWL0xGXeYUgH5lfuHGgXN2wdA=,NMDejyzt5O3fiCIB8pMgg0BPdD0=
43,-28,v+dWL0xGXeYUgH5lfuHGgXN2wdA=,NMDejyzt5O3fiCIB8pMgg0BPdD0=
42,-28,v+dWL0xGXeYUgH5lfuHGgXN2wdA=,NMDejyzt5O3fiCIB8pMgg0BPdD0=
43,-27,v+dWL0xGXeYUgH5lfuHGgXN2wdA=,NMDejyzt5O3fiCIB8pMgg0BPdD0=
42,-27,v+dWL0xGXeYUgH5lfuHGgXN2wdA=,NMDejyzt5O3fiCIB8pMgg0BPdD0=
43,-30,v+dWL0xGXeYUgH5lfuHGgXN2wdA=,NMDejyzt5O3fiCIB8pMgg0BPdD0=
42,-30,v+dWL0xGXeYUgH5lfuHGgXN2wdA=,NMDejyzt5O3fiCIB8pMgg0BPdD0=
40,-20,v+dWL0xGXeYUgH5lfuHGgXN2wdA=,NMDejyzt5O3fiCIB8pMgg0BPdD0=
40,-21,v+dWL0xGXeYUgH5lfuHGgXN2wdA=,NMDejyzt5O3fiCIB8pMgg0BPdD0=
41,-21,v+dWL0xGXeYUgH5lfuHGgXN2wdA=,NMDejyzt5O3fiCIB8pMgg0BPdD0=
41,-20,v+dWL0xGXeYUgH5lfuHGgXN2wdA=,NMDejyzt5O3fiCIB8pMgg0BPdD0=
42,-20,v+dWL0xGXeYUgH5lfuHGgXN2wdA=,NMDejyzt5O3fiCIB8pMgg0BPdD0=
43,-20,v+dWL0xGXeYUgH5lfuHGgXN2wdA=,NMDejyzt5O3fiCIB8pMgg0BPdD0=
42,-21,v+dWL0xGXeYUgH5lfuHGgXN2wdA=,NMDejyzt5O3fiCIB8pMgg0BPdD0=
43,-21,v+dWL0xGXeYUgH5lfuHGgXN2wdA=,NMDejyzt5O3fiCIB8pMgg0BPdD0=
43,-22,v+dWL0xGXeYUgH5lfuHGgXN2wdA=,NMDejyzt5O3fiCIB8pMgg0BPdD0=
42,-22,v+dWL0xGXeYUgH5lfuHGgXN2wdA=,NMDejyzt5O3fiCIB8pMgg0BPdD0=
41,-22,v+dWL0xGXeYUgH5lfuHGgXN2wdA=,NMDejyzt5O3fiCIB8pMgg0BPdD0=
40,-22,v+dWL0xGXeYUgH5lfuHGgXN2wdA=,NMDejyzt5O3fiCIB8pMgg0BPdD0=
43,-19,v+dWL0xGXeYUgH5lfuHGgXN2wdA=,NMDejyzt5O3fiCIB8pMgg0BPdD0=
42,-19,v+dWL0xGXeYUgH5lfuHGgXN2wdA=,NMDejyzt5O3fiCIB8pMgg0BPdD0=
41,-19,v+dWL0xGXeYUgH5lfuHGgXN2wdA=,NMDejyzt5O3fiCIB8pMgg0BPdD0=
40,-19,v+dWL0xGXeYUgH5lfuHGgXN2wdA=,NMDejyzt5O3fiCIB8pMgg0BPdD0=
39,-22,v+dWL0xGXeYUgH5lfuHGgXN2wdA=,NMDejyzt5O3fiCIB8pMgg0BPdD0=
38,-21,v+dWL0xGXeYUgH5lfuHGgXN2wdA=,NMDejyzt5O3fiCIB8pMgg0BPdD0=
39,-19,v+dWL0xGXeYUgH5lfuHGgXN2wdA=,NMDejyzt5O3fiCIB8pMgg0BPdD0=
39,-21,v+dWL0xGXeYUgH5lfuHGgXN2wdA=,NMDejyzt5O3fiCIB8pMgg0BPdD0=
39,-20,v+dWL0xGXeYUgH5lfuHGgXN2wdA=,NMDejyzt5O3fiCIB8pMgg0BPdD0=
38,-20,v+dWL0xGXeYUgH5lfuHGgXN2wdA=,NMDejyzt5O3fiCIB8pMgg0BPdD0=
38,-19,v+dWL0xGXeYUgH5lfuHGgXN2wdA=,NMDejyzt5O3fiCIB8pMgg0BPdD0=
38,-22,v+dWL0xGXeYUgH5lfuHGgXN2wdA=,NMDejyzt5O3fiCIB8pMgg0BPdD0=
40,-18,v+dWL0xGXeYUgH5lfuHGgXN2wdA=,NMDejyzt5O3fiCIB8pMgg0BPdD0=
41,-18,v+dWL0xGXeYUgH5lfuHGgXN2wdA=,NMDejyzt5O3fiCIB8pMgg0BPdD0=
40,-17,v+dWL0xGXeYUgH5lfuHGgXN2wdA=,NMDejyzt5O3fiCIB8pMgg0BPdD0=
41,-17,v+dWL0xGXeYUgH5lfuHGgXN2wdA=,NMDejyzt5O3fiCIB8pMgg0BPdD0=
39,-17,v+dWL0xGXeYUgH5lfuHGgXN2wdA=,NMDejyzt5O3fiCIB8pMgg0BPdD0=
39,-18,v+dWL0xGXeYUgH5lfuHGgXN2wdA=,NMDejyzt5O3fiCIB8pMgg0BPdD0=
38,-18,v+dWL0xGXeYUgH5lfuHGgXN2wdA=,NMDejyzt5O3fiCIB8pMgg0BPdD0=
38,-17,v+dWL0xGXeYUgH5lfuHGgXN2wdA=,NMDejyzt5O3fiCIB8pMgg0BPdD0=
35,-17,v+dWL0xGXeYUgH5lfuHGgXN2wdA=,NMDejyzt5O3fiCIB8pMgg0BPdD0=
36,-18,v+dWL0xGXeYUgH5lfuHGgXN2wdA=,NMDejyzt5O3fiCIB8pMgg0BPdD0=
37,-17,v+dWL0xGXeYUgH5lfuHGgXN2wdA=,NMDejyzt5O3fiCIB8pMgg0BPdD0=
36,-17,v+dWL0xGXeYUgH5lfuHGgXN2wdA=,NMDejyzt5O3fiCIB8pMgg0BPdD0=
34,-17,v+dWL0xGXeYUgH5lfuHGgXN2wdA=,NMDejyzt5O3fiCIB8pMgg0BPdD0=
37,-18,v+dWL0xGXeYUgH5lfuHGgXN2wdA=,NMDejyzt5O3fiCIB8pMgg0BPdD0=
35,-18,v+dWL0xGXeYUgH5lfuHGgXN2wdA=,NMDejyzt5O3fiCIB8pMgg0BPdD0=
34,-18,v+dWL0xGXeYUgH5lfuHGgXN2wdA=,NMDejyzt5O3fiCIB8pMgg0BPdD0=
33,-21,v+dWL0xGXeYUgH5lfuHGgXN2wdA=,NMDejyzt5O3fiCIB8pMgg0BPdD0=
33,-20,v+dWL0xGXeYUgH5lfuHGgXN2wdA=,NMDejyzt5O3fiCIB8pMgg0BPdD0=
32,-20,v+dWL0xGXeYUgH5lfuHGgXN2wdA=,NMDejyzt5O3fiCIB8pMgg0BPdD0=
32,-22,v+dWL0xGXeYUgH5lfuHGgXN2wdA=,NMDejyzt5O3fiCIB8pMgg0BPdD0=
33,-22,pGiwumZ9TpKo/R8EpnGqtfFq7aI=,NMDejyzt5O3fiCIB8pMgg0BPdD0=
32,-19,pGiwumZ9TpKo/R8EpnGqtfFq7aI=,NMDejyzt5O3fiCIB8pMgg0BPdD0=
33,-19,pGiwumZ9TpKo/R8EpnGqtfFq7aI=,NMDejyzt5O3fiCIB8pMgg0BPdD0=
32,-30,pGiwumZ9TpKo/R8EpnGqtfFq7aI=,NMDejyzt5O3fiCIB8pMgg0BPdD0=
32,-21,pGiwumZ9TpKo/R8EpnGqtfFq7aI=,NMDejyzt5O3fiCIB8pMgg0BPdD0=
33,-30,pGiwumZ9TpKo/R8EpnGqtfFq7aI=,NMDejyzt5O3fiCIB8pMgg0BPdD0=
32,-29,pGiwumZ9TpKo/R8EpnGqtfFq7aI=,NMDejyzt5O3fiCIB8pMgg0BPdD0=
32,-28,pGiwumZ9TpKo/R8EpnGqtfFq7aI=,NMDejyzt5O3fiCIB8pMgg0BPdD0=
32,-24,pGiwumZ9TpKo/R8EpnGqtfFq7aI=,NMDejyzt5O3fiCIB8pMgg0BPdD0=
33,-27,pGiwumZ9TpKo/R8EpnGqtfFq7aI=,NMDejyzt5O3fiCIB8pMgg0BPdD0=
33,-25,pGiwumZ9TpKo/R8EpnGqtfFq7aI=,NMDejyzt5O3fiCIB8pMgg0BPdD0=
36,-32,pGiwumZ9TpKo/R8EpnGqtfFq7aI=,NMDejyzt5O3fiCIB8pMgg0BPdD0=
33,-29,pGiwumZ9TpKo/R8EpnGqtfFq7aI=,NMDejyzt5O3fiCIB8pMgg0BPdD0=
32,-27,pGiwumZ9TpKo/R8EpnGqtfFq7aI=,NMDejyzt5O3fiCIB8pMgg0BPdD0=
32,-25,pGiwumZ9TpKo/R8EpnGqtfFq7aI=,NMDejyzt5O3fiCIB8pMgg0BPdD0=
33,-24,pGiwumZ9TpKo/R8EpnGqtfFq7aI=,NMDejyzt5O3fiCIB8pMgg0BPdD0=
33,-28,pGiwumZ9TpKo/R8EpnGqtfFq7aI=,NMDejyzt5O3fiCIB8pMgg0BPdD0=
35,-31,pGiwumZ9TpKo/R8EpnGqtfFq7aI=,NMDejyzt5O3fiCIB8pMgg0BPdD0=
32,-23,pGiwumZ9TpKo/R8EpnGqtfFq7aI=,NMDejyzt5O3fiCIB8pMgg0BPdD0=
33,-26,pGiwumZ9TpKo/R8EpnGqtfFq7aI=,NMDejyzt5O3fiCIB8pMgg0BPdD0=
32,-26,pGiwumZ9TpKo/R8EpnGqtfFq7aI=,NMDejyzt5O3fiCIB8pMgg0BPdD0=
34,-31,pGiwumZ9TpKo/R8EpnGqtfFq7aI=,NMDejyzt5O3fiCIB8pMgg0BPdD0=
35,-32,pGiwumZ9TpKo/R8EpnGqtfFq7aI=,NMDejyzt5O3fiCIB8pMgg0BPdD0=
33,-23,pGiwumZ9TpKo/R8EpnGqtfFq7aI=,NMDejyzt5O3fiCIB8pMgg0BPdD0=
36,-31,pGiwumZ9TpKo/R8EpnGqtfFq7aI=,NMDejyzt5O3fiCIB8pMgg0BPdD0=
37,-32,pGiwumZ9TpKo/R8EpnGqtfFq7aI=,NMDejyzt5O3fiCIB8pMgg0BPdD0=
37,-31,pGiwumZ9TpKo/R8EpnGqtfFq7aI=,NMDejyzt5O3fiCIB8pMgg0BPdD0=
34,-32,pGiwumZ9TpKo/R8EpnGqtfFq7aI=,NMDejyzt5O3fiCIB8pMgg0BPdD0=
42,-31,pGiwumZ9TpKo/R8EpnGqtfFq7aI=,NMDejyzt5O3fiCIB8pMgg0BPdD0=
43,-32,pGiwumZ9TpKo/R8EpnGqtfFq7aI=,NMDejyzt5O3fiCIB8pMgg0BPdD0=
43,-31,pGiwumZ9TpKo/R8EpnGqtfFq7aI=,NMDejyzt5O3fiCIB8pMgg0BPdD0=
42,-32,pGiwumZ9TpKo/R8EpnGqtfFq7aI=,NMDejyzt5O3fiCIB8pMgg0BPdD0=
42,-18,pGiwumZ9TpKo/R8EpnGqtfFq7aI=,NMDejyzt5O3fiCIB8pMgg0BPdD0=
42,-17,pGiwumZ9TpKo/R8EpnGqtfFq7aI=,NMDejyzt5O3fiCIB8pMgg0BPdD0=
43,-18,pGiwumZ9TpKo/R8EpnGqtfFq7aI=,NMDejyzt5O3fiCIB8pMgg0BPdD0=
43,-17,pGiwumZ9TpKo/R8EpnGqtfFq7aI=,NMDejyzt5O3fiCIB8pMgg0BPdD0=
32,-31,pGiwumZ9TpKo/R8EpnGqtfFq7aI=,NMDejyzt5O3fiCIB8pMgg0BPdD0=
32,-18,pGiwumZ9TpKo/R8EpnGqtfFq7aI=,NMDejyzt5O3fiCIB8pMgg0BPdD0=
32,-17,pGiwumZ9TpKo/R8EpnGqtfFq7aI=,NMDejyzt5O3fiCIB8pMgg0BPdD0=
33,-31,pGiwumZ9TpKo/R8EpnGqtfFq7aI=,NMDejyzt5O3fiCIB8pMgg0BPdD0=
32,-32,pGiwumZ9TpKo/R8EpnGqtfFq7aI=,NMDejyzt5O3fiCIB8pMgg0BPdD0=
33,-17,pGiwumZ9TpKo/R8EpnGqtfFq7aI=,NMDejyzt5O3fiCIB8pMgg0BPdD0=
33,-18,pGiwumZ9TpKo/R8EpnGqtfFq7aI=,NMDejyzt5O3fiCIB8pMgg0BPdD0=
33,-32,pGiwumZ9TpKo/R8EpnGqtfFq7aI=,NMDejyzt5O3fiCIB8pMgg0BPdD0=
40,-5,kFpBnwM37XSppXKHVJgFlb9aakM=,NMDejyzt5O3fiCIB8pMgg0BPdD0=
41,-5,kFpBnwM37XSppXKHVJgFlb9aakM=,NMDejyzt5O3fiCIB8pMgg0BPdD0=
40,-4,kFpBnwM37XSppXKHVJgFlb9aakM=,NMDejyzt5O3fiCIB8pMgg0BPdD0=
41,-4,kFpBnwM37XSppXKHVJgFlb9aakM=,NMDejyzt5O3fiCIB8pMgg0BPdD0=
40,-6,kFpBnwM37XSppXKHVJgFlb9aakM=,NMDejyzt5O3fiCIB8pMgg0BPdD0=
41,-6,kFpBnwM37XSppXKHVJgFlb9aakM=,NMDejyzt5O3fiCIB8pMgg0BPdD0=
40,-3,kFpBnwM37XSppXKHVJgFlb9aakM=,NMDejyzt5O3fiCIB8pMgg0BPdD0=
41,-3,kFpBnwM37XSppXKHVJgFlb9aakM=,NMDejyzt5O3fiCIB8pMgg0BPdD0=
39,-3,kFpBnwM37XSppXKHVJgFlb9aakM=,NMDejyzt5O3fiCIB8pMgg0BPdD0=
39,-5,kFpBnwM37XSppXKHVJgFlb9aakM=,NMDejyzt5O3fiCIB8pMgg0BPdD0=
39,-4,kFpBnwM37XSppXKHVJgFlb9aakM=,NMDejyzt5O3fiCIB8pMgg0BPdD0=
39,-6,kFpBnwM37XSppXKHVJgFlb9aakM=,NMDejyzt5O3fiCIB8pMgg0BPdD0=
38,-6,kFpBnwM37XSppXKHVJgFlb9aakM=,NMDejyzt5O3fiCIB8pMgg0BPdD0=
38,-3,kFpBnwM37XSppXKHVJgFlb9aakM=,NMDejyzt5O3fiCIB8pMgg0BPdD0=
38,-4,kFpBnwM37XSppXKHVJgFlb9aakM=,NMDejyzt5O3fiCIB8pMgg0BPdD0=
38,-5,kFpBnwM37XSppXKHVJgFlb9aakM=,NMDejyzt5O3fiCIB8pMgg0BPdD0=
40,-7,kFpBnwM37XSppXKHVJgFlb9aakM=,NMDejyzt5O3fiCIB8pMgg0BPdD0=
41,-7,kFpBnwM37XSppXKHVJgFlb9aakM=,NMDejyzt5O3fiCIB8pMgg0BPdD0=
41,-9,kFpBnwM37XSppXKHVJgFlb9aakM=,NMDejyzt5O3fiCIB8pMgg0BPdD0=
40,-9,kFpBnwM37XSppXKHVJgFlb9aakM=,NMDejyzt5O3fiCIB8pMgg0BPdD0=
41,-10,kFpBnwM37XSppXKHVJgFlb9aakM=,NMDejyzt5O3fiCIB8pMgg0BPdD0=
40,-10,kFpBnwM37XSppXKHVJgFlb9aakM=,NMDejyzt5O3fiCIB8pMgg0BPdD0=
41,-8,kFpBnwM37XSppXKHVJgFlb9aakM=,NMDejyzt5O3fiCIB8pMgg0BPdD0=
40,-8,kFpBnwM37XSppXKHVJgFlb9aakM=,NMDejyzt5O3fiCIB8pMgg0BPdD0=
39,-8,kFpBnwM37XSppXKHVJgFlb9aakM=,NMDejyzt5O3fiCIB8pMgg0BPdD0=
39,-7,kFpBnwM37XSppXKHVJgFlb9aakM=,NMDejyzt5O3fiCIB8pMgg0BPdD0=
39,-9,kFpBnwM37XSppXKHVJgFlb9aakM=,NMDejyzt5O3fiCIB8pMgg0BPdD0=
38,-10,kFpBnwM37XSppXKHVJgFlb9aakM=,NMDejyzt5O3fiCIB8pMgg0BPdD0=
38,-7,kFpBnwM37XSppXKHVJgFlb9aakM=,NMDejyzt5O3fiCIB8pMgg0BPdD0=
38,-8,kFpBnwM37XSppXKHVJgFlb9aakM=,NMDejyzt5O3fiCIB8pMgg0BPdD0=
38,-9,kFpBnwM37XSppXKHVJgFlb9aakM=,NMDejyzt5O3fiCIB8pMgg0BPdD0=
39,-10,kFpBnwM37XSppXKHVJgFlb9aakM=,NMDejyzt5O3fiCIB8pMgg0BPdD0=
35,-14,EPhqBHbSG8g4ZXw+dVuRvYNvfMA=,NMDejyzt5O3fiCIB8pMgg0BPdD0=
36,-10,EPhqBHbSG8g4ZXw+dVuRvYNvfMA=,NMDejyzt5O3fiCIB8pMgg0BPdD0=
35,-13,EPhqBHbSG8g4ZXw+dVuRvYNvfMA=,NMDejyzt5O3fiCIB8pMgg0BPdD0=
36,-12,EPhqBHbSG8g4ZXw+dVuRvYNvfMA=,NMDejyzt5O3fiCIB8pMgg0BPdD0=
37,-10,EPhqBHbSG8g4ZXw+dVuRvYNvfMA=,NMDejyzt5O3fiCIB8pMgg0BPdD0=
34,-13,EPhqBHbSG8g4ZXw+dVuRvYNvfMA=,NMDejyzt5O3fiCIB8pMgg0BPdD0=
36,-14,EPhqBHbSG8g4ZXw+dVuRvYNvfMA=,NMDejyzt5O3fiCIB8pMgg0BPdD0=
37,-12,EPhqBHbSG8g4ZXw+dVuRvYNvfMA=,NMDejyzt5O3fiCIB8pMgg0BPdD0=
34,-14,EPhqBHbSG8g4ZXw+dVuRvYNvfMA=,NMDejyzt5O3fiCIB8pMgg0BPdD0=
37,-9,EPhqBHbSG8g4ZXw+dVuRvYNvfMA=,NMDejyzt5O3fiCIB8pMgg0BPdD0=
34,-9,EPhqBHbSG8g4ZXw+dVuRvYNvfMA=,NMDejyzt5O3fiCIB8pMgg0BPdD0=
37,-13,EPhqBHbSG8g4ZXw+dVuRvYNvfMA=,NMDejyzt5O3fiCIB8pMgg0BPdD0=
36,-13,EPhqBHbSG8g4ZXw+dVuRvYNvfMA=,NMDejyzt5O3fiCIB8pMgg0BPdD0=
37,-14,EPhqBHbSG8g4ZXw+dVuRvYNvfMA=,NMDejyzt5O3fiCIB8pMgg0BPdD0=
36,-8,EPhqBHbSG8g4ZXw+dVuRvYNvfMA=,NMDejyzt5O3fiCIB8pMgg0BPdD0=
36,-9,EPhqBHbSG8g4ZXw+dVuRvYNvfMA=,NMDejyzt5O3fiCIB8pMgg0BPdD0=
35,-11,EPhqBHbSG8g4ZXw+dVuRvYNvfMA=,NMDejyzt5O3fiCIB8pMgg0BPdD0=
37,-8,EPhqBHbSG8g4ZXw+dVuRvYNvfMA=,NMDejyzt5O3fiCIB8pMgg0BPdD0=
34,-10,EPhqBHbSG8g4ZXw+dVuRvYNvfMA=,NMDejyzt5O3fiCIB8pMgg0BPdD0=
35,-9,EPhqBHbSG8g4ZXw+dVuRvYNvfMA=,NMDejyzt5O3fiCIB8pMgg0BPdD0=
35,-12,EPhqBHbSG8g4ZXw+dVuRvYNvfMA=,NMDejyzt5O3fiCIB8pMgg0BPdD0=
34,-11,EPhqBHbSG8g4ZXw+dVuRvYNvfMA=,NMDejyzt5O3fiCIB8pMgg0BPdD0=
37,-11,EPhqBHbSG8g4ZXw+dVuRvYNvfMA=,NMDejyzt5O3fiCIB8pMgg0BPdD0=
36,-7,EPhqBHbSG8g4ZXw+dVuRvYNvfMA=,NMDejyzt5O3fiCIB8pMgg0BPdD0=
35,-10,EPhqBHbSG8g4ZXw+dVuRvYNvfMA=,NMDejyzt5O3fiCIB8pMgg0BPdD0=
36,-11,EPhqBHbSG8g4ZXw+dVuRvYNvfMA=,NMDejyzt5O3fiCIB8pMgg0BPdD0=
34,-8,EPhqBHbSG8g4ZXw+dVuRvYNvfMA=,NMDejyzt5O3fiCIB8pMgg0BPdD0=
34,-12,EPhqBHbSG8g4ZXw+dVuRvYNvfMA=,NMDejyzt5O3fiCIB8pMgg0BPdD0=
37,-7,EPhqBHbSG8g4ZXw+dVuRvYNvfMA=,NMDejyzt5O3fiCIB8pMgg0BPdD0=
36,-3,EPhqBHbSG8g4ZXw+dVuRvYNvfMA=,NMDejyzt5O3fiCIB8pMgg0BPdD0=
37,-3,EPhqBHbSG8g4ZXw+dVuRvYNvfMA=,NMDejyzt5O3fiCIB8pMgg0BPdD0=
34,-4,EPhqBHbSG8g4ZXw+dVuRvYNvfMA=,NMDejyzt5O3fiCIB8pMgg0BPdD0=
37,-5,EPhqBHbSG8g4ZXw+dVuRvYNvfMA=,NMDejyzt5O3fiCIB8pMgg0BPdD0=
36,-5,EPhqBHbSG8g4ZXw+dVuRvYNvfMA=,NMDejyzt5O3fiCIB8pMgg0BPdD0=
34,-6,EPhqBHbSG8g4ZXw+dVuRvYNvfMA=,NMDejyzt5O3fiCIB8pMgg0BPdD0=
35,-5,EPhqBHbSG8g4ZXw+dVuRvYNvfMA=,NMDejyzt5O3fiCIB8pMgg0BPdD0=
35,-8,EPhqBHbSG8g4ZXw+dVuRvYNvfMA=,NMDejyzt5O3fiCIB8pMgg0BPdD0=
35,-7,EPhqBHbSG8g4ZXw+dVuRvYNvfMA=,NMDejyzt5O3fiCIB8pMgg0BPdD0=
35,-6,EPhqBHbSG8g4ZXw+dVuRvYNvfMA=,NMDejyzt5O3fiCIB8pMgg0BPdD0=
35,-3,EPhqBHbSG8g4ZXw+dVuRvYNvfMA=,NMDejyzt5O3fiCIB8pMgg0BPdD0=
37,-6,EPhqBHbSG8g4ZXw+dVuRvYNvfMA=,NMDejyzt5O3fiCIB8pMgg0BPdD0=
34,-5,EPhqBHbSG8g4ZXw+dVuRvYNvfMA=,NMDejyzt5O3fiCIB8pMgg0BPdD0=
36,-6,EPhqBHbSG8g4ZXw+dVuRvYNvfMA=,NMDejyzt5O3fiCIB8pMgg0BPdD0=
35,-4,EPhqBHbSG8g4ZXw+dVuRvYNvfMA=,NMDejyzt5O3fiCIB8pMgg0BPdD0=
37,-4,EPhqBHbSG8g4ZXw+dVuRvYNvfMA=,NMDejyzt5O3fiCIB8pMgg0BPdD0=
34,-3,EPhqBHbSG8g4ZXw+dVuRvYNvfMA=,NMDejyzt5O3fiCIB8pMgg0BPdD0=
36,-4,EPhqBHbSG8g4ZXw+dVuRvYNvfMA=,NMDejyzt5O3fiCIB8pMgg0BPdD0=
34,-7,EPhqBHbSG8g4ZXw+dVuRvYNvfMA=,NMDejyzt5O3fiCIB8pMgg0BPdD0=
32,-9,EPhqBHbSG8g4ZXw+dVuRvYNvfMA=,NMDejyzt5O3fiCIB8pMgg0BPdD0=
32,-10,EPhqBHbSG8g4ZXw+dVuRvYNvfMA=,NMDejyzt5O3fiCIB8pMgg0BPdD0=
33,-9,EPhqBHbSG8g4ZXw+dVuRvYNvfMA=,NMDejyzt5O3fiCIB8pMgg0BPdD0=
32,-8,EPhqBHbSG8g4ZXw+dVuRvYNvfMA=,NMDejyzt5O3fiCIB8pMgg0BPdD0=
33,-10,EPhqBHbSG8g4ZXw+dVuRvYNvfMA=,NMDejyzt5O3fiCIB8pMgg0BPdD0=
33,-8,EPhqBHbSG8g4ZXw+dVuRvYNvfMA=,NMDejyzt5O3fiCIB8pMgg0BPdD0=
32,-7,EPhqBHbSG8g4ZXw+dVuRvYNvfMA=,NMDejyzt5O3fiCIB8pMgg0BPdD0=
33,-7,EPhqBHbSG8g4ZXw+dVuRvYNvfMA=,NMDejyzt5O3fiCIB8pMgg0BPdD0=
42,-9,EPhqBHbSG8g4ZXw+dVuRvYNvfMA=,NMDejyzt5O3fiCIB8pMgg0BPdD0=
43,-9,EPhqBHbSG8g4ZXw+dVuRvYNvfMA=,NMDejyzt5O3fiCIB8pMgg0BPdD0=
42,-4,EPhqBHbSG8g4ZXw+dVuRvYNvfMA=,NMDejyzt5O3fiCIB8pMgg0BPdD0=
43,-6,EPhqBHbSG8g4ZXw+dVuRvYNvfMA=,NMDejyzt5O3fiCIB8pMgg0BPdD0=
43,-4,EPhqBHbSG8g4ZXw+dVuRvYNvfMA=,NMDejyzt5O3fiCIB8pMgg0BPdD0=
42,-6,EPhqBHbSG8g4ZXw+dVuRvYNvfMA=,NMDejyzt5O3fiCIB8pMgg0BPdD0=
42,-5,EPhqBHbSG8g4ZXw+dVuRvYNvfMA=,NMDejyzt5O3fiCIB8pMgg0BPdD0=
43,-3,EPhqBHbSG8g4ZXw+dVuRvYNvfMA=,NMDejyzt5O3fiCIB8pMgg0BPdD0=
43,-5,EPhqBHbSG8g4ZXw+dVuRvYNvfMA=,NMDejyzt5O3fiCIB8pMgg0BPdD0=
43,-7,EPhqBHbSG8g4ZXw+dVuRvYNvfMA=,NMDejyzt5O3fiCIB8pMgg0BPdD0=
42,-8,EPhqBHbSG8g4ZXw+dVuRvYNvfMA=,NMDejyzt5O3fiCIB8pMgg0BPdD0=
43,-10,EPhqBHbSG8g4ZXw+dVuRvYNvfMA=,NMDejyzt5O3fiCIB8pMgg0BPdD0=
42,-3,EPhqBHbSG8g4ZXw+dVuRvYNvfMA=,NMDejyzt5O3fiCIB8pMgg0BPdD0=
43,-8,EPhqBHbSG8g4ZXw+dVuRvYNvfMA=,NMDejyzt5O3fiCIB8pMgg0BPdD0=
42,-7,EPhqBHbSG8g4ZXw+dVuRvYNvfMA=,NMDejyzt5O3fiCIB8pMgg0BPdD0=
42,-10,EPhqBHbSG8g4ZXw+dVuRvYNvfMA=,NMDejyzt5O3fiCIB8pMgg0BPdD0=
40,-2,EPhqBHbSG8g4ZXw+dVuRvYNvfMA=,NMDejyzt5O3fiCIB8pMgg0BPdD0=
41,-2,dwME9rq0oKneaU3hXITxqFpj0yg=,NMDejyzt5O3fiCIB8pMgg0BPdD0=
32,-1,dwME9rq0oKneaU3hXITxqFpj0yg=,NMDejyzt5O3fiCIB8pMgg0BPdD0=
32,-2,dwME9rq0oKneaU3hXITxqFpj0yg=,NMDejyzt5O3fiCIB8pMgg0BPdD0=
33,-3,dwME9rq0oKneaU3hXITxqFpj0yg=,NMDejyzt5O3fiCIB8pMgg0BPdD0=
33,-2,dwME9rq0oKneaU3hXITxqFpj0yg=,NMDejyzt5O3fiCIB8pMgg0BPdD0=
36,-2,dwME9rq0oKneaU3hXITxqFpj0yg=,NMDejyzt5O3fiCIB8pMgg0BPdD0=
32,-5,dwME9rq0oKneaU3hXITxqFpj0yg=,NMDejyzt5O3fiCIB8pMgg0BPdD0=
41,-1,dwME9rq0oKneaU3hXITxqFpj0yg=,NMDejyzt5O3fiCIB8pMgg0BPdD0=
33,-5,dwME9rq0oKneaU3hXITxqFpj0yg=,NMDejyzt5O3fiCIB8pMgg0BPdD0=
32,-3,dwME9rq0oKneaU3hXITxqFpj0yg=,NMDejyzt5O3fiCIB8pMgg0BPdD0=
40,-1,dwME9rq0oKneaU3hXITxqFpj0yg=,NMDejyzt5O3fiCIB8pMgg0BPdD0=
39,-1,dwME9rq0oKneaU3hXITxqFpj0yg=,NMDejyzt5O3fiCIB8pMgg0BPdD0=
35,-1,dwME9rq0oKneaU3hXITxqFpj0yg=,NMDejyzt5O3fiCIB8pMgg0BPdD0=
32,-6,dwME9rq0oKneaU3hXITxqFpj0yg=,NMDejyzt5O3fiCIB8pMgg0BPdD0=
32,-4,dwME9rq0oKneaU3hXITxqFpj0yg=,NMDejyzt5O3fiCIB8pMgg0BPdD0=
35,-2,dwME9rq0oKneaU3hXITxqFpj0yg=,NMDejyzt5O3fiCIB8pMgg0BPdD0=
34,-1,dwME9rq0oKneaU3hXITxqFpj0yg=,NMDejyzt5O3fiCIB8pMgg0BPdD0=
38,-1,dwME9rq0oKneaU3hXITxqFpj0yg=,NMDejyzt5O3fiCIB8pMgg0BPdD0=
39,-2,dwME9rq0oKneaU3hXITxqFpj0yg=,NMDejyzt5O3fiCIB8pMgg0BPdD0=
37,-2,dwME9rq0oKneaU3hXITxqFpj0yg=,NMDejyzt5O3fiCIB8pMgg0BPdD0=
41,-13,dwME9rq0oKneaU3hXITxqFpj0yg=,NMDejyzt5O3fiCIB8pMgg0BPdD0=
34,-2,dwME9rq0oKneaU3hXITxqFpj0yg=,NMDejyzt5O3fiCIB8pMgg0BPdD0=
40,-13,dwME9rq0oKneaU3hXITxqFpj0yg=,NMDejyzt5O3fiCIB8pMgg0BPdD0=
37,-1,dwME9rq0oKneaU3hXITxqFpj0yg=,NMDejyzt5O3fiCIB8pMgg0BPdD0=
41,-11,dwME9rq0oKneaU3hXITxqFpj0yg=,NMDejyzt5O3fiCIB8pMgg0BPdD0=
40,-11,dwME9rq0oKneaU3hXITxqFpj0yg=,NMDejyzt5O3fiCIB8pMgg0BPdD0=
40,-12,dwME9rq0oKneaU3hXITxqFpj0yg=,NMDejyzt5O3fiCIB8pMgg0BPdD0=
41,-12,dwME9rq0oKneaU3hXITxqFpj0yg=,NMDejyzt5O3fiCIB8pMgg0BPdD0=
41,-14,dwME9rq0oKneaU3hXITxqFpj0yg=,NMDejyzt5O3fiCIB8pMgg0BPdD0=
40,-14,dwME9rq0oKneaU3hXITxqFpj0yg=,NMDejyzt5O3fiCIB8pMgg0BPdD0=
33,-1,dwME9rq0oKneaU3hXITxqFpj0yg=,NMDejyzt5O3fiCIB8pMgg0BPdD0=
36,-1,dwME9rq0oKneaU3hXITxqFpj0yg=,NMDejyzt5O3fiCIB8pMgg0BPdD0=
39,-13,dwME9rq0oKneaU3hXITxqFpj0yg=,NMDejyzt5O3fiCIB8pMgg0BPdD0=
39,-14,dwME9rq0oKneaU3hXITxqFpj0yg=,NMDejyzt5O3fiCIB8pMgg0BPdD0=
33,-6,dwME9rq0oKneaU3hXITxqFpj0yg=,NMDejyzt5O3fiCIB8pMgg0BPdD0=
33,-4,dwME9rq0oKneaU3hXITxqFpj0yg=,NMDejyzt5O3fiCIB8pMgg0BPdD0=
39,-11,dwME9rq0oKneaU3hXITxqFpj0yg=,NMDejyzt5O3fiCIB8pMgg0BPdD0=
39,-12,dwME9rq0oKneaU3hXITxqFpj0yg=,NMDejyzt5O3fiCIB8pMgg0BPdD0=
38,-11,dwME9rq0oKneaU3hXITxqFpj0yg=,NMDejyzt5O3fiCIB8pMgg0BPdD0=
38,-14,dwME9rq0oKneaU3hXITxqFpj0yg=,NMDejyzt5O3fiCIB8pMgg0BPdD0=
38,-2,dwME9rq0oKneaU3hXITxqFpj0yg=,NMDejyzt5O3fiCIB8pMgg0BPdD0=
38,-12,dwME9rq0oKneaU3hXITxqFpj0yg=,NMDejyzt5O3fiCIB8pMgg0BPdD0=
38,-13,dwME9rq0oKneaU3hXITxqFpj0yg=,NMDejyzt5O3fiCIB8pMgg0BPdD0=
43,-13,dwME9rq0oKneaU3hXITxqFpj0yg=,NMDejyzt5O3fiCIB8pMgg0BPdD0=
43,-12,dwME9rq0oKneaU3hXITxqFpj0yg=,NMDejyzt5O3fiCIB8pMgg0BPdD0=
42,-13,dwME9rq0oKneaU3hXITxqFpj0yg=,NMDejyzt5O3fiCIB8pMgg0BPdD0=
42,-14,dwME9rq0oKneaU3hXITxqFpj0yg=,NMDejyzt5O3fiCIB8pMgg0BPdD0=
42,-11,dwME9rq0oKneaU3hXITxqFpj0yg=,NMDejyzt5O3fiCIB8pMgg0BPdD0=
43,-11,dwME9rq0oKneaU3hXITxqFpj0yg=,NMDejyzt5O3fiCIB8pMgg0BPdD0=
43,-14,dwME9rq0oKneaU3hXITxqFpj0yg=,NMDejyzt5O3fiCIB8pMgg0BPdD0=
42,-12,dwME9rq0oKneaU3hXITxqFpj0yg=,NMDejyzt5O3fiCIB8pMgg0BPdD0=
42,-16,dwME9rq0oKneaU3hXITxqFpj0yg=,NMDejyzt5O3fiCIB8pMgg0BPdD0=
43,-15,dwME9rq0oKneaU3hXITxqFpj0yg=,NMDejyzt5O3fiCIB8pMgg0BPdD0=
42,-15,dwME9rq0oKneaU3hXITxqFpj0yg=,NMDejyzt5O3fiCIB8pMgg0BPdD0=
43,-16,dwME9rq0oKneaU3hXITxqFpj0yg=,NMDejyzt5O3fiCIB8pMgg0BPdD0=
42,-2,dwME9rq0oKneaU3hXITxqFpj0yg=,NMDejyzt5O3fiCIB8pMgg0BPdD0=
43,-2,dwME9rq0oKneaU3hXITxqFpj0yg=,NMDejyzt5O3fiCIB8pMgg0BPdD0=
42,-1,dwME9rq0oKneaU3hXITxqFpj0yg=,NMDejyzt5O3fiCIB8pMgg0BPdD0=
43,-1,dwME9rq0oKneaU3hXITxqFpj0yg=,NMDejyzt5O3fiCIB8pMgg0BPdD0=
33,-14,dwME9rq0oKneaU3hXITxqFpj0yg=,NMDejyzt5O3fiCIB8pMgg0BPdD0=
32,-13,dwME9rq0oKneaU3hXITxqFpj0yg=,NMDejyzt5O3fiCIB8pMgg0BPdD0=
33,-13,dwME9rq0oKneaU3hXITxqFpj0yg=,NMDejyzt5O3fiCIB8pMgg0BPdD0=
41,-15,dwME9rq0oKneaU3hXITxqFpj0yg=,NMDejyzt5O3fiCIB8pMgg0BPdD0=
40,-15,dwME9rq0oKneaU3hXITxqFpj0yg=,NMDejyzt5O3fiCIB8pMgg0BPdD0=
41,-16,dwME9rq0oKneaU3hXITxqFpj0yg=,NMDejyzt5O3fiCIB8pMgg0BPdD0=
40,-16,dwME9rq0oKneaU3hXITxqFpj0yg=,NMDejyzt5O3fiCIB8pMgg0BPdD0=
33,-11,dwME9rq0oKneaU3hXITxqFpj0yg=,NMDejyzt5O3fiCIB8pMgg0BPdD0=
32,-12,dwME9rq0oKneaU3hXITxqFpj0yg=,NMDejyzt5O3fiCIB8pMgg0BPdD0=
32,-11,dwME9rq0oKneaU3hXITxqFpj0yg=,NMDejyzt5O3fiCIB8pMgg0BPdD0=
32,-14,dwME9rq0oKneaU3hXITxqFpj0yg=,NMDejyzt5O3fiCIB8pMgg0BPdD0=
39,-16,dwME9rq0oKneaU3hXITxqFpj0yg=,NMDejyzt5O3fiCIB8pMgg0BPdD0=
39,-15,dwME9rq0oKneaU3hXITxqFpj0yg=,NMDejyzt5O3fiCIB8pMgg0BPdD0=
34,-15,dwME9rq0oKneaU3hXITxqFpj0yg=,NMDejyzt5O3fiCIB8pMgg0BPdD0=
32,-15,dwME9rq0oKneaU3hXITxqFpj0yg=,NMDejyzt5O3fiCIB8pMgg0BPdD0=
35,-16,dwME9rq0oKneaU3hXITxqFpj0yg=,NMDejyzt5O3fiCIB8pMgg0BPdD0=
38,-15,dwME9rq0oKneaU3hXITxqFpj0yg=,NMDejyzt5O3fiCIB8pMgg0BPdD0=
38,-16,dwME9rq0oKneaU3hXITxqFpj0yg=,NMDejyzt5O3fiCIB8pMgg0BPdD0=
37,-15,dwME9rq0oKneaU3hXITxqFpj0yg=,NMDejyzt5O3fiCIB8pMgg0BPdD0=
33,-12,dwME9rq0oKneaU3hXITxqFpj0yg=,NMDejyzt5O3fiCIB8pMgg0BPdD0=
35,-15,dwME9rq0oKneaU3hXITxqFpj0yg=,NMDejyzt5O3fiCIB8pMgg0BPdD0=
34,-16,dwME9rq0oKneaU3hXITxqFpj0yg=,NMDejyzt5O3fiCIB8pMgg0BPdD0=
33,-15,dwME9rq0oKneaU3hXITxqFpj0yg=,NMDejyzt5O3fiCIB8pMgg0BPdD0=
36,-16,dwME9rq0oKneaU3hXITxqFpj0yg=,NMDejyzt5O3fiCIB8pMgg0BPdD0=
36,-15,dwME9rq0oKneaU3hXITxqFpj0yg=,NMDejyzt5O3fiCIB8pMgg0BPdD0=
32,-16,dwME9rq0oKneaU3hXITxqFpj0yg=,NMDejyzt5O3fiCIB8pMgg0BPdD0=
33,-16,dwME9rq0oKneaU3hXITxqFpj0yg=,NMDejyzt5O3fiCIB8pMgg0BPdD0=
37,-16,dwME9rq0oKneaU3hXITxqFpj0yg=,NMDejyzt5O3fiCIB8pMgg0BPdD0=
