-5,-76,dwSW6utrzEth7Y5QICL3YgqzxCk=,+rAhCSTL89Qxwn1ielzjkpklFKg=
-4,-76,dwSW6utrzEth7Y5QICL3YgqzxCk=,+rAhCSTL89Qxwn1ielzjkpklFKg=
-5,-77,dwSW6utrzEth7Y5QICL3YgqzxCk=,+rAhCSTL89Qxwn1ielzjkpklFKg=
-4,-77,dwSW6utrzEth7Y5QICL3YgqzxCk=,+rAhCSTL89Qxwn1ielzjkpklFKg=
-5,-80,dwSW6utrzEth7Y5QICL3YgqzxCk=,+rAhCSTL89Qxwn1ielzjkpklFKg=
-4,-80,dwSW6utrzEth7Y5QICL3YgqzxCk=,+rAhCSTL89Qxwn1ielzjkpklFKg=
-4,-78,dwSW6utrzEth7Y5QICL3YgqzxCk=,+rAhCSTL89Qxwn1ielzjkpklFKg=
-5,-78,dwSW6utrzEth7Y5QICL3YgqzxCk=,+rAhCSTL89Qxwn1ielzjkpklFKg=
-11,-78,dwSW6utrzEth7Y5QICL3YgqzxCk=,GPLByJfNx1x712JO5CfOEiLWqgI=
-7,-80,dwSW6utrzEth7Y5QICL3YgqzxCk=,+rAhCSTL89Qxwn1ielzjkpklFKg=
-8,-80,dwSW6utrzEth7Y5QICL3YgqzxCk=,+rAhCSTL89Qxwn1ielzjkpklFKg=
-5,-79,dwSW6utrzEth7Y5QICL3YgqzxCk=,+rAhCSTL89Qxwn1ielzjkpklFKg=
-10,-78,dwSW6utrzEth7Y5QICL3YgqzxCk=,GPLByJfNx1x712JO5CfOEiLWqgI=
-4,-79,dwSW6utrzEth7Y5QICL3YgqzxCk=,+rAhCSTL89Qxwn1ielzjkpklFKg=
-12,-78,dwSW6utrzEth7Y5QICL3YgqzxCk=,GPLByJfNx1x712JO5CfOEiLWqgI=
-6,-78,dwSW6utrzEth7Y5QICL3YgqzxCk=,+rAhCSTL89Qxwn1ielzjkpklFKg=
-8,-77,dwSW6utrzEth7Y5QICL3YgqzxCk=,+rAhCSTL89Qxwn1ielzjkpklFKg=
-7,-77,dwSW6utrzEth7Y5QICL3YgqzxCk=,+rAhCSTL89Qxwn1ielzjkpklFKg=
-6,-79,dwSW6utrzEth7Y5QICL3YgqzxCk=,+rAhCSTL89Qxwn1ielzjkpklFKg=
-11,-79,dwSW6utrzEth7Y5QICL3YgqzxCk=,GPLByJfNx1x712JO5CfOEiLWqgI=
-8,-76,dwSW6utrzEth7Y5QICL3YgqzxCk=,+rAhCSTL89Qxwn1ielzjkpklFKg=
-9,-80,dwSW6utrzEth7Y5QICL3YgqzxCk=,GPLByJfNx1x712JO5CfOEiLWqgI=
-10,-80,dwSW6utrzEth7Y5QICL3YgqzxCk=,GPLByJfNx1x712JO5CfOEiLWqgI=
-11,-80,dwSW6utrzEth7Y5QICL3YgqzxCk=,GPLByJfNx1x712JO5CfOEiLWqgI=
-12,-80,dwSW6utrzEth7Y5QICL3YgqzxCk=,GPLByJfNx1x712JO5CfOEiLWqgI=
-6,-80,dwSW6utrzEth7Y5QICL3YgqzxCk=,+rAhCSTL89Qxwn1ielzjkpklFKg=
-8,-78,dwSW6utrzEth7Y5QICL3YgqzxCk=,+rAhCSTL89Qxwn1ielzjkpklFKg=
-12,-79,dwSW6utrzEth7Y5QICL3YgqzxCk=,GPLByJfNx1x712JO5CfOEiLWqgI=
-13,-79,dwSW6utrzEth7Y5QICL3YgqzxCk=,GPLByJfNx1x712JO5CfOEiLWqgI=
-6,-77,dwSW6utrzEth7Y5QICL3YgqzxCk=,+rAhCSTL89Qxwn1ielzjkpklFKg=
-7,-79,dwSW6utrzEth7Y5QICL3YgqzxCk=,+rAhCSTL89Qxwn1ielzjkpklFKg=
-8,-79,dwSW6utrzEth7Y5QICL3YgqzxCk=,+rAhCSTL89Qxwn1ielzjkpklFKg=
-9,-76,dwSW6utrzEth7Y5QICL3YgqzxCk=,GPLByJfNx1x712JO5CfOEiLWqgI=
-13,-80,dwSW6utrzEth7Y5QICL3YgqzxCk=,GPLByJfNx1x712JO5CfOEiLWqgI=
-7,-76,dwSW6utrzEth7Y5QICL3YgqzxCk=,+rAhCSTL89Qxwn1ielzjkpklFKg=
-10,-76,dwSW6utrzEth7Y5QICL3YgqzxCk=,GPLByJfNx1x712JO5CfOEiLWqgI=
-12,-76,dwSW6utrzEth7Y5QICL3YgqzxCk=,GPLByJfNx1x712JO5CfOEiLWqgI=
-13,-76,dwSW6utrzEth7Y5QICL3YgqzxCk=,GPLByJfNx1x712JO5CfOEiLWqgI=
-9,-77,dwSW6utrzEth7Y5QICL3YgqzxCk=,GPLByJfNx1x712JO5CfOEiLWqgI=
-9,-78,dwSW6utrzEth7Y5QICL3YgqzxCk=,GPLByJfNx1x712JO5CfOEiLWqgI=
-11,-77,dwSW6utrzEth7Y5QICL3YgqzxCk=,GPLByJfNx1x712JO5CfOEiLWqgI=
-13,-77,dwSW6utrzEth7Y5QICL3YgqzxCk=,GPLByJfNx1x712JO5CfOEiLWqgI=
-6,-76,dwSW6utrzEth7Y5QICL3YgqzxCk=,+rAhCSTL89Qxwn1ielzjkpklFKg=
-13,-78,dwSW6utrzEth7Y5QICL3YgqzxCk=,GPLByJfNx1x712JO5CfOEiLWqgI=
-10,-79,dwSW6utrzEth7Y5QICL3YgqzxCk=,GPLByJfNx1x712JO5CfOEiLWqgI=
-9,-79,dwSW6utrzEth7Y5QICL3YgqzxCk=,GPLByJfNx1x712JO5CfOEiLWqgI=
-7,-78,dwSW6utrzEth7Y5QICL3YgqzxCk=,+rAhCSTL89Qxwn1ielzjkpklFKg=
-12,-77,dwSW6utrzEth7Y5QICL3YgqzxCk=,GPLByJfNx1x712JO5CfOEiLWqgI=
-11,-76,dwSW6utrzEth7Y5QICL3YgqzxCk=,GPLByJfNx1x712JO5CfOEiLWqgI=
-10,-77,dwSW6utrzEth7Y5QICL3YgqzxCk=,GPLByJfNx1x712JO5CfOEiLWqgI=
-12,-70,dwSW6utrzEth7Y5QICL3YgqzxCk=,bD90mzKE2botSiAzIzcocFKkSrY=
-13,-70,dwSW6utrzEth7Y5QICL3YgqzxCk=,bD90mzKE2botSiAzIzcocFKkSrY=
-13,-71,dwSW6utrzEth7Y5QICL3YgqzxCk=,bD90mzKE2botSiAzIzcocFKkSrY=
-13,-68,dwSW6utrzEth7Y5QICL3YgqzxCk=,bD90mzKE2botSiAzIzcocFKkSrY=
-12,-68,dwSW6utrzEth7Y5QICL3YgqzxCk=,bD90mzKE2botSiAzIzcocFKkSrY=
-12,-71,dwSW6utrzEth7Y5QICL3YgqzxCk=,bD90mzKE2botSiAzIzcocFKkSrY=
-13,-72,dwSW6utrzEth7Y5QICL3YgqzxCk=,bD90mzKE2botSiAzIzcocFKkSrY=
-12,-72,dwSW6utrzEth7Y5QICL3YgqzxCk=,bD90mzKE2botSiAzIzcocFKkSrY=
-12,-73,dwSW6utrzEth7Y5QICL3YgqzxCk=,GPLByJfNx1x712JO5CfOEiLWqgI=
-13,-73,dwSW6utrzEth7Y5QICL3YgqzxCk=,GPLByJfNx1x712JO5CfOEiLWqgI=
-12,-69,dwSW6utrzEth7Y5QICL3YgqzxCk=,bD90mzKE2botSiAzIzcocFKkSrY=
-12,-74,dwSW6utrzEth7Y5QICL3YgqzxCk=,GPLByJfNx1x712JO5CfOEiLWqgI=
-12,-75,dwSW6utrzEth7Y5QICL3YgqzxCk=,GPLByJfNx1x712JO5CfOEiLWqgI=
-13,-69,dwSW6utrzEth7Y5QICL3YgqzxCk=,bD90mzKE2botSiAzIzcocFKkSrY=
-13,-75,dwSW6utrzEth7Y5QICL3YgqzxCk=,GPLByJfNx1x712JO5CfOEiLWqgI=
-13,-74,dwSW6utrzEth7Y5QICL3YgqzxCk=,GPLByJfNx1x712JO5CfOEiLWqgI=
-8,-73,dwSW6utrzEth7Y5QICL3YgqzxCk=,+rAhCSTL89Qxwn1ielzjkpklFKg=
-10,-70,dwSW6utrzEth7Y5QICL3YgqzxCk=,bD90mzKE2botSiAzIzcocFKkSrY=
-10,-68,dwSW6utrzEth7Y5QICL3YgqzxCk=,bD90mzKE2botSiAzIzcocFKkSrY=
-9,-68,dwSW6utrzEth7Y5QICL3YgqzxCk=,bD90mzKE2botSiAzIzcocFKkSrY=
-11,-68,dwSW6utrzEth7Y5QICL3YgqzxCk=,bD90mzKE2botSiAzIzcocFKkSrY=
-11,-70,+0f2BjfhKBlDTi8vYWIn+lLkFIc=,bD90mzKE2botSiAzIzcocFKkSrY=
-8,-71,+0f2BjfhKBlDTi8vYWIn+lLkFIc=,NcxAonjvmhWze8xQ5uhltLld0b8=
-6,-69,+0f2BjfhKBlDTi8vYWIn+lLkFIc=,NcxAonjvmhWze8xQ5uhltLld0b8=
-7,-73,+0f2BjfhKBlDTi8vYWIn+lLkFIc=,+rAhCSTL89Qxwn1ielzjkpklFKg=
-4,-72,+0f2BjfhKBlDTi8vYWIn+lLkFIc=,NcxAonjvmhWze8xQ5uhltLld0b8=
-4,-73,+0f2BjfhKBlDTi8vYWIn+lLkFIc=,+rAhCSTL89Qxwn1ielzjkpklFKg=
-7,-70,+0f2BjfhKBlDTi8vYWIn+lLkFIc=,NcxAonjvmhWze8xQ5uhltLld0b8=
-8,-70,+0f2BjfhKBlDTi8vYWIn+lLkFIc=,NcxAonjvmhWze8xQ5uhltLld0b8=
-5,-72,+0f2BjfhKBlDTi8vYWIn+lLkFIc=,NcxAonjvmhWze8xQ5uhltLld0b8=
-9,-71,+0f2BjfhKBlDTi8vYWIn+lLkFIc=,bD90mzKE2botSiAzIzcocFKkSrY=
-4,-74,+0f2BjfhKBlDTi8vYWIn+lLkFIc=,+rAhCSTL89Qxwn1ielzjkpklFKg=
-7,-69,+0f2BjfhKBlDTi8vYWIn+lLkFIc=,NcxAonjvmhWze8xQ5uhltLld0b8=
-5,-69,+0f2BjfhKBlDTi8vYWIn+lLkFIc=,NcxAonjvmhWze8xQ5uhltLld0b8=
-10,-71,+0f2BjfhKBlDTi8vYWIn+lLkFIc=,bD90mzKE2botSiAzIzcocFKkSrY=
-5,-74,+0f2BjfhKBlDTi8vYWIn+lLkFIc=,+rAhCSTL89Qxwn1ielzjkpklFKg=
-8,-74,+0f2BjfhKBlDTi8vYWIn+lLkFIc=,+rAhCSTL89Qxwn1ielzjkpklFKg=
-7,-74,+0f2BjfhKBlDTi8vYWIn+lLkFIc=,+rAhCSTL89Qxwn1ielzjkpklFKg=
-4,-69,+0f2BjfhKBlDTi8vYWIn+lLkFIc=,NcxAonjvmhWze8xQ5uhltLld0b8=
-8,-69,+0f2BjfhKBlDTi8vYWIn+lLkFIc=,NcxAonjvmhWze8xQ5uhltLld0b8=
-9,-72,+0f2BjfhKBlDTi8vYWIn+lLkFIc=,bD90mzKE2botSiAzIzcocFKkSrY=
-10,-72,+0f2BjfhKBlDTi8vYWIn+lLkFIc=,bD90mzKE2botSiAzIzcocFKkSrY=
-8,-68,+0f2BjfhKBlDTi8vYWIn+lLkFIc=,NcxAonjvmhWze8xQ5uhltLld0b8=
-8,-72,+0f2BjfhKBlDTi8vYWIn+lLkFIc=,NcxAonjvmhWze8xQ5uhltLld0b8=
-11,-72,+0f2BjfhKBlDTi8vYWIn+lLkFIc=,bD90mzKE2botSiAzIzcocFKkSrY=
-9,-69,+0f2BjfhKBlDTi8vYWIn+lLkFIc=,bD90mzKE2botSiAzIzcocFKkSrY=
-10,-73,+0f2BjfhKBlDTi8vYWIn+lLkFIc=,GPLByJfNx1x712JO5CfOEiLWqgI=
-11,-69,+0f2BjfhKBlDTi8vYWIn+lLkFIc=,bD90mzKE2botSiAzIzcocFKkSrY=
-11,-73,+0f2BjfhKBlDTi8vYWIn+lLkFIc=,GPLByJfNx1x712JO5CfOEiLWqgI=
-4,-71,+0f2BjfhKBlDTi8vYWIn+lLkFIc=,NcxAonjvmhWze8xQ5uhltLld0b8=
-7,-68,+0f2BjfhKBlDTi8vYWIn+lLkFIc=,NcxAonjvmhWze8xQ5uhltLld0b8=
-4,-75,+0f2BjfhKBlDTi8vYWIn+lLkFIc=,+rAhCSTL89Qxwn1ielzjkpklFKg=
-9,-74,+0f2BjfhKBlDTi8vYWIn+lLkFIc=,GPLByJfNx1x712JO5CfOEiLWqgI=
-6,-75,+0f2BjfhKBlDTi8vYWIn+lLkFIc=,+rAhCSTL89Qxwn1ielzjkpklFKg=
-11,-74,+0f2BjfhKBlDTi8vYWIn+lLkFIc=,GPLByJfNx1x712JO5CfOEiLWqgI=
-10,-74,+0f2BjfhKBlDTi8vYWIn+lLkFIc=,GPLByJfNx1x712JO5CfOEiLWqgI=
-11,-71,+0f2BjfhKBlDTi8vYWIn+lLkFIc=,bD90mzKE2botSiAzIzcocFKkSrY=
-9,-73,+0f2BjfhKBlDTi8vYWIn+lLkFIc=,GPLByJfNx1x712JO5CfOEiLWqgI=
-5,-73,+0f2BjfhKBlDTi8vYWIn+lLkFIc=,+rAhCSTL89Qxwn1ielzjkpklFKg=
-8,-75,+0f2BjfhKBlDTi8vYWIn+lLkFIc=,+rAhCSTL89Qxwn1ielzjkpklFKg=
-6,-68,+0f2BjfhKBlDTi8vYWIn+lLkFIc=,NcxAonjvmhWze8xQ5uhltLld0b8=
-9,-70,+0f2BjfhKBlDTi8vYWIn+lLkFIc=,bD90mzKE2botSiAzIzcocFKkSrY=
-6,-74,+0f2BjfhKBlDTi8vYWIn+lLkFIc=,+rAhCSTL89Qxwn1ielzjkpklFKg=
-10,-69,+0f2BjfhKBlDTi8vYWIn+lLkFIc=,bD90mzKE2botSiAzIzcocFKkSrY=
-4,-70,+0f2BjfhKBlDTi8vYWIn+lLkFIc=,NcxAonjvmhWze8xQ5uhltLld0b8=
-7,-72,+0f2BjfhKBlDTi8vYWIn+lLkFIc=,NcxAonjvmhWze8xQ5uhltLld0b8=
-6,-72,+0f2BjfhKBlDTi8vYWIn+lLkFIc=,NcxAonjvmhWze8xQ5uhltLld0b8=
-5,-68,+0f2BjfhKBlDTi8vYWIn+lLkFIc=,NcxAonjvmhWze8xQ5uhltLld0b8=
-7,-71,+0f2BjfhKBlDTi8vYWIn+lLkFIc=,NcxAonjvmhWze8xQ5uhltLld0b8=
-7,-75,+0f2BjfhKBlDTi8vYWIn+lLkFIc=,+rAhCSTL89Qxwn1ielzjkpklFKg=
-6,-73,+0f2BjfhKBlDTi8vYWIn+lLkFIc=,+rAhCSTL89Qxwn1ielzjkpklFKg=
-5,-75,+0f2BjfhKBlDTi8vYWIn+lLkFIc=,+rAhCSTL89Qxwn1ielzjkpklFKg=
-5,-71,+0f2BjfhKBlDTi8vYWIn+lLkFIc=,NcxAonjvmhWze8xQ5uhltLld0b8=
-4,-68,+0f2BjfhKBlDTi8vYWIn+lLkFIc=,NcxAonjvmhWze8xQ5uhltLld0b8=
-5,-70,+0f2BjfhKBlDTi8vYWIn+lLkFIc=,NcxAonjvmhWze8xQ5uhltLld0b8=
-6,-71,+0f2BjfhKBlDTi8vYWIn+lLkFIc=,NcxAonjvmhWze8xQ5uhltLld0b8=
-10,-75,+0f2BjfhKBlDTi8vYWIn+lLkFIc=,GPLByJfNx1x712JO5CfOEiLWqgI=
-11,-75,+0f2BjfhKBlDTi8vYWIn+lLkFIc=,GPLByJfNx1x712JO5CfOEiLWqgI=
-9,-75,+0f2BjfhKBlDTi8vYWIn+lLkFIc=,GPLByJfNx1x712JO5CfOEiLWqgI=
-6,-70,+0f2BjfhKBlDTi8vYWIn+lLkFIc=,NcxAonjvmhWze8xQ5uhltLld0b8=
-4,-67,+0f2BjfhKBlDTi8vYWIn+lLkFIc=,NcxAonjvmhWze8xQ5uhltLld0b8=
-5,-66,+0f2BjfhKBlDTi8vYWIn+lLkFIc=,NcxAonjvmhWze8xQ5uhltLld0b8=
-5,-67,+0f2BjfhKBlDTi8vYWIn+lLkFIc=,NcxAonjvmhWze8xQ5uhltLld0b8=
-4,-66,+0f2BjfhKBlDTi8vYWIn+lLkFIc=,NcxAonjvmhWze8xQ5uhltLld0b8=
-5,-65,+0f2BjfhKBlDTi8vYWIn+lLkFIc=,NcxAonjvmhWze8xQ5uhltLld0b8=
-3,-69,+0f2BjfhKBlDTi8vYWIn+lLkFIc=,NcxAonjvmhWze8xQ5uhltLld0b8=
-3,-68,+0f2BjfhKBlDTi8vYWIn+lLkFIc=,NcxAonjvmhWze8xQ5uhltLld0b8=
-2,-68,+0f2BjfhKBlDTi8vYWIn+lLkFIc=,NcxAonjvmhWze8xQ5uhltLld0b8=
-1,-68,+0f2BjfhKBlDTi8vYWIn+lLkFIc=,NcxAonjvmhWze8xQ5uhltLld0b8=
-2,-69,+0f2BjfhKBlDTi8vYWIn+lLkFIc=,NcxAonjvmhWze8xQ5uhltLld0b8=
-1,-69,+0f2BjfhKBlDTi8vYWIn+lLkFIc=,NcxAonjvmhWze8xQ5uhltLld0b8=
-3,-74,+0f2BjfhKBlDTi8vYWIn+lLkFIc=,+rAhCSTL89Qxwn1ielzjkpklFKg=
-1,-71,+0f2BjfhKBlDTi8vYWIn+lLkFIc=,NcxAonjvmhWze8xQ5uhltLld0b8=
-4,-65,+0f2BjfhKBlDTi8vYWIn+lLkFIc=,NcxAonjvmhWze8xQ5uhltLld0b8=
-2,-71,+0f2BjfhKBlDTi8vYWIn+lLkFIc=,NcxAonjvmhWze8xQ5uhltLld0b8=
-3,-73,+0f2BjfhKBlDTi8vYWIn+lLkFIc=,+rAhCSTL89Qxwn1ielzjkpklFKg=
-1,-72,+0f2BjfhKBlDTi8vYWIn+lLkFIc=,NcxAonjvmhWze8xQ5uhltLld0b8=
-1,-74,+0f2BjfhKBlDTi8vYWIn+lLkFIc=,+rAhCSTL89Qxwn1ielzjkpklFKg=
-2,-72,+0f2BjfhKBlDTi8vYWIn+lLkFIc=,NcxAonjvmhWze8xQ5uhltLld0b8=
-2,-74,+0f2BjfhKBlDTi8vYWIn+lLkFIc=,+rAhCSTL89Qxwn1ielzjkpklFKg=
-2,-73,+0f2BjfhKBlDTi8vYWIn+lLkFIc=,+rAhCSTL89Qxwn1ielzjkpklFKg=
-1,-77,+0f2BjfhKBlDTi8vYWIn+lLkFIc=,+rAhCSTL89Qxwn1ielzjkpklFKg=
-3,-71,+0f2BjfhKBlDTi8vYWIn+lLkFIc=,NcxAonjvmhWze8xQ5uhltLld0b8=
-2,-77,+0f2BjfhKBlDTi8vYWIn+lLkFIc=,+rAhCSTL89Qxwn1ielzjkpklFKg=
-3,-77,+0f2BjfhKBlDTi8vYWIn+lLkFIc=,+rAhCSTL89Qxwn1ielzjkpklFKg=
-3,-75,+0f2BjfhKBlDTi8vYWIn+lLkFIc=,+rAhCSTL89Qxwn1ielzjkpklFKg=
-1,-75,+0f2BjfhKBlDTi8vYWIn+lLkFIc=,+rAhCSTL89Qxwn1ielzjkpklFKg=
-3,-70,+0f2BjfhKBlDTi8vYWIn+lLkFIc=,NcxAonjvmhWze8xQ5uhltLld0b8=
-1,-70,+0f2BjfhKBlDTi8vYWIn+lLkFIc=,NcxAonjvmhWze8xQ5uhltLld0b8=
-2,-70,+0f2BjfhKBlDTi8vYWIn+lLkFIc=,NcxAonjvmhWze8xQ5uhltLld0b8=
-2,-75,+0f2BjfhKBlDTi8vYWIn+lLkFIc=,+rAhCSTL89Qxwn1ielzjkpklFKg=
-1,-73,+0f2BjfhKBlDTi8vYWIn+lLkFIc=,+rAhCSTL89Qxwn1ielzjkpklFKg=
-1,-76,+0f2BjfhKBlDTi8vYWIn+lLkFIc=,+rAhCSTL89Qxwn1ielzjkpklFKg=
-3,-76,+0f2BjfhKBlDTi8vYWIn+lLkFIc=,+rAhCSTL89Qxwn1ielzjkpklFKg=
-2,-76,+0f2BjfhKBlDTi8vYWIn+lLkFIc=,+rAhCSTL89Qxwn1ielzjkpklFKg=
-3,-72,+0f2BjfhKBlDTi8vYWIn+lLkFIc=,NcxAonjvmhWze8xQ5uhltLld0b8=
-16,-69,+0f2BjfhKBlDTi8vYWIn+lLkFIc=,bD90mzKE2botSiAzIzcocFKkSrY=
-14,-68,+0f2BjfhKBlDTi8vYWIn+lLkFIc=,bD90mzKE2botSiAzIzcocFKkSrY=
-16,-68,+0f2BjfhKBlDTi8vYWIn+lLkFIc=,bD90mzKE2botSiAzIzcocFKkSrY=
-14,-69,+0f2BjfhKBlDTi8vYWIn+lLkFIc=,bD90mzKE2botSiAzIzcocFKkSrY=
-15,-69,G7N5Eochro6mOa2fvz88N4VkI2Y=,bD90mzKE2botSiAzIzcocFKkSrY=
-1,-67,G7N5Eochro6mOa2fvz88N4VkI2Y=,NcxAonjvmhWze8xQ5uhltLld0b8=
-1,-66,G7N5Eochro6mOa2fvz88N4VkI2Y=,NcxAonjvmhWze8xQ5uhltLld0b8=
-3,-65,G7N5Eochro6mOa2fvz88N4VkI2Y=,NcxAonjvmhWze8xQ5uhltLld0b8=
-2,-66,G7N5Eochro6mOa2fvz88N4VkI2Y=,NcxAonjvmhWze8xQ5uhltLld0b8=
-1,-65,G7N5Eochro6mOa2fvz88N4VkI2Y=,NcxAonjvmhWze8xQ5uhltLld0b8=
-3,-67,G7N5Eochro6mOa2fvz88N4VkI2Y=,NcxAonjvmhWze8xQ5uhltLld0b8=
-2,-65,G7N5Eochro6mOa2fvz88N4VkI2Y=,NcxAonjvmhWze8xQ5uhltLld0b8=
-2,-67,G7N5Eochro6mOa2fvz88N4VkI2Y=,NcxAonjvmhWze8xQ5uhltLld0b8=
-15,-68,G7N5Eochro6mOa2fvz88N4VkI2Y=,bD90mzKE2botSiAzIzcocFKkSrY=
-3,-66,G7N5Eochro6mOa2fvz88N4VkI2Y=,NcxAonjvmhWze8xQ5uhltLld0b8=
-9,-65,G7N5Eochro6mOa2fvz88N4VkI2Y=,bD90mzKE2botSiAzIzcocFKkSrY=
-10,-65,G7N5Eochro6mOa2fvz88N4VkI2Y=,bD90mzKE2botSiAzIzcocFKkSrY=
-10,-66,G7N5Eochro6mOa2fvz88N4VkI2Y=,bD90mzKE2botSiAzIzcocFKkSrY=
-6,-66,G7N5Eochro6mOa2fvz88N4VkI2Y=,NcxAonjvmhWze8xQ5uhltLld0b8=
-8,-65,G7N5Eochro6mOa2fvz88N4VkI2Y=,NcxAonjvmhWze8xQ5uhltLld0b8=
-11,-66,G7N5Eochro6mOa2fvz88N4VkI2Y=,bD90mzKE2botSiAzIzcocFKkSrY=
-11,-65,G7N5Eochro6mOa2fvz88N4VkI2Y=,bD90mzKE2botSiAzIzcocFKkSrY=
-12,-65,G7N5Eochro6mOa2fvz88N4VkI2Y=,bD90mzKE2botSiAzIzcocFKkSrY=
-12,-66,G7N5Eochro6mOa2fvz88N4VkI2Y=,bD90mzKE2botSiAzIzcocFKkSrY=
-14,-66,G7N5Eochro6mOa2fvz88N4VkI2Y=,bD90mzKE2botSiAzIzcocFKkSrY=
-13,-66,G7N5Eochro6mOa2fvz88N4VkI2Y=,bD90mzKE2botSiAzIzcocFKkSrY=
-16,-67,G7N5Eochro6mOa2fvz88N4VkI2Y=,bD90mzKE2botSiAzIzcocFKkSrY=
-7,-66,G7N5Eochro6mOa2fvz88N4VkI2Y=,NcxAonjvmhWze8xQ5uhltLld0b8=
-8,-66,G7N5Eochro6mOa2fvz88N4VkI2Y=,NcxAonjvmhWze8xQ5uhltLld0b8=
-13,-65,G7N5Eochro6mOa2fvz88N4VkI2Y=,bD90mzKE2botSiAzIzcocFKkSrY=
-15,-66,G7N5Eochro6mOa2fvz88N4VkI2Y=,bD90mzKE2botSiAzIzcocFKkSrY=
-14,-65,G7N5Eochro6mOa2fvz88N4VkI2Y=,bD90mzKE2botSiAzIzcocFKkSrY=
-6,-67,G7N5Eochro6mOa2fvz88N4VkI2Y=,NcxAonjvmhWze8xQ5uhltLld0b8=
-7,-67,G7N5Eochro6mOa2fvz88N4VkI2Y=,NcxAonjvmhWze8xQ5uhltLld0b8=
-15,-65,G7N5Eochro6mOa2fvz88N4VkI2Y=,bD90mzKE2botSiAzIzcocFKkSrY=
-8,-67,G7N5Eochro6mOa2fvz88N4VkI2Y=,NcxAonjvmhWze8xQ5uhltLld0b8=
-16,-66,G7N5Eochro6mOa2fvz88N4VkI2Y=,bD90mzKE2botSiAzIzcocFKkSrY=
-9,-66,G7N5Eochro6mOa2fvz88N4VkI2Y=,bD90mzKE2botSiAzIzcocFKkSrY=
-9,-67,G7N5Eochro6mOa2fvz88N4VkI2Y=,bD90mzKE2botSiAzIzcocFKkSrY=
-6,-65,G7N5Eochro6mOa2fvz88N4VkI2Y=,NcxAonjvmhWze8xQ5uhltLld0b8=
-11,-67,G7N5Eochro6mOa2fvz88N4VkI2Y=,bD90mzKE2botSiAzIzcocFKkSrY=
-16,-77,G7N5Eochro6mOa2fvz88N4VkI2Y=,GPLByJfNx1x712JO5CfOEiLWqgI=
-12,-67,G7N5Eochro6mOa2fvz88N4VkI2Y=,bD90mzKE2botSiAzIzcocFKkSrY=
-15,-78,G7N5Eochro6mOa2fvz88N4VkI2Y=,GPLByJfNx1x712JO5CfOEiLWqgI=
-7,-65,G7N5Eochro6mOa2fvz88N4VkI2Y=,NcxAonjvmhWze8xQ5uhltLld0b8=
-16,-78,G7N5Eochro6mOa2fvz88N4VkI2Y=,GPLByJfNx1x712JO5CfOEiLWqgI=
-16,-70,G7N5Eochro6mOa2fvz88N4VkI2Y=,bD90mzKE2botSiAzIzcocFKkSrY=
-14,-71,G7N5Eochro6mOa2fvz88N4VkI2Y=,bD90mzKE2botSiAzIzcocFKkSrY=
-16,-65,G7N5Eochro6mOa2fvz88N4VkI2Y=,bD90mzKE2botSiAzIzcocFKkSrY=
-15,-71,G7N5Eochro6mOa2fvz88N4VkI2Y=,bD90mzKE2botSiAzIzcocFKkSrY=
-15,-70,G7N5Eochro6mOa2fvz88N4VkI2Y=,bD90mzKE2botSiAzIzcocFKkSrY=
-13,-67,G7N5Eochro6mOa2fvz88N4VkI2Y=,bD90mzKE2botSiAzIzcocFKkSrY=
-16,-71,G7N5Eochro6mOa2fvz88N4VkI2Y=,bD90mzKE2botSiAzIzcocFKkSrY=
-14,-72,G7N5Eochro6mOa2fvz88N4VkI2Y=,bD90mzKE2botSiAzIzcocFKkSrY=
-15,-77,G7N5Eochro6mOa2fvz88N4VkI2Y=,GPLByJfNx1x712JO5CfOEiLWqgI=
-15,-72,G7N5Eochro6mOa2fvz88N4VkI2Y=,bD90mzKE2botSiAzIzcocFKkSrY=
-16,-72,G7N5Eochro6mOa2fvz88N4VkI2Y=,bD90mzKE2botSiAzIzcocFKkSrY=
-14,-79,G7N5Eochro6mOa2fvz88N4VkI2Y=,GPLByJfNx1x712JO5CfOEiLWqgI=
-14,-73,G7N5Eochro6mOa2fvz88N4VkI2Y=,GPLByJfNx1x712JO5CfOEiLWqgI=
-15,-79,G7N5Eochro6mOa2fvz88N4VkI2Y=,GPLByJfNx1x712JO5CfOEiLWqgI=
-15,-67,G7N5Eochro6mOa2fvz88N4VkI2Y=,bD90mzKE2botSiAzIzcocFKkSrY=
-15,-73,G7N5Eochro6mOa2fvz88N4VkI2Y=,GPLByJfNx1x712JO5CfOEiLWqgI=
-16,-73,G7N5Eochro6mOa2fvz88N4VkI2Y=,GPLByJfNx1x712JO5CfOEiLWqgI=
-14,-80,G7N5Eochro6mOa2fvz88N4VkI2Y=,GPLByJfNx1x712JO5CfOEiLWqgI=
-15,-80,G7N5Eochro6mOa2fvz88N4VkI2Y=,GPLByJfNx1x712JO5CfOEiLWqgI=
-16,-80,G7N5Eochro6mOa2fvz88N4VkI2Y=,GPLByJfNx1x712JO5CfOEiLWqgI=
-16,-79,G7N5Eochro6mOa2fvz88N4VkI2Y=,GPLByJfNx1x712JO5CfOEiLWqgI=
-14,-78,G7N5Eochro6mOa2fvz88N4VkI2Y=,GPLByJfNx1x712JO5CfOEiLWqgI=
-14,-74,G7N5Eochro6mOa2fvz88N4VkI2Y=,GPLByJfNx1x712JO5CfOEiLWqgI=
-14,-77,G7N5Eochro6mOa2fvz88N4VkI2Y=,GPLByJfNx1x712JO5CfOEiLWqgI=
-14,-67,G7N5Eochro6mOa2fvz88N4VkI2Y=,bD90mzKE2botSiAzIzcocFKkSrY=
-15,-75,G7N5Eochro6mOa2fvz88N4VkI2Y=,GPLByJfNx1x712JO5CfOEiLWqgI=
-10,-67,G7N5Eochro6mOa2fvz88N4VkI2Y=,bD90mzKE2botSiAzIzcocFKkSrY=
-16,-74,G7N5Eochro6mOa2fvz88N4VkI2Y=,GPLByJfNx1x712JO5CfOEiLWqgI=
-14,-75,G7N5Eochro6mOa2fvz88N4VkI2Y=,GPLByJfNx1x712JO5CfOEiLWqgI=
-16,-75,G7N5Eochro6mOa2fvz88N4VkI2Y=,GPLByJfNx1x712JO5CfOEiLWqgI=
-15,-76,G7N5Eochro6mOa2fvz88N4VkI2Y=,GPLByJfNx1x712JO5CfOEiLWqgI=
-15,-74,G7N5Eochro6mOa2fvz88N4VkI2Y=,GPLByJfNx1x712JO5CfOEiLWqgI=
-16,-76,G7N5Eochro6mOa2fvz88N4VkI2Y=,GPLByJfNx1x712JO5CfOEiLWqgI=
-14,-70,G7N5Eochro6mOa2fvz88N4VkI2Y=,bD90mzKE2botSiAzIzcocFKkSrY=
-14,-76,G7N5Eochro6mOa2fvz88N4VkI2Y=,GPLByJfNx1x712JO5CfOEiLWqgI=
-1,-80,G7N5Eochro6mOa2fvz88N4VkI2Y=,+rAhCSTL89Qxwn1ielzjkpklFKg=
-3,-80,G7N5Eochro6mOa2fvz88N4VkI2Y=,+rAhCSTL89Qxwn1ielzjkpklFKg=
-2,-80,G7N5Eochro6mOa2fvz88N4VkI2Y=,+rAhCSTL89Qxwn1ielzjkpklFKg=
-3,-79,G7N5Eochro6mOa2fvz88N4VkI2Y=,+rAhCSTL89Qxwn1ielzjkpklFKg=
-2,-79,G7N5Eochro6mOa2fvz88N4VkI2Y=,+rAhCSTL89Qxwn1ielzjkpklFKg=
-1,-79,G7N5Eochro6mOa2fvz88N4VkI2Y=,+rAhCSTL89Qxwn1ielzjkpklFKg=
-3,-78,G7N5Eochro6mOa2fvz88N4VkI2Y=,+rAhCSTL89Qxwn1ielzjkpklFKg=
-1,-78,G7N5Eochro6mOa2fvz88N4VkI2Y=,+rAhCSTL89Qxwn1ielzjkpklFKg=
-2,-78,G7N5Eochro6mOa2fvz88N4VkI2Y=,+rAhCSTL89Qxwn1ielzjkpklFKg=
-14,-85,G7N5Eochro6mOa2fvz88N4VkI2Y=,TmsZ9QmYERKPIEjiEktEHqbIRik=
-13,-85,G7N5Eochro6mOa2fvz88N4VkI2Y=,TmsZ9QmYERKPIEjiEktEHqbIRik=
-13,-88,G7N5Eochro6mOa2fvz88N4VkI2Y=,TmsZ9QmYERKPIEjiEktEHqbIRik=
-12,-88,G7N5Eochro6mOa2fvz88N4VkI2Y=,TmsZ9QmYERKPIEjiEktEHqbIRik=
-4,-84,G7N5Eochro6mOa2fvz88N4VkI2Y=,0PJMOj5OPBn8I9MojgWkEptziSQ=
-6,-86,G7N5Eochro6mOa2fvz88N4VkI2Y=,0PJMOj5OPBn8I9MojgWkEptziSQ=
-5,-85,G7N5Eochro6mOa2fvz88N4VkI2Y=,0PJMOj5OPBn8I9MojgWkEptziSQ=
-4,-86,G7N5Eochro6mOa2fvz88N4VkI2Y=,0PJMOj5OPBn8I9MojgWkEptziSQ=
-4,-85,G7N5Eochro6mOa2fvz88N4VkI2Y=,0PJMOj5OPBn8I9MojgWkEptziSQ=
-5,-86,G7N5Eochro6mOa2fvz88N4VkI2Y=,0PJMOj5OPBn8I9MojgWkEptziSQ=
-11,-85,G7N5Eochro6mOa2fvz88N4VkI2Y=,TmsZ9QmYERKPIEjiEktEHqbIRik=
-11,-88,G7N5Eochro6mOa2fvz88N4VkI2Y=,TmsZ9QmYERKPIEjiEktEHqbIRik=
-10,-88,G7N5Eochro6mOa2fvz88N4VkI2Y=,TmsZ9QmYERKPIEjiEktEHqbIRik=
-8,-88,G7N5Eochro6mOa2fvz88N4VkI2Y=,0PJMOj5OPBn8I9MojgWkEptziSQ=
-7,-88,G7N5Eochro6mOa2fvz88N4VkI2Y=,0PJMOj5OPBn8I9MojgWkEptziSQ=
-10,-85,G7N5Eochro6mOa2fvz88N4VkI2Y=,TmsZ9QmYERKPIEjiEktEHqbIRik=
-9,-88,G7N5Eochro6mOa2fvz88N4VkI2Y=,TmsZ9QmYERKPIEjiEktEHqbIRik=
-6,-88,G7N5Eochro6mOa2fvz88N4VkI2Y=,0PJMOj5OPBn8I9MojgWkEptziSQ=
-6,-87,G7N5Eochro6mOa2fvz88N4VkI2Y=,0PJMOj5OPBn8I9MojgWkEptziSQ=
-7,-87,G7N5Eochro6mOa2fvz88N4VkI2Y=,0PJMOj5OPBn8I9MojgWkEptziSQ=
-9,-85,G7N5Eochro6mOa2fvz88N4VkI2Y=,TmsZ9QmYERKPIEjiEktEHqbIRik=
-5,-87,G7N5Eochro6mOa2fvz88N4VkI2Y=,0PJMOj5OPBn8I9MojgWkEptziSQ=
-8,-84,G7N5Eochro6mOa2fvz88N4VkI2Y=,0PJMOj5OPBn8I9MojgWkEptziSQ=
-4,-88,G7N5Eochro6mOa2fvz88N4VkI2Y=,0PJMOj5OPBn8I9MojgWkEptziSQ=
-5,-88,G7N5Eochro6mOa2fvz88N4VkI2Y=,0PJMOj5OPBn8I9MojgWkEptziSQ=
-11,-87,G7N5Eochro6mOa2fvz88N4VkI2Y=,TmsZ9QmYERKPIEjiEktEHqbIRik=
-8,-85,G7N5Eochro6mOa2fvz88N4VkI2Y=,0PJMOj5OPBn8I9MojgWkEptziSQ=
-11,-84,G7N5Eochro6mOa2fvz88N4VkI2Y=,TmsZ9QmYERKPIEjiEktEHqbIRik=
-10,-84,G7N5Eochro6mOa2fvz88N4VkI2Y=,TmsZ9QmYERKPIEjiEktEHqbIRik=
-4,-87,G7N5Eochro6mOa2fvz88N4VkI2Y=,0PJMOj5OPBn8I9MojgWkEptziSQ=
-10,-87,G7N5Eochro6mOa2fvz88N4VkI2Y=,TmsZ9QmYERKPIEjiEktEHqbIRik=
-7,-84,G7N5Eochro6mOa2fvz88N4VkI2Y=,0PJMOj5OPBn8I9MojgWkEptziSQ=
-7,-85,G7N5Eochro6mOa2fvz88N4VkI2Y=,0PJMOj5OPBn8I9MojgWkEptziSQ=
-9,-87,G7N5Eochro6mOa2fvz88N4VkI2Y=,TmsZ9QmYERKPIEjiEktEHqbIRik=
-6,-85,G7N5Eochro6mOa2fvz88N4VkI2Y=,0PJMOj5OPBn8I9MojgWkEptziSQ=
-9,-84,G7N5Eochro6mOa2fvz88N4VkI2Y=,TmsZ9QmYERKPIEjiEktEHqbIRik=
-8,-87,G7N5Eochro6mOa2fvz88N4VkI2Y=,0PJMOj5OPBn8I9MojgWkEptziSQ=
-11,-86,G7N5Eochro6mOa2fvz88N4VkI2Y=,TmsZ9QmYERKPIEjiEktEHqbIRik=
-9,-86,G7N5Eochro6mOa2fvz88N4VkI2Y=,TmsZ9QmYERKPIEjiEktEHqbIRik=
-10,-86,G7N5Eochro6mOa2fvz88N4VkI2Y=,TmsZ9QmYERKPIEjiEktEHqbIRik=
-6,-84,G7N5Eochro6mOa2fvz88N4VkI2Y=,0PJMOj5OPBn8I9MojgWkEptziSQ=
-5,-84,G7N5Eochro6mOa2fvz88N4VkI2Y=,0PJMOj5OPBn8I9MojgWkEptziSQ=
-7,-86,G7N5Eochro6mOa2fvz88N4VkI2Y=,0PJMOj5OPBn8I9MojgWkEptziSQ=
-15,-85,G7N5Eochro6mOa2fvz88N4VkI2Y=,TmsZ9QmYERKPIEjiEktEHqbIRik=
-8,-86,G7N5Eochro6mOa2fvz88N4VkI2Y=,0PJMOj5OPBn8I9MojgWkEptziSQ=
-16,-85,G7N5Eochro6mOa2fvz88N4VkI2Y=,TmsZ9QmYERKPIEjiEktEHqbIRik=
-12,-86,G7N5Eochro6mOa2fvz88N4VkI2Y=,TmsZ9QmYERKPIEjiEktEHqbIRik=
-13,-86,G7N5Eochro6mOa2fvz88N4VkI2Y=,TmsZ9QmYERKPIEjiEktEHqbIRik=
-12,-84,G7N5Eochro6mOa2fvz88N4VkI2Y=,TmsZ9QmYERKPIEjiEktEHqbIRik=
-12,-87,G7N5Eochro6mOa2fvz88N4VkI2Y=,TmsZ9QmYERKPIEjiEktEHqbIRik=
-13,-84,G7N5Eochro6mOa2fvz88N4VkI2Y=,TmsZ9QmYERKPIEjiEktEHqbIRik=
-14,-84,G7N5Eochro6mOa2fvz88N4VkI2Y=,TmsZ9QmYERKPIEjiEktEHqbIRik=
-16,-84,G7N5Eochro6mOa2fvz88N4VkI2Y=,TmsZ9QmYERKPIEjiEktEHqbIRik=
-15,-84,G7N5Eochro6mOa2fvz88N4VkI2Y=,TmsZ9QmYERKPIEjiEktEHqbIRik=
-13,-87,G7N5Eochro6mOa2fvz88N4VkI2Y=,TmsZ9QmYERKPIEjiEktEHqbIRik=
-12,-85,G7N5Eochro6mOa2fvz88N4VkI2Y=,TmsZ9QmYERKPIEjiEktEHqbIRik=
-13,-81,G7N5Eochro6mOa2fvz88N4VkI2Y=,TmsZ9QmYERKPIEjiEktEHqbIRik=
-12,-81,G7N5Eochro6mOa2fvz88N4VkI2Y=,TmsZ9QmYERKPIEjiEktEHqbIRik=
-13,-82,G7N5Eochro6mOa2fvz88N4VkI2Y=,TmsZ9QmYERKPIEjiEktEHqbIRik=
-12,-82,G7N5Eochro6mOa2fvz88N4VkI2Y=,TmsZ9QmYERKPIEjiEktEHqbIRik=
-13,-83,G7N5Eochro6mOa2fvz88N4VkI2Y=,TmsZ9QmYERKPIEjiEktEHqbIRik=
-4,-82,G7N5Eochro6mOa2fvz88N4VkI2Y=,0PJMOj5OPBn8I9MojgWkEptziSQ=
-12,-83,G7N5Eochro6mOa2fvz88N4VkI2Y=,TmsZ9QmYERKPIEjiEktEHqbIRik=
-9,-82,G7N5Eochro6mOa2fvz88N4VkI2Y=,TmsZ9QmYERKPIEjiEktEHqbIRik=
-7,-81,G7N5Eochro6mOa2fvz88N4VkI2Y=,0PJMOj5OPBn8I9MojgWkEptziSQ=
-8,-81,G7N5Eochro6mOa2fvz88N4VkI2Y=,0PJMOj5OPBn8I9MojgWkEptziSQ=
-6,-81,G7N5Eochro6mOa2fvz88N4VkI2Y=,0PJMOj5OPBn8I9MojgWkEptziSQ=
-11,-83,G7N5Eochro6mOa2fvz88N4VkI2Y=,TmsZ9QmYERKPIEjiEktEHqbIRik=
-9,-83,G7N5Eochro6mOa2fvz88N4VkI2Y=,TmsZ9QmYERKPIEjiEktEHqbIRik=
-5,-81,G7N5Eochro6mOa2fvz88N4VkI2Y=,0PJMOj5OPBn8I9MojgWkEptziSQ=
-5,-82,G7N5Eochro6mOa2fvz88N4VkI2Y=,0PJMOj5OPBn8I9MojgWkEptziSQ=
-6,-82,G7N5Eochro6mOa2fvz88N4VkI2Y=,0PJMOj5OPBn8I9MojgWkEptziSQ=
-10,-82,G7N5Eochro6mOa2fvz88N4VkI2Y=,TmsZ9QmYERKPIEjiEktEHqbIRik=
-8,-82,G7N5Eochro6mOa2fvz88N4VkI2Y=,0PJMOj5OPBn8I9MojgWkEptziSQ=
-11,-81,G7N5Eochro6mOa2fvz88N4VkI2Y=,TmsZ9QmYERKPIEjiEktEHqbIRik=
-7,-82,G7N5Eochro6mOa2fvz88N4VkI2Y=,0PJMOj5OPBn8I9MojgWkEptziSQ=
-11,-82,G7N5Eochro6mOa2fvz88N4VkI2Y=,TmsZ9QmYERKPIEjiEktEHqbIRik=
-6,-83,G7N5Eochro6mOa2fvz88N4VkI2Y=,0PJMOj5OPBn8I9MojgWkEptziSQ=
-5,-83,G7N5Eochro6mOa2fvz88N4VkI2Y=,0PJMOj5OPBn8I9MojgWkEptziSQ=
-4,-83,G7N5Eochro6mOa2fvz88N4VkI2Y=,0PJMOj5OPBn8I9MojgWkEptziSQ=
-8,-83,G7N5Eochro6mOa2fvz88N4VkI2Y=,0PJMOj5OPBn8I9MojgWkEptziSQ=
-9,-81,G7N5Eochro6mOa2fvz88N4VkI2Y=,TmsZ9QmYERKPIEjiEktEHqbIRik=
-4,-81,G7N5Eochro6mOa2fvz88N4VkI2Y=,0PJMOj5OPBn8I9MojgWkEptziSQ=
-7,-83,G7N5Eochro6mOa2fvz88N4VkI2Y=,0PJMOj5OPBn8I9MojgWkEptziSQ=
-10,-81,G7N5Eochro6mOa2fvz88N4VkI2Y=,TmsZ9QmYERKPIEjiEktEHqbIRik=
-10,-83,G7N5Eochro6mOa2fvz88N4VkI2Y=,TmsZ9QmYERKPIEjiEktEHqbIRik=
-14,-88,G7N5Eochro6mOa2fvz88N4VkI2Y=,TmsZ9QmYERKPIEjiEktEHqbIRik=
-16,-86,G7N5Eochro6mOa2fvz88N4VkI2Y=,TmsZ9QmYERKPIEjiEktEHqbIRik=
-14,-86,G7N5Eochro6mOa2fvz88N4VkI2Y=,TmsZ9QmYERKPIEjiEktEHqbIRik=
-15,-87,G7N5Eochro6mOa2fvz88N4VkI2Y=,TmsZ9QmYERKPIEjiEktEHqbIRik=
-16,-88,G7N5Eochro6mOa2fvz88N4VkI2Y=,TmsZ9QmYERKPIEjiEktEHqbIRik=
-15,-88,G7N5Eochro6mOa2fvz88N4VkI2Y=,TmsZ9QmYERKPIEjiEktEHqbIRik=
-14,-87,G7N5Eochro6mOa2fvz88N4VkI2Y=,TmsZ9QmYERKPIEjiEktEHqbIRik=
-16,-87,G7N5Eochro6mOa2fvz88N4VkI2Y=,TmsZ9QmYERKPIEjiEktEHqbIRik=
-15,-86,G7N5Eochro6mOa2fvz88N4VkI2Y=,TmsZ9QmYERKPIEjiEktEHqbIRik=
-3,-84,G7N5Eochro6mOa2fvz88N4VkI2Y=,0PJMOj5OPBn8I9MojgWkEptziSQ=
-2,-84,G7N5Eochro6mOa2fvz88N4VkI2Y=,0PJMOj5OPBn8I9MojgWkEptziSQ=
-1,-84,G7N5Eochro6mOa2fvz88N4VkI2Y=,0PJMOj5OPBn8I9MojgWkEptziSQ=
-3,-86,G7N5Eochro6mOa2fvz88N4VkI2Y=,0PJMOj5OPBn8I9MojgWkEptziSQ=
-3,-85,G7N5Eochro6mOa2fvz88N4VkI2Y=,0PJMOj5OPBn8I9MojgWkEptziSQ=
-2,-85,G7N5Eochro6mOa2fvz88N4VkI2Y=,0PJMOj5OPBn8I9MojgWkEptziSQ=
-1,-85,G7N5Eochro6mOa2fvz88N4VkI2Y=,0PJMOj5OPBn8I9MojgWkEptziSQ=
-3,-88,G7N5Eochro6mOa2fvz88N4VkI2Y=,0PJMOj5OPBn8I9MojgWkEptziSQ=
-1,-86,G7N5Eochro6mOa2fvz88N4VkI2Y=,0PJMOj5OPBn8I9MojgWkEptziSQ=
-3,-87,G7N5Eochro6mOa2fvz88N4VkI2Y=,0PJMOj5OPBn8I9MojgWkEptziSQ=
-2,-86,G7N5Eochro6mOa2fvz88N4VkI2Y=,0PJMOj5OPBn8I9MojgWkEptziSQ=
-1,-87,G7N5Eochro6mOa2fvz88N4VkI2Y=,0PJMOj5OPBn8I9MojgWkEptziSQ=
-2,-87,G7N5Eochro6mOa2fvz88N4VkI2Y=,0PJMOj5OPBn8I9MojgWkEptziSQ=
-2,-88,G7N5Eochro6mOa2fvz88N4VkI2Y=,0PJMOj5OPBn8I9MojgWkEptziSQ=
-1,-88,G7N5Eochro6mOa2fvz88N4VkI2Y=,0PJMOj5OPBn8I9MojgWkEptziSQ=
-3,-81,G7N5Eochro6mOa2fvz88N4VkI2Y=,0PJMOj5OPBn8I9MojgWkEptziSQ=
-2,-81,G7N5Eochro6mOa2fvz88N4VkI2Y=,0PJMOj5OPBn8I9MojgWkEptziSQ=
-3,-83,G7N5Eochro6mOa2fvz88N4VkI2Y=,0PJMOj5OPBn8I9MojgWkEptziSQ=
-2,-83,G7N5Eochro6mOa2fvz88N4VkI2Y=,0PJMOj5OPBn8I9MojgWkEptziSQ=
-1,-81,G7N5Eochro6mOa2fvz88N4VkI2Y=,0PJMOj5OPBn8I9MojgWkEptziSQ=
-1,-83,G7N5Eochro6mOa2fvz88N4VkI2Y=,0PJMOj5OPBn8I9MojgWkEptziSQ=
-3,-82,G7N5Eochro6mOa2fvz88N4VkI2Y=,0PJMOj5OPBn8I9MojgWkEptziSQ=
-2,-82,G7N5Eochro6mOa2fvz88N4VkI2Y=,0PJMOj5OPBn8I9MojgWkEptziSQ=
-1,-82,G7N5Eochro6mOa2fvz88N4VkI2Y=,0PJMOj5OPBn8I9MojgWkEptziSQ=
-14,-81,G7N5Eochro6mOa2fvz88N4VkI2Y=,TmsZ9QmYERKPIEjiEktEHqbIRik=
-15,-82,G7N5Eochro6mOa2fvz88N4VkI2Y=,TmsZ9QmYERKPIEjiEktEHqbIRik=
-15,-81,G7N5Eochro6mOa2fvz88N4VkI2Y=,TmsZ9QmYERKPIEjiEktEHqbIRik=
-14,-82,G7N5Eochro6mOa2fvz88N4VkI2Y=,TmsZ9QmYERKPIEjiEktEHqbIRik=
-16,-82,G7N5Eochro6mOa2fvz88N4VkI2Y=,TmsZ9QmYERKPIEjiEktEHqbIRik=
-14,-83,G7N5Eochro6mOa2fvz88N4VkI2Y=,TmsZ9QmYERKPIEjiEktEHqbIRik=
-15,-83,G7N5Eochro6mOa2fvz88N4VkI2Y=,TmsZ9QmYERKPIEjiEktEHqbIRik=
-16,-83,G7N5Eochro6mOa2fvz88N4VkI2Y=,TmsZ9QmYERKPIEjiEktEHqbIRik=
-16,-81,G7N5Eochro6mOa2fvz88N4VkI2Y=,TmsZ9QmYERKPIEjiEktEHqbIRik=
-21,-85,Ms16WtzGaSVs3iyHO4CyWQQ26B8=,Ad3ZyCESBRZD10iOvgtcQBqIwSE=
-29,-87,Ms16WtzGaSVs3iyHO4CyWQQ26B8=,2iAQ2xzrlSxfWEYOLWk6+6PPLBA=
-28,-87,Ms16WtzGaSVs3iyHO4CyWQQ26B8=,2iAQ2xzrlSxfWEYOLWk6+6PPLBA=
-29,-88,Ms16WtzGaSVs3iyHO4CyWQQ26B8=,2iAQ2xzrlSxfWEYOLWk6+6PPLBA=
-28,-88,Ms16WtzGaSVs3iyHO4CyWQQ26B8=,2iAQ2xzrlSxfWEYOLWk6+6PPLBA=
-28,-86,Ms16WtzGaSVs3iyHO4CyWQQ26B8=,2iAQ2xzrlSxfWEYOLWk6+6PPLBA=
-24,-85,Ms16WtzGaSVs3iyHO4CyWQQ26B8=,Ad3ZyCESBRZD10iOvgtcQBqIwSE=
-23,-85,Ms16WtzGaSVs3iyHO4CyWQQ26B8=,Ad3ZyCESBRZD10iOvgtcQBqIwSE=
-22,-85,Ms16WtzGaSVs3iyHO4CyWQQ26B8=,Ad3ZyCESBRZD10iOvgtcQBqIwSE=
-29,-85,Ms16WtzGaSVs3iyHO4CyWQQ26B8=,2iAQ2xzrlSxfWEYOLWk6+6PPLBA=
-28,-85,Ms16WtzGaSVs3iyHO4CyWQQ26B8=,2iAQ2xzrlSxfWEYOLWk6+6PPLBA=
-27,-85,Ms16WtzGaSVs3iyHO4CyWQQ26B8=,2iAQ2xzrlSxfWEYOLWk6+6PPLBA=
-26,-85,Ms16WtzGaSVs3iyHO4CyWQQ26B8=,2iAQ2xzrlSxfWEYOLWk6+6PPLBA=
-25,-85,Ms16WtzGaSVs3iyHO4CyWQQ26B8=,2iAQ2xzrlSxfWEYOLWk6+6PPLBA=
-24,-84,Ms16WtzGaSVs3iyHO4CyWQQ26B8=,Ad3ZyCESBRZD10iOvgtcQBqIwSE=
-23,-84,Ms16WtzGaSVs3iyHO4CyWQQ26B8=,Ad3ZyCESBRZD10iOvgtcQBqIwSE=
-22,-84,Ms16WtzGaSVs3iyHO4CyWQQ26B8=,Ad3ZyCESBRZD10iOvgtcQBqIwSE=
-29,-84,Ms16WtzGaSVs3iyHO4CyWQQ26B8=,2iAQ2xzrlSxfWEYOLWk6+6PPLBA=
-28,-84,Ms16WtzGaSVs3iyHO4CyWQQ26B8=,2iAQ2xzrlSxfWEYOLWk6+6PPLBA=
-27,-84,Ms16WtzGaSVs3iyHO4CyWQQ26B8=,2iAQ2xzrlSxfWEYOLWk6+6PPLBA=
-26,-84,Ms16WtzGaSVs3iyHO4CyWQQ26B8=,2iAQ2xzrlSxfWEYOLWk6+6PPLBA=
-29,-86,Ms16WtzGaSVs3iyHO4CyWQQ26B8=,2iAQ2xzrlSxfWEYOLWk6+6PPLBA=
-20,-84,Ms16WtzGaSVs3iyHO4CyWQQ26B8=,Ad3ZyCESBRZD10iOvgtcQBqIwSE=
-25,-84,Ms16WtzGaSVs3iyHO4CyWQQ26B8=,2iAQ2xzrlSxfWEYOLWk6+6PPLBA=
-21,-83,Ms16WtzGaSVs3iyHO4CyWQQ26B8=,Ad3ZyCESBRZD10iOvgtcQBqIwSE=
-20,-83,Ms16WtzGaSVs3iyHO4CyWQQ26B8=,Ad3ZyCESBRZD10iOvgtcQBqIwSE=
-20,-85,Ms16WtzGaSVs3iyHO4CyWQQ26B8=,Ad3ZyCESBRZD10iOvgtcQBqIwSE=
-21,-84,Ms16WtzGaSVs3iyHO4CyWQQ26B8=,Ad3ZyCESBRZD10iOvgtcQBqIwSE=
-20,-82,Ms16WtzGaSVs3iyHO4CyWQQ26B8=,Ad3ZyCESBRZD10iOvgtcQBqIwSE=
-21,-82,Ms16WtzGaSVs3iyHO4CyWQQ26B8=,Ad3ZyCESBRZD10iOvgtcQBqIwSE=
-21,-81,Ms16WtzGaSVs3iyHO4CyWQQ26B8=,Ad3ZyCESBRZD10iOvgtcQBqIwSE=
-20,-81,Ms16WtzGaSVs3iyHO4CyWQQ26B8=,Ad3ZyCESBRZD10iOvgtcQBqIwSE=
-24,-83,Ms16WtzGaSVs3iyHO4CyWQQ26B8=,Ad3ZyCESBRZD10iOvgtcQBqIwSE=
-26,-82,Ms16WtzGaSVs3iyHO4CyWQQ26B8=,2iAQ2xzrlSxfWEYOLWk6+6PPLBA=
-25,-82,Ms16WtzGaSVs3iyHO4CyWQQ26B8=,2iAQ2xzrlSxfWEYOLWk6+6PPLBA=
-22,-81,Ms16WtzGaSVs3iyHO4CyWQQ26B8=,Ad3ZyCESBRZD10iOvgtcQBqIwSE=
-28,-82,Ms16WtzGaSVs3iyHO4CyWQQ26B8=,2iAQ2xzrlSxfWEYOLWk6+6PPLBA=
-29,-83,Ms16WtzGaSVs3iyHO4CyWQQ26B8=,2iAQ2xzrlSxfWEYOLWk6+6PPLBA=
-23,-83,Ms16WtzGaSVs3iyHO4CyWQQ26B8=,Ad3ZyCESBRZD10iOvgtcQBqIwSE=
-27,-81,Ms16WtzGaSVs3iyHO4CyWQQ26B8=,2iAQ2xzrlSxfWEYOLWk6+6PPLBA=
-24,-81,Ms16WtzGaSVs3iyHO4CyWQQ26B8=,Ad3ZyCESBRZD10iOvgtcQBqIwSE=
-22,-83,Ms16WtzGaSVs3iyHO4CyWQQ26B8=,Ad3ZyCESBRZD10iOvgtcQBqIwSE=
-22,-82,Ms16WtzGaSVs3iyHO4CyWQQ26B8=,Ad3ZyCESBRZD10iOvgtcQBqIwSE=
-23,-81,Ms16WtzGaSVs3iyHO4CyWQQ26B8=,Ad3ZyCESBRZD10iOvgtcQBqIwSE=
-26,-83,Ms16WtzGaSVs3iyHO4CyWQQ26B8=,2iAQ2xzrlSxfWEYOLWk6+6PPLBA=
-28,-81,Ms16WtzGaSVs3iyHO4CyWQQ26B8=,2iAQ2xzrlSxfWEYOLWk6+6PPLBA=
-27,-82,Ms16WtzGaSVs3iyHO4CyWQQ26B8=,2iAQ2xzrlSxfWEYOLWk6+6PPLBA=
-26,-81,Ms16WtzGaSVs3iyHO4CyWQQ26B8=,2iAQ2xzrlSxfWEYOLWk6+6PPLBA=
-27,-83,Ms16WtzGaSVs3iyHO4CyWQQ26B8=,2iAQ2xzrlSxfWEYOLWk6+6PPLBA=
-23,-82,Ms16WtzGaSVs3iyHO4CyWQQ26B8=,Ad3ZyCESBRZD10iOvgtcQBqIwSE=
-29,-81,Ms16WtzGaSVs3iyHO4CyWQQ26B8=,2iAQ2xzrlSxfWEYOLWk6+6PPLBA=
-25,-83,Ms16WtzGaSVs3iyHO4CyWQQ26B8=,2iAQ2xzrlSxfWEYOLWk6+6PPLBA=
-24,-82,Ms16WtzGaSVs3iyHO4CyWQQ26B8=,Ad3ZyCESBRZD10iOvgtcQBqIwSE=
-28,-83,Ms16WtzGaSVs3iyHO4CyWQQ26B8=,2iAQ2xzrlSxfWEYOLWk6+6PPLBA=
-29,-82,Ms16WtzGaSVs3iyHO4CyWQQ26B8=,2iAQ2xzrlSxfWEYOLWk6+6PPLBA=
-25,-81,Ms16WtzGaSVs3iyHO4CyWQQ26B8=,2iAQ2xzrlSxfWEYOLWk6+6PPLBA=
-24,-87,Ms16WtzGaSVs3iyHO4CyWQQ26B8=,Ad3ZyCESBRZD10iOvgtcQBqIwSE=
-20,-88,Ms16WtzGaSVs3iyHO4CyWQQ26B8=,Ad3ZyCESBRZD10iOvgtcQBqIwSE=
-22,-88,Ms16WtzGaSVs3iyHO4CyWQQ26B8=,Ad3ZyCESBRZD10iOvgtcQBqIwSE=
-20,-87,Ms16WtzGaSVs3iyHO4CyWQQ26B8=,Ad3ZyCESBRZD10iOvgtcQBqIwSE=
-22,-86,Ms16WtzGaSVs3iyHO4CyWQQ26B8=,Ad3ZyCESBRZD10iOvgtcQBqIwSE=
-21,-88,Ms16WtzGaSVs3iyHO4CyWQQ26B8=,Ad3ZyCESBRZD10iOvgtcQBqIwSE=
-24,-86,Ms16WtzGaSVs3iyHO4CyWQQ26B8=,Ad3ZyCESBRZD10iOvgtcQBqIwSE=
-26,-87,Ms16WtzGaSVs3iyHO4CyWQQ26B8=,2iAQ2xzrlSxfWEYOLWk6+6PPLBA=
-21,-87,Ms16WtzGaSVs3iyHO4CyWQQ26B8=,Ad3ZyCESBRZD10iOvgtcQBqIwSE=
-25,-87,Ms16WtzGaSVs3iyHO4CyWQQ26B8=,2iAQ2xzrlSxfWEYOLWk6+6PPLBA=
-27,-87,Ms16WtzGaSVs3iyHO4CyWQQ26B8=,2iAQ2xzrlSxfWEYOLWk6+6PPLBA=
-23,-86,Ms16WtzGaSVs3iyHO4CyWQQ26B8=,Ad3ZyCESBRZD10iOvgtcQBqIwSE=
-23,-88,Ms16WtzGaSVs3iyHO4CyWQQ26B8=,Ad3ZyCESBRZD10iOvgtcQBqIwSE=
-22,-87,Ms16WtzGaSVs3iyHO4CyWQQ26B8=,Ad3ZyCESBRZD10iOvgtcQBqIwSE=
-23,-87,Ms16WtzGaSVs3iyHO4CyWQQ26B8=,Ad3ZyCESBRZD10iOvgtcQBqIwSE=
-24,-88,Ms16WtzGaSVs3iyHO4CyWQQ26B8=,Ad3ZyCESBRZD10iOvgtcQBqIwSE=
-21,-86,Ms16WtzGaSVs3iyHO4CyWQQ26B8=,Ad3ZyCESBRZD10iOvgtcQBqIwSE=
-25,-88,Ms16WtzGaSVs3iyHO4CyWQQ26B8=,2iAQ2xzrlSxfWEYOLWk6+6PPLBA=
-26,-88,Ms16WtzGaSVs3iyHO4CyWQQ26B8=,2iAQ2xzrlSxfWEYOLWk6+6PPLBA=
-27,-86,Ms16WtzGaSVs3iyHO4CyWQQ26B8=,2iAQ2xzrlSxfWEYOLWk6+6PPLBA=
-26,-86,Ms16WtzGaSVs3iyHO4CyWQQ26B8=,2iAQ2xzrlSxfWEYOLWk6+6PPLBA=
-27,-88,Ms16WtzGaSVs3iyHO4CyWQQ26B8=,2iAQ2xzrlSxfWEYOLWk6+6PPLBA=
-25,-86,Ms16WtzGaSVs3iyHO4CyWQQ26B8=,2iAQ2xzrlSxfWEYOLWk6+6PPLBA=
-20,-86,Ms16WtzGaSVs3iyHO4CyWQQ26B8=,Ad3ZyCESBRZD10iOvgtcQBqIwSE=
-17,-84,Ms16WtzGaSVs3iyHO4CyWQQ26B8=,Ad3ZyCESBRZD10iOvgtcQBqIwSE=
-19,-85,Ms16WtzGaSVs3iyHO4CyWQQ26B8=,Ad3ZyCESBRZD10iOvgtcQBqIwSE=
-18,-84,Ms16WtzGaSVs3iyHO4CyWQQ26B8=,Ad3ZyCESBRZD10iOvgtcQBqIwSE=
-18,-85,Ms16WtzGaSVs3iyHO4CyWQQ26B8=,Ad3ZyCESBRZD10iOvgtcQBqIwSE=
-19,-84,Ms16WtzGaSVs3iyHO4CyWQQ26B8=,Ad3ZyCESBRZD10iOvgtcQBqIwSE=
-17,-85,Ms16WtzGaSVs3iyHO4CyWQQ26B8=,Ad3ZyCESBRZD10iOvgtcQBqIwSE=
-18,-88,Ms16WtzGaSVs3iyHO4CyWQQ26B8=,Ad3ZyCESBRZD10iOvgtcQBqIwSE=
-17,-87,Ms16WtzGaSVs3iyHO4CyWQQ26B8=,Ad3ZyCESBRZD10iOvgtcQBqIwSE=
-17,-88,Ms16WtzGaSVs3iyHO4CyWQQ26B8=,Ad3ZyCESBRZD10iOvgtcQBqIwSE=
-19,-87,Ms16WtzGaSVs3iyHO4CyWQQ26B8=,Ad3ZyCESBRZD10iOvgtcQBqIwSE=
-18,-86,Ms16WtzGaSVs3iyHO4CyWQQ26B8=,Ad3ZyCESBRZD10iOvgtcQBqIwSE=
-17,-86,Ms16WtzGaSVs3iyHO4CyWQQ26B8=,Ad3ZyCESBRZD10iOvgtcQBqIwSE=
-19,-88,Ms16WtzGaSVs3iyHO4CyWQQ26B8=,Ad3ZyCESBRZD10iOvgtcQBqIwSE=
-18,-87,Ms16WtzGaSVs3iyHO4CyWQQ26B8=,Ad3ZyCESBRZD10iOvgtcQBqIwSE=
-19,-86,Ms16WtzGaSVs3iyHO4CyWQQ26B8=,Ad3ZyCESBRZD10iOvgtcQBqIwSE=
-30,-86,Ms16WtzGaSVs3iyHO4CyWQQ26B8=,2iAQ2xzrlSxfWEYOLWk6+6PPLBA=
-31,-88,Ms16WtzGaSVs3iyHO4CyWQQ26B8=,2iAQ2xzrlSxfWEYOLWk6+6PPLBA=
-31,-84,Ms16WtzGaSVs3iyHO4CyWQQ26B8=,2iAQ2xzrlSxfWEYOLWk6+6PPLBA=
-31,-86,Ms16WtzGaSVs3iyHO4CyWQQ26B8=,2iAQ2xzrlSxfWEYOLWk6+6PPLBA=
-32,-88,Ms16WtzGaSVs3iyHO4CyWQQ26B8=,2iAQ2xzrlSxfWEYOLWk6+6PPLBA=
-30,-84,Ms16WtzGaSVs3iyHO4CyWQQ26B8=,2iAQ2xzrlSxfWEYOLWk6+6PPLBA=
-30,-85,Ms16WtzGaSVs3iyHO4CyWQQ26B8=,2iAQ2xzrlSxfWEYOLWk6+6PPLBA=
-32,-86,Ms16WtzGaSVs3iyHO4CyWQQ26B8=,2iAQ2xzrlSxfWEYOLWk6+6PPLBA=
-31,-87,Ms16WtzGaSVs3iyHO4CyWQQ26B8=,2iAQ2xzrlSxfWEYOLWk6+6PPLBA=
-31,-85,Ms16WtzGaSVs3iyHO4CyWQQ26B8=,2iAQ2xzrlSxfWEYOLWk6+6PPLBA=
-32,-84,Ms16WtzGaSVs3iyHO4CyWQQ26B8=,2iAQ2xzrlSxfWEYOLWk6+6PPLBA=
-32,-87,Ms16WtzGaSVs3iyHO4CyWQQ26B8=,2iAQ2xzrlSxfWEYOLWk6+6PPLBA=
-32,-85,Ms16WtzGaSVs3iyHO4CyWQQ26B8=,2iAQ2xzrlSxfWEYOLWk6+6PPLBA=
-30,-88,Ms16WtzGaSVs3iyHO4CyWQQ26B8=,2iAQ2xzrlSxfWEYOLWk6+6PPLBA=
-30,-87,Ms16WtzGaSVs3iyHO4CyWQQ26B8=,2iAQ2xzrlSxfWEYOLWk6+6PPLBA=
-30,-82,Ms16WtzGaSVs3iyHO4CyWQQ26B8=,2iAQ2xzrlSxfWEYOLWk6+6PPLBA=
-32,-81,Ms16WtzGaSVs3iyHO4CyWQQ26B8=,2iAQ2xzrlSxfWEYOLWk6+6PPLBA=
-30,-83,Ms16WtzGaSVs3iyHO4CyWQQ26B8=,2iAQ2xzrlSxfWEYOLWk6+6PPLBA=
-31,-81,Ms16WtzGaSVs3iyHO4CyWQQ26B8=,2iAQ2xzrlSxfWEYOLWk6+6PPLBA=
-30,-81,Ms16WtzGaSVs3iyHO4CyWQQ26B8=,2iAQ2xzrlSxfWEYOLWk6+6PPLBA=
-32,-82,Ms16WtzGaSVs3iyHO4CyWQQ26B8=,2iAQ2xzrlSxfWEYOLWk6+6PPLBA=
-31,-83,Ms16WtzGaSVs3iyHO4CyWQQ26B8=,2iAQ2xzrlSxfWEYOLWk6+6PPLBA=
-31,-82,Ms16WtzGaSVs3iyHO4CyWQQ26B8=,2iAQ2xzrlSxfWEYOLWk6+6PPLBA=
-32,-83,Ms16WtzGaSVs3iyHO4CyWQQ26B8=,2iAQ2xzrlSxfWEYOLWk6+6PPLBA=
-17,-82,Ms16WtzGaSVs3iyHO4CyWQQ26B8=,Ad3ZyCESBRZD10iOvgtcQBqIwSE=
-19,-82,Ms16WtzGaSVs3iyHO4CyWQQ26B8=,Ad3ZyCESBRZD10iOvgtcQBqIwSE=
-17,-81,Ms16WtzGaSVs3iyHO4CyWQQ26B8=,Ad3ZyCESBRZD10iOvgtcQBqIwSE=
-19,-81,Ms16WtzGaSVs3iyHO4CyWQQ26B8=,Ad3ZyCESBRZD10iOvgtcQBqIwSE=
-18,-81,Ms16WtzGaSVs3iyHO4CyWQQ26B8=,Ad3ZyCESBRZD10iOvgtcQBqIwSE=
-17,-83,Ms16WtzGaSVs3iyHO4CyWQQ26B8=,Ad3ZyCESBRZD10iOvgtcQBqIwSE=
-19,-83,Ms16WtzGaSVs3iyHO4CyWQQ26B8=,Ad3ZyCESBRZD10iOvgtcQBqIwSE=
-18,-82,Ms16WtzGaSVs3iyHO4CyWQQ26B8=,Ad3ZyCESBRZD10iOvgtcQBqIwSE=
-18,-83,Ms16WtzGaSVs3iyHO4CyWQQ26B8=,Ad3ZyCESBRZD10iOvgtcQBqIwSE=
-21,-76,sb/RnXar+uD/Le1+1pJZkzVxi0k=,W9lJQgkVzlNORYW1eHE+glmhOlo=
-20,-76,sb/RnXar+uD/Le1+1pJZkzVxi0k=,W9lJQgkVzlNORYW1eHE+glmhOlo=
-21,-77,sb/RnXar+uD/Le1+1pJZkzVxi0k=,W9lJQgkVzlNORYW1eHE+glmhOlo=
-20,-77,sb/RnXar+uD/Le1+1pJZkzVxi0k=,W9lJQgkVzlNORYW1eHE+glmhOlo=
-21,-80,sb/RnXar+uD/Le1+1pJZkzVxi0k=,W9lJQgkVzlNORYW1eHE+glmhOlo=
-20,-80,sb/RnXar+uD/Le1+1pJZkzVxi0k=,W9lJQgkVzlNORYW1eHE+glmhOlo=
-21,-79,sb/RnXar+uD/Le1+1pJZkzVxi0k=,W9lJQgkVzlNORYW1eHE+glmhOlo=
-20,-79,sb/RnXar+uD/Le1+1pJZkzVxi0k=,W9lJQgkVzlNORYW1eHE+glmhOlo=
-20,-78,sb/RnXar+uD/Le1+1pJZkzVxi0k=,W9lJQgkVzlNORYW1eHE+glmhOlo=
-21,-78,sb/RnXar+uD/Le1+1pJZkzVxi0k=,W9lJQgkVzlNORYW1eHE+glmhOlo=
-21,-68,sb/RnXar+uD/Le1+1pJZkzVxi0k=,8EoK8rVWxeND2bAjqABcM3mdkJg=
-21,-71,sb/RnXar+uD/Le1+1pJZkzVxi0k=,8EoK8rVWxeND2bAjqABcM3mdkJg=
-21,-74,sb/RnXar+uD/Le1+1pJZkzVxi0k=,W9lJQgkVzlNORYW1eHE+glmhOlo=
-24,-79,sb/RnXar+uD/Le1+1pJZkzVxi0k=,W9lJQgkVzlNORYW1eHE+glmhOlo=
-20,-69,sb/RnXar+uD/Le1+1pJZkzVxi0k=,8EoK8rVWxeND2bAjqABcM3mdkJg=
-20,-71,sb/RnXar+uD/Le1+1pJZkzVxi0k=,8EoK8rVWxeND2bAjqABcM3mdkJg=
-26,-78,sb/RnXar+uD/Le1+1pJZkzVxi0k=,RkrsjIzEEkuVi2FDsexxjrUqZI4=
-21,-70,sb/RnXar+uD/Le1+1pJZkzVxi0k=,8EoK8rVWxeND2bAjqABcM3mdkJg=
-23,-79,sb/RnXar+uD/Le1+1pJZkzVxi0k=,W9lJQgkVzlNORYW1eHE+glmhOlo=
-20,-68,sb/RnXar+uD/Le1+1pJZkzVxi0k=,8EoK8rVWxeND2bAjqABcM3mdkJg=
-20,-70,sb/RnXar+uD/Le1+1pJZkzVxi0k=,8EoK8rVWxeND2bAjqABcM3mdkJg=
-20,-74,sb/RnXar+uD/Le1+1pJZkzVxi0k=,W9lJQgkVzlNORYW1eHE+glmhOlo=
-21,-73,sb/RnXar+uD/Le1+1pJZkzVxi0k=,W9lJQgkVzlNORYW1eHE+glmhOlo=
-28,-78,sb/RnXar+uD/Le1+1pJZkzVxi0k=,RkrsjIzEEkuVi2FDsexxjrUqZI4=
-27,-78,sb/RnXar+uD/Le1+1pJZkzVxi0k=,RkrsjIzEEkuVi2FDsexxjrUqZI4=
-29,-78,sb/RnXar+uD/Le1+1pJZkzVxi0k=,RkrsjIzEEkuVi2FDsexxjrUqZI4=
-20,-73,sb/RnXar+uD/Le1+1pJZkzVxi0k=,W9lJQgkVzlNORYW1eHE+glmhOlo=
-20,-72,sb/RnXar+uD/Le1+1pJZkzVxi0k=,8EoK8rVWxeND2bAjqABcM3mdkJg=
-21,-69,sb/RnXar+uD/Le1+1pJZkzVxi0k=,8EoK8rVWxeND2bAjqABcM3mdkJg=
-22,-80,sb/RnXar+uD/Le1+1pJZkzVxi0k=,W9lJQgkVzlNORYW1eHE+glmhOlo=
-25,-79,sb/RnXar+uD/Le1+1pJZkzVxi0k=,RkrsjIzEEkuVi2FDsexxjrUqZI4=
-23,-80,sb/RnXar+uD/Le1+1pJZkzVxi0k=,W9lJQgkVzlNORYW1eHE+glmhOlo=
-25,-80,sb/RnXar+uD/Le1+1pJZkzVxi0k=,RkrsjIzEEkuVi2FDsexxjrUqZI4=
-24,-80,sb/RnXar+uD/Le1+1pJZkzVxi0k=,W9lJQgkVzlNORYW1eHE+glmhOlo=
-26,-80,sb/RnXar+uD/Le1+1pJZkzVxi0k=,RkrsjIzEEkuVi2FDsexxjrUqZI4=
-27,-80,sb/RnXar+uD/Le1+1pJZkzVxi0k=,RkrsjIzEEkuVi2FDsexxjrUqZI4=
-22,-77,sb/RnXar+uD/Le1+1pJZkzVxi0k=,W9lJQgkVzlNORYW1eHE+glmhOlo=
-26,-79,sb/RnXar+uD/Le1+1pJZkzVxi0k=,RkrsjIzEEkuVi2FDsexxjrUqZI4=
-28,-80,sb/RnXar+uD/Le1+1pJZkzVxi0k=,RkrsjIzEEkuVi2FDsexxjrUqZI4=
-20,-75,sb/RnXar+uD/Le1+1pJZkzVxi0k=,W9lJQgkVzlNORYW1eHE+glmhOlo=
-29,-80,sb/RnXar+uD/Le1+1pJZkzVxi0k=,RkrsjIzEEkuVi2FDsexxjrUqZI4=
-27,-79,sb/RnXar+uD/Le1+1pJZkzVxi0k=,RkrsjIzEEkuVi2FDsexxjrUqZI4=
-24,-77,sb/RnXar+uD/Le1+1pJZkzVxi0k=,W9lJQgkVzlNORYW1eHE+glmhOlo=
-23,-77,sb/RnXar+uD/Le1+1pJZkzVxi0k=,W9lJQgkVzlNORYW1eHE+glmhOlo=
-29,-79,sb/RnXar+uD/Le1+1pJZkzVxi0k=,RkrsjIzEEkuVi2FDsexxjrUqZI4=
-22,-78,sb/RnXar+uD/Le1+1pJZkzVxi0k=,W9lJQgkVzlNORYW1eHE+glmhOlo=
-24,-78,sb/RnXar+uD/Le1+1pJZkzVxi0k=,W9lJQgkVzlNORYW1eHE+glmhOlo=
-25,-76,sb/RnXar+uD/Le1+1pJZkzVxi0k=,RkrsjIzEEkuVi2FDsexxjrUqZI4=
-22,-76,sb/RnXar+uD/Le1+1pJZkzVxi0k=,W9lJQgkVzlNORYW1eHE+glmhOlo=
-21,-72,sb/RnXar+uD/Le1+1pJZkzVxi0k=,8EoK8rVWxeND2bAjqABcM3mdkJg=
-23,-78,sb/RnXar+uD/Le1+1pJZkzVxi0k=,W9lJQgkVzlNORYW1eHE+glmhOlo=
-26,-76,sb/RnXar+uD/Le1+1pJZkzVxi0k=,RkrsjIzEEkuVi2FDsexxjrUqZI4=
-27,-76,sb/RnXar+uD/Le1+1pJZkzVxi0k=,RkrsjIzEEkuVi2FDsexxjrUqZI4=
-28,-76,sb/RnXar+uD/Le1+1pJZkzVxi0k=,RkrsjIzEEkuVi2FDsexxjrUqZI4=
-29,-76,sb/RnXar+uD/Le1+1pJZkzVxi0k=,RkrsjIzEEkuVi2FDsexxjrUqZI4=
-25,-77,sb/RnXar+uD/Le1+1pJZkzVxi0k=,RkrsjIzEEkuVi2FDsexxjrUqZI4=
-26,-77,sb/RnXar+uD/Le1+1pJZkzVxi0k=,RkrsjIzEEkuVi2FDsexxjrUqZI4=
-27,-77,sb/RnXar+uD/Le1+1pJZkzVxi0k=,RkrsjIzEEkuVi2FDsexxjrUqZI4=
-24,-76,sb/RnXar+uD/Le1+1pJZkzVxi0k=,W9lJQgkVzlNORYW1eHE+glmhOlo=
-22,-79,sb/RnXar+uD/Le1+1pJZkzVxi0k=,W9lJQgkVzlNORYW1eHE+glmhOlo=
-28,-79,sb/RnXar+uD/Le1+1pJZkzVxi0k=,RkrsjIzEEkuVi2FDsexxjrUqZI4=
-25,-78,sb/RnXar+uD/Le1+1pJZkzVxi0k=,RkrsjIzEEkuVi2FDsexxjrUqZI4=
-21,-75,sb/RnXar+uD/Le1+1pJZkzVxi0k=,W9lJQgkVzlNORYW1eHE+glmhOlo=
-29,-77,sb/RnXar+uD/Le1+1pJZkzVxi0k=,RkrsjIzEEkuVi2FDsexxjrUqZI4=
-28,-77,sb/RnXar+uD/Le1+1pJZkzVxi0k=,RkrsjIzEEkuVi2FDsexxjrUqZI4=
-22,-70,sb/RnXar+uD/Le1+1pJZkzVxi0k=,8EoK8rVWxeND2bAjqABcM3mdkJg=
-23,-76,sb/RnXar+uD/Le1+1pJZkzVxi0k=,W9lJQgkVzlNORYW1eHE+glmhOlo=
-24,-73,sb/RnXar+uD/Le1+1pJZkzVxi0k=,W9lJQgkVzlNORYW1eHE+glmhOlo=
-27,-70,sb/RnXar+uD/Le1+1pJZkzVxi0k=,n18+fLB6hakyjQAIaLwAghALn2Y=
-24,-68,sb/RnXar+uD/Le1+1pJZkzVxi0k=,8EoK8rVWxeND2bAjqABcM3mdkJg=
-28,-70,sb/RnXar+uD/Le1+1pJZkzVxi0k=,n18+fLB6hakyjQAIaLwAghALn2Y=
-29,-70,sb/RnXar+uD/Le1+1pJZkzVxi0k=,n18+fLB6hakyjQAIaLwAghALn2Y=
-24,-71,sb/RnXar+uD/Le1+1pJZkzVxi0k=,8EoK8rVWxeND2bAjqABcM3mdkJg=
-25,-71,sb/RnXar+uD/Le1+1pJZkzVxi0k=,n18+fLB6hakyjQAIaLwAghALn2Y=
-23,-70,sb/RnXar+uD/Le1+1pJZkzVxi0k=,8EoK8rVWxeND2bAjqABcM3mdkJg=
-26,-71,sb/RnXar+uD/Le1+1pJZkzVxi0k=,n18+fLB6hakyjQAIaLwAghALn2Y=
-26,-68,sb/RnXar+uD/Le1+1pJZkzVxi0k=,n18+fLB6hakyjQAIaLwAghALn2Y=
-24,-70,sb/RnXar+uD/Le1+1pJZkzVxi0k=,8EoK8rVWxeND2bAjqABcM3mdkJg=
-27,-71,sb/RnXar+uD/Le1+1pJZkzVxi0k=,n18+fLB6hakyjQAIaLwAghALn2Y=
-23,-73,sb/RnXar+uD/Le1+1pJZkzVxi0k=,W9lJQgkVzlNORYW1eHE+glmhOlo=
-28,-71,sb/RnXar+uD/Le1+1pJZkzVxi0k=,n18+fLB6hakyjQAIaLwAghALn2Y=
-29,-71,sb/RnXar+uD/Le1+1pJZkzVxi0k=,n18+fLB6hakyjQAIaLwAghALn2Y=
-28,-68,sb/RnXar+uD/Le1+1pJZkzVxi0k=,n18+fLB6hakyjQAIaLwAghALn2Y=
-29,-68,sb/RnXar+uD/Le1+1pJZkzVxi0k=,n18+fLB6hakyjQAIaLwAghALn2Y=
-26,-72,sb/RnXar+uD/Le1+1pJZkzVxi0k=,n18+fLB6hakyjQAIaLwAghALn2Y=
-27,-72,sb/RnXar+uD/Le1+1pJZkzVxi0k=,n18+fLB6hakyjQAIaLwAghALn2Y=
-28,-72,sb/RnXar+uD/Le1+1pJZkzVxi0k=,n18+fLB6hakyjQAIaLwAghALn2Y=
-29,-72,sb/RnXar+uD/Le1+1pJZkzVxi0k=,n18+fLB6hakyjQAIaLwAghALn2Y=
-23,-74,sb/RnXar+uD/Le1+1pJZkzVxi0k=,W9lJQgkVzlNORYW1eHE+glmhOlo=
-22,-74,sb/RnXar+uD/Le1+1pJZkzVxi0k=,W9lJQgkVzlNORYW1eHE+glmhOlo=
-26,-73,sb/RnXar+uD/Le1+1pJZkzVxi0k=,RkrsjIzEEkuVi2FDsexxjrUqZI4=
-27,-73,sb/RnXar+uD/Le1+1pJZkzVxi0k=,RkrsjIzEEkuVi2FDsexxjrUqZI4=
-27,-68,sb/RnXar+uD/Le1+1pJZkzVxi0k=,n18+fLB6hakyjQAIaLwAghALn2Y=
-28,-73,sb/RnXar+uD/Le1+1pJZkzVxi0k=,RkrsjIzEEkuVi2FDsexxjrUqZI4=
-24,-74,sb/RnXar+uD/Le1+1pJZkzVxi0k=,W9lJQgkVzlNORYW1eHE+glmhOlo=
-29,-73,sb/RnXar+uD/Le1+1pJZkzVxi0k=,RkrsjIzEEkuVi2FDsexxjrUqZI4=
-25,-74,sb/RnXar+uD/Le1+1pJZkzVxi0k=,RkrsjIzEEkuVi2FDsexxjrUqZI4=
-25,-69,sb/RnXar+uD/Le1+1pJZkzVxi0k=,n18+fLB6hakyjQAIaLwAghALn2Y=
-25,-68,sb/RnXar+uD/Le1+1pJZkzVxi0k=,n18+fLB6hakyjQAIaLwAghALn2Y=
-22,-69,sb/RnXar+uD/Le1+1pJZkzVxi0k=,8EoK8rVWxeND2bAjqABcM3mdkJg=
-26,-74,sb/RnXar+uD/Le1+1pJZkzVxi0k=,RkrsjIzEEkuVi2FDsexxjrUqZI4=
-27,-74,sb/RnXar+uD/Le1+1pJZkzVxi0k=,RkrsjIzEEkuVi2FDsexxjrUqZI4=
-29,-74,sb/RnXar+uD/Le1+1pJZkzVxi0k=,RkrsjIzEEkuVi2FDsexxjrUqZI4=
-28,-74,sb/RnXar+uD/Le1+1pJZkzVxi0k=,RkrsjIzEEkuVi2FDsexxjrUqZI4=
-25,-75,sb/RnXar+uD/Le1+1pJZkzVxi0k=,RkrsjIzEEkuVi2FDsexxjrUqZI4=
-26,-75,sb/RnXar+uD/Le1+1pJZkzVxi0k=,RkrsjIzEEkuVi2FDsexxjrUqZI4=
-22,-73,sb/RnXar+uD/Le1+1pJZkzVxi0k=,W9lJQgkVzlNORYW1eHE+glmhOlo=
-27,-75,sb/RnXar+uD/Le1+1pJZkzVxi0k=,RkrsjIzEEkuVi2FDsexxjrUqZI4=
-26,-69,sb/RnXar+uD/Le1+1pJZkzVxi0k=,n18+fLB6hakyjQAIaLwAghALn2Y=
-27,-69,sb/RnXar+uD/Le1+1pJZkzVxi0k=,n18+fLB6hakyjQAIaLwAghALn2Y=
-28,-75,sb/RnXar+uD/Le1+1pJZkzVxi0k=,RkrsjIzEEkuVi2FDsexxjrUqZI4=
-22,-75,sb/RnXar+uD/Le1+1pJZkzVxi0k=,W9lJQgkVzlNORYW1eHE+glmhOlo=
-29,-75,sb/RnXar+uD/Le1+1pJZkzVxi0k=,RkrsjIzEEkuVi2FDsexxjrUqZI4=
-28,-69,sb/RnXar+uD/Le1+1pJZkzVxi0k=,n18+fLB6hakyjQAIaLwAghALn2Y=
-25,-73,sb/RnXar+uD/Le1+1pJZkzVxi0k=,RkrsjIzEEkuVi2FDsexxjrUqZI4=
-23,-75,sb/RnXar+uD/Le1+1pJZkzVxi0k=,W9lJQgkVzlNORYW1eHE+glmhOlo=
-23,-71,sb/RnXar+uD/Le1+1pJZkzVxi0k=,8EoK8rVWxeND2bAjqABcM3mdkJg=
-23,-72,sb/RnXar+uD/Le1+1pJZkzVxi0k=,8EoK8rVWxeND2bAjqABcM3mdkJg=
-24,-72,sb/RnXar+uD/Le1+1pJZkzVxi0k=,8EoK8rVWxeND2bAjqABcM3mdkJg=
-25,-70,sb/RnXar+uD/Le1+1pJZkzVxi0k=,n18+fLB6hakyjQAIaLwAghALn2Y=
-25,-72,sb/RnXar+uD/Le1+1pJZkzVxi0k=,n18+fLB6hakyjQAIaLwAghALn2Y=
-23,-69,sb/RnXar+uD/Le1+1pJZkzVxi0k=,8EoK8rVWxeND2bAjqABcM3mdkJg=
-29,-69,sb/RnXar+uD/Le1+1pJZkzVxi0k=,n18+fLB6hakyjQAIaLwAghALn2Y=
-26,-70,sb/RnXar+uD/Le1+1pJZkzVxi0k=,n18+fLB6hakyjQAIaLwAghALn2Y=
-22,-68,sb/RnXar+uD/Le1+1pJZkzVxi0k=,8EoK8rVWxeND2bAjqABcM3mdkJg=
-22,-71,sb/RnXar+uD/Le1+1pJZkzVxi0k=,8EoK8rVWxeND2bAjqABcM3mdkJg=
-23,-68,sb/RnXar+uD/Le1+1pJZkzVxi0k=,8EoK8rVWxeND2bAjqABcM3mdkJg=
-24,-69,sb/RnXar+uD/Le1+1pJZkzVxi0k=,8EoK8rVWxeND2bAjqABcM3mdkJg=
-24,-75,sb/RnXar+uD/Le1+1pJZkzVxi0k=,W9lJQgkVzlNORYW1eHE+glmhOlo=
-22,-72,sb/RnXar+uD/Le1+1pJZkzVxi0k=,8EoK8rVWxeND2bAjqABcM3mdkJg=
-19,-68,sb/RnXar+uD/Le1+1pJZkzVxi0k=,8EoK8rVWxeND2bAjqABcM3mdkJg=
-19,-69,sb/RnXar+uD/Le1+1pJZkzVxi0k=,8EoK8rVWxeND2bAjqABcM3mdkJg=
-18,-69,sb/RnXar+uD/Le1+1pJZkzVxi0k=,8EoK8rVWxeND2bAjqABcM3mdkJg=
-18,-68,sb/RnXar+uD/Le1+1pJZkzVxi0k=,8EoK8rVWxeND2bAjqABcM3mdkJg=
-17,-69,sb/RnXar+uD/Le1+1pJZkzVxi0k=,8EoK8rVWxeND2bAjqABcM3mdkJg=
-17,-68,sb/RnXar+uD/Le1+1pJZkzVxi0k=,8EoK8rVWxeND2bAjqABcM3mdkJg=
-29,-67,qEF7IfP9yTMIHLtpt2Fl/vBJVjk=,n18+fLB6hakyjQAIaLwAghALn2Y=
-28,-65,qEF7IfP9yTMIHLtpt2Fl/vBJVjk=,n18+fLB6hakyjQAIaLwAghALn2Y=
-29,-65,qEF7IfP9yTMIHLtpt2Fl/vBJVjk=,n18+fLB6hakyjQAIaLwAghALn2Y=
-28,-66,qEF7IfP9yTMIHLtpt2Fl/vBJVjk=,n18+fLB6hakyjQAIaLwAghALn2Y=
-29,-66,qEF7IfP9yTMIHLtpt2Fl/vBJVjk=,n18+fLB6hakyjQAIaLwAghALn2Y=
-28,-67,qEF7IfP9yTMIHLtpt2Fl/vBJVjk=,n18+fLB6hakyjQAIaLwAghALn2Y=
-24,-66,qEF7IfP9yTMIHLtpt2Fl/vBJVjk=,8EoK8rVWxeND2bAjqABcM3mdkJg=
-17,-67,qEF7IfP9yTMIHLtpt2Fl/vBJVjk=,8EoK8rVWxeND2bAjqABcM3mdkJg=
-23,-67,qEF7IfP9yTMIHLtpt2Fl/vBJVjk=,8EoK8rVWxeND2bAjqABcM3mdkJg=
-23,-66,qEF7IfP9yTMIHLtpt2Fl/vBJVjk=,8EoK8rVWxeND2bAjqABcM3mdkJg=
-22,-66,qEF7IfP9yTMIHLtpt2Fl/vBJVjk=,8EoK8rVWxeND2bAjqABcM3mdkJg=
-21,-66,qEF7IfP9yTMIHLtpt2Fl/vBJVjk=,8EoK8rVWxeND2bAjqABcM3mdkJg=
-25,-65,qEF7IfP9yTMIHLtpt2Fl/vBJVjk=,n18+fLB6hakyjQAIaLwAghALn2Y=
-18,-67,qEF7IfP9yTMIHLtpt2Fl/vBJVjk=,8EoK8rVWxeND2bAjqABcM3mdkJg=
-20,-66,qEF7IfP9yTMIHLtpt2Fl/vBJVjk=,8EoK8rVWxeND2bAjqABcM3mdkJg=
-19,-67,qEF7IfP9yTMIHLtpt2Fl/vBJVjk=,8EoK8rVWxeND2bAjqABcM3mdkJg=
-26,-65,qEF7IfP9yTMIHLtpt2Fl/vBJVjk=,n18+fLB6hakyjQAIaLwAghALn2Y=
-27,-65,qEF7IfP9yTMIHLtpt2Fl/vBJVjk=,n18+fLB6hakyjQAIaLwAghALn2Y=
-27,-66,qEF7IfP9yTMIHLtpt2Fl/vBJVjk=,n18+fLB6hakyjQAIaLwAghALn2Y=
-17,-65,qEF7IfP9yTMIHLtpt2Fl/vBJVjk=,8EoK8rVWxeND2bAjqABcM3mdkJg=
-18,-65,qEF7IfP9yTMIHLtpt2Fl/vBJVjk=,8EoK8rVWxeND2bAjqABcM3mdkJg=
-20,-67,qEF7IfP9yTMIHLtpt2Fl/vBJVjk=,8EoK8rVWxeND2bAjqABcM3mdkJg=
-24,-67,qEF7IfP9yTMIHLtpt2Fl/vBJVjk=,8EoK8rVWxeND2bAjqABcM3mdkJg=
-21,-67,qEF7IfP9yTMIHLtpt2Fl/vBJVjk=,8EoK8rVWxeND2bAjqABcM3mdkJg=
-19,-65,qEF7IfP9yTMIHLtpt2Fl/vBJVjk=,8EoK8rVWxeND2bAjqABcM3mdkJg=
-22,-67,qEF7IfP9yTMIHLtpt2Fl/vBJVjk=,8EoK8rVWxeND2bAjqABcM3mdkJg=
-21,-65,qEF7IfP9yTMIHLtpt2Fl/vBJVjk=,8EoK8rVWxeND2bAjqABcM3mdkJg=
-24,-65,qEF7IfP9yTMIHLtpt2Fl/vBJVjk=,8EoK8rVWxeND2bAjqABcM3mdkJg=
-22,-65,qEF7IfP9yTMIHLtpt2Fl/vBJVjk=,8EoK8rVWxeND2bAjqABcM3mdkJg=
-20,-65,qEF7IfP9yTMIHLtpt2Fl/vBJVjk=,8EoK8rVWxeND2bAjqABcM3mdkJg=
-26,-67,qEF7IfP9yTMIHLtpt2Fl/vBJVjk=,n18+fLB6hakyjQAIaLwAghALn2Y=
-25,-67,qEF7IfP9yTMIHLtpt2Fl/vBJVjk=,n18+fLB6hakyjQAIaLwAghALn2Y=
-27,-67,qEF7IfP9yTMIHLtpt2Fl/vBJVjk=,n18+fLB6hakyjQAIaLwAghALn2Y=
-25,-66,qEF7IfP9yTMIHLtpt2Fl/vBJVjk=,n18+fLB6hakyjQAIaLwAghALn2Y=
-17,-66,qEF7IfP9yTMIHLtpt2Fl/vBJVjk=,8EoK8rVWxeND2bAjqABcM3mdkJg=
-26,-66,qEF7IfP9yTMIHLtpt2Fl/vBJVjk=,n18+fLB6hakyjQAIaLwAghALn2Y=
-19,-66,qEF7IfP9yTMIHLtpt2Fl/vBJVjk=,8EoK8rVWxeND2bAjqABcM3mdkJg=
-32,-69,qEF7IfP9yTMIHLtpt2Fl/vBJVjk=,n18+fLB6hakyjQAIaLwAghALn2Y=
-31,-69,qEF7IfP9yTMIHLtpt2Fl/vBJVjk=,n18+fLB6hakyjQAIaLwAghALn2Y=
-18,-66,qEF7IfP9yTMIHLtpt2Fl/vBJVjk=,8EoK8rVWxeND2bAjqABcM3mdkJg=
-30,-69,qEF7IfP9yTMIHLtpt2Fl/vBJVjk=,n18+fLB6hakyjQAIaLwAghALn2Y=
-30,-68,qEF7IfP9yTMIHLtpt2Fl/vBJVjk=,n18+fLB6hakyjQAIaLwAghALn2Y=
-31,-68,qEF7IfP9yTMIHLtpt2Fl/vBJVjk=,n18+fLB6hakyjQAIaLwAghALn2Y=
-23,-65,qEF7IfP9yTMIHLtpt2Fl/vBJVjk=,8EoK8rVWxeND2bAjqABcM3mdkJg=
-32,-67,qEF7IfP9yTMIHLtpt2Fl/vBJVjk=,n18+fLB6hakyjQAIaLwAghALn2Y=
-30,-66,qEF7IfP9yTMIHLtpt2Fl/vBJVjk=,n18+fLB6hakyjQAIaLwAghALn2Y=
-31,-66,qEF7IfP9yTMIHLtpt2Fl/vBJVjk=,n18+fLB6hakyjQAIaLwAghALn2Y=
-30,-65,qEF7IfP9yTMIHLtpt2Fl/vBJVjk=,n18+fLB6hakyjQAIaLwAghALn2Y=
-31,-65,qEF7IfP9yTMIHLtpt2Fl/vBJVjk=,n18+fLB6hakyjQAIaLwAghALn2Y=
-32,-65,qEF7IfP9yTMIHLtpt2Fl/vBJVjk=,n18+fLB6hakyjQAIaLwAghALn2Y=
-31,-67,qEF7IfP9yTMIHLtpt2Fl/vBJVjk=,n18+fLB6hakyjQAIaLwAghALn2Y=
-32,-68,qEF7IfP9yTMIHLtpt2Fl/vBJVjk=,n18+fLB6hakyjQAIaLwAghALn2Y=
-32,-66,qEF7IfP9yTMIHLtpt2Fl/vBJVjk=,n18+fLB6hakyjQAIaLwAghALn2Y=
-30,-67,qEF7IfP9yTMIHLtpt2Fl/vBJVjk=,n18+fLB6hakyjQAIaLwAghALn2Y=
-32,-77,qEF7IfP9yTMIHLtpt2Fl/vBJVjk=,RkrsjIzEEkuVi2FDsexxjrUqZI4=
-31,-70,qEF7IfP9yTMIHLtpt2Fl/vBJVjk=,n18+fLB6hakyjQAIaLwAghALn2Y=
-30,-78,qEF7IfP9yTMIHLtpt2Fl/vBJVjk=,RkrsjIzEEkuVi2FDsexxjrUqZI4=
-32,-70,qEF7IfP9yTMIHLtpt2Fl/vBJVjk=,n18+fLB6hakyjQAIaLwAghALn2Y=
-31,-78,qEF7IfP9yTMIHLtpt2Fl/vBJVjk=,RkrsjIzEEkuVi2FDsexxjrUqZI4=
-30,-70,qEF7IfP9yTMIHLtpt2Fl/vBJVjk=,n18+fLB6hakyjQAIaLwAghALn2Y=
-31,-71,qEF7IfP9yTMIHLtpt2Fl/vBJVjk=,n18+fLB6hakyjQAIaLwAghALn2Y=
-32,-71,qEF7IfP9yTMIHLtpt2Fl/vBJVjk=,n18+fLB6hakyjQAIaLwAghALn2Y=
-31,-77,qEF7IfP9yTMIHLtpt2Fl/vBJVjk=,RkrsjIzEEkuVi2FDsexxjrUqZI4=
-32,-78,qEF7IfP9yTMIHLtpt2Fl/vBJVjk=,RkrsjIzEEkuVi2FDsexxjrUqZI4=
-32,-72,qEF7IfP9yTMIHLtpt2Fl/vBJVjk=,n18+fLB6hakyjQAIaLwAghALn2Y=
-30,-71,qEF7IfP9yTMIHLtpt2Fl/vBJVjk=,n18+fLB6hakyjQAIaLwAghALn2Y=
-30,-72,qEF7IfP9yTMIHLtpt2Fl/vBJVjk=,n18+fLB6hakyjQAIaLwAghALn2Y=
-31,-79,qEF7IfP9yTMIHLtpt2Fl/vBJVjk=,RkrsjIzEEkuVi2FDsexxjrUqZI4=
-31,-72,qEF7IfP9yTMIHLtpt2Fl/vBJVjk=,n18+fLB6hakyjQAIaLwAghALn2Y=
-30,-73,qEF7IfP9yTMIHLtpt2Fl/vBJVjk=,RkrsjIzEEkuVi2FDsexxjrUqZI4=
-30,-77,qEF7IfP9yTMIHLtpt2Fl/vBJVjk=,RkrsjIzEEkuVi2FDsexxjrUqZI4=
-32,-80,qEF7IfP9yTMIHLtpt2Fl/vBJVjk=,RkrsjIzEEkuVi2FDsexxjrUqZI4=
-31,-80,qEF7IfP9yTMIHLtpt2Fl/vBJVjk=,RkrsjIzEEkuVi2FDsexxjrUqZI4=
-32,-73,qEF7IfP9yTMIHLtpt2Fl/vBJVjk=,RkrsjIzEEkuVi2FDsexxjrUqZI4=
-32,-79,qEF7IfP9yTMIHLtpt2Fl/vBJVjk=,RkrsjIzEEkuVi2FDsexxjrUqZI4=
-30,-80,qEF7IfP9yTMIHLtpt2Fl/vBJVjk=,RkrsjIzEEkuVi2FDsexxjrUqZI4=
-30,-79,qEF7IfP9yTMIHLtpt2Fl/vBJVjk=,RkrsjIzEEkuVi2FDsexxjrUqZI4=
-31,-74,qEF7IfP9yTMIHLtpt2Fl/vBJVjk=,RkrsjIzEEkuVi2FDsexxjrUqZI4=
-32,-74,qEF7IfP9yTMIHLtpt2Fl/vBJVjk=,RkrsjIzEEkuVi2FDsexxjrUqZI4=
-32,-75,qEF7IfP9yTMIHLtpt2Fl/vBJVjk=,RkrsjIzEEkuVi2FDsexxjrUqZI4=
-30,-74,qEF7IfP9yTMIHLtpt2Fl/vBJVjk=,RkrsjIzEEkuVi2FDsexxjrUqZI4=
-30,-75,qEF7IfP9yTMIHLtpt2Fl/vBJVjk=,RkrsjIzEEkuVi2FDsexxjrUqZI4=
-31,-75,qEF7IfP9yTMIHLtpt2Fl/vBJVjk=,RkrsjIzEEkuVi2FDsexxjrUqZI4=
-31,-73,qEF7IfP9yTMIHLtpt2Fl/vBJVjk=,RkrsjIzEEkuVi2FDsexxjrUqZI4=
-32,-76,qEF7IfP9yTMIHLtpt2Fl/vBJVjk=,RkrsjIzEEkuVi2FDsexxjrUqZI4=
-31,-76,qEF7IfP9yTMIHLtpt2Fl/vBJVjk=,RkrsjIzEEkuVi2FDsexxjrUqZI4=
-30,-76,qEF7IfP9yTMIHLtpt2Fl/vBJVjk=,RkrsjIzEEkuVi2FDsexxjrUqZI4=
-19,-80,qEF7IfP9yTMIHLtpt2Fl/vBJVjk=,W9lJQgkVzlNORYW1eHE+glmhOlo=
-18,-80,qEF7IfP9yTMIHLtpt2Fl/vBJVjk=,W9lJQgkVzlNORYW1eHE+glmhOlo=
-17,-80,qEF7IfP9yTMIHLtpt2Fl/vBJVjk=,W9lJQgkVzlNORYW1eHE+glmhOlo=
-17,-77,qEF7IfP9yTMIHLtpt2Fl/vBJVjk=,W9lJQgkVzlNORYW1eHE+glmhOlo=
-17,-73,qEF7IfP9yTMIHLtpt2Fl/vBJVjk=,W9lJQgkVzlNORYW1eHE+glmhOlo=
-19,-77,qEF7IfP9yTMIHLtpt2Fl/vBJVjk=,W9lJQgkVzlNORYW1eHE+glmhOlo=
-18,-72,qEF7IfP9yTMIHLtpt2Fl/vBJVjk=,8EoK8rVWxeND2bAjqABcM3mdkJg=
-18,-77,qEF7IfP9yTMIHLtpt2Fl/vBJVjk=,W9lJQgkVzlNORYW1eHE+glmhOlo=
-18,-71,qEF7IfP9yTMIHLtpt2Fl/vBJVjk=,8EoK8rVWxeND2bAjqABcM3mdkJg=
-19,-74,qEF7IfP9yTMIHLtpt2Fl/vBJVjk=,W9lJQgkVzlNORYW1eHE+glmhOlo=
-18,-74,qEF7IfP9yTMIHLtpt2Fl/vBJVjk=,W9lJQgkVzlNORYW1eHE+glmhOlo=
-17,-71,qEF7IfP9yTMIHLtpt2Fl/vBJVjk=,8EoK8rVWxeND2bAjqABcM3mdkJg=
-17,-72,qEF7IfP9yTMIHLtpt2Fl/vBJVjk=,8EoK8rVWxeND2bAjqABcM3mdkJg=
-17,-78,qEF7IfP9yTMIHLtpt2Fl/vBJVjk=,W9lJQgkVzlNORYW1eHE+glmhOlo=
-19,-78,qEF7IfP9yTMIHLtpt2Fl/vBJVjk=,W9lJQgkVzlNORYW1eHE+glmhOlo=
-18,-78,qEF7IfP9yTMIHLtpt2Fl/vBJVjk=,W9lJQgkVzlNORYW1eHE+glmhOlo=
-18,-73,qEF7IfP9yTMIHLtpt2Fl/vBJVjk=,W9lJQgkVzlNORYW1eHE+glmhOlo=
-19,-73,qEF7IfP9yTMIHLtpt2Fl/vBJVjk=,W9lJQgkVzlNORYW1eHE+glmhOlo=
-19,-72,qEF7IfP9yTMIHLtpt2Fl/vBJVjk=,8EoK8rVWxeND2bAjqABcM3mdkJg=
-18,-75,qEF7IfP9yTMIHLtpt2Fl/vBJVjk=,W9lJQgkVzlNORYW1eHE+glmhOlo=
-17,-79,qEF7IfP9yTMIHLtpt2Fl/vBJVjk=,W9lJQgkVzlNORYW1eHE+glmhOlo=
-17,-75,qEF7IfP9yTMIHLtpt2Fl/vBJVjk=,W9lJQgkVzlNORYW1eHE+glmhOlo=
-17,-70,qEF7IfP9yTMIHLtpt2Fl/vBJVjk=,8EoK8rVWxeND2bAjqABcM3mdkJg=
-19,-79,qEF7IfP9yTMIHLtpt2Fl/vBJVjk=,W9lJQgkVzlNORYW1eHE+glmhOlo=
-17,-74,qEF7IfP9yTMIHLtpt2Fl/vBJVjk=,W9lJQgkVzlNORYW1eHE+glmhOlo=
-18,-70,qEF7IfP9yTMIHLtpt2Fl/vBJVjk=,8EoK8rVWxeND2bAjqABcM3mdkJg=
-19,-70,qEF7IfP9yTMIHLtpt2Fl/vBJVjk=,8EoK8rVWxeND2bAjqABcM3mdkJg=
-18,-79,qEF7IfP9yTMIHLtpt2Fl/vBJVjk=,W9lJQgkVzlNORYW1eHE+glmhOlo=
-19,-76,qEF7IfP9yTMIHLtpt2Fl/vBJVjk=,W9lJQgkVzlNORYW1eHE+glmhOlo=
-17,-76,qEF7IfP9yTMIHLtpt2Fl/vBJVjk=,W9lJQgkVzlNORYW1eHE+glmhOlo=
-18,-76,qEF7IfP9yTMIHLtpt2Fl/vBJVjk=,W9lJQgkVzlNORYW1eHE+glmhOlo=
-19,-75,qEF7IfP9yTMIHLtpt2Fl/vBJVjk=,W9lJQgkVzlNORYW1eHE+glmhOlo=
-19,-71,qEF7IfP9yTMIHLtpt2Fl/vBJVjk=,8EoK8rVWxeND2bAjqABcM3mdkJg=
