-56,36,BnKzoIPJcXXlXYHyBMyILM5Nuz4=,SQl4OY/eEOwcKnVBjVfPsk9cBeM=
-52,35,BnKzoIPJcXXlXYHyBMyILM5Nuz4=,SQl4OY/eEOwcKnVBjVfPsk9cBeM=
-53,36,BnKzoIPJcXXlXYHyBMyILM5Nuz4=,SQl4OY/eEOwcKnVBjVfPsk9cBeM=
-54,35,BnKzoIPJcXXlXYHyBMyILM5Nuz4=,SQl4OY/eEOwcKnVBjVfPsk9cBeM=
-61,43,BnKzoIPJcXXlXYHyBMyILM5Nuz4=,NMDejyzt5O3fiCIB8pMgg0BPdD0=
-56,35,BnKzoIPJcXXlXYHyBMyILM5Nuz4=,SQl4OY/eEOwcKnVBjVfPsk9cBeM=
-57,35,QuNnITDyTmPSVCvu8W7ZUM+gHdA=,NMDejyzt5O3fiCIB8pMgg0BPdD0=
-61,36,QuNnITDyTmPSVCvu8W7ZUM+gHdA=,NMDejyzt5O3fiCIB8pMgg0BPdD0=
-60,35,QuNnITDyTmPSVCvu8W7ZUM+gHdA=,NMDejyzt5O3fiCIB8pMgg0BPdD0=
-58,35,QuNnITDyTmPSVCvu8W7ZUM+gHdA=,NMDejyzt5O3fiCIB8pMgg0BPdD0=
-59,35,QuNnITDyTmPSVCvu8W7ZUM+gHdA=,NMDejyzt5O3fiCIB8pMgg0BPdD0=
-60,43,QuNnITDyTmPSVCvu8W7ZUM+gHdA=,NMDejyzt5O3fiCIB8pMgg0BPdD0=
-61,42,QuNnITDyTmPSVCvu8W7ZUM+gHdA=,NMDejyzt5O3fiCIB8pMgg0BPdD0=
-60,41,QuNnITDyTmPSVCvu8W7ZUM+gHdA=,NMDejyzt5O3fiCIB8pMgg0BPdD0=
-60,42,QuNnITDyTmPSVCvu8W7ZUM+gHdA=,NMDejyzt5O3fiCIB8pMgg0BPdD0=
-60,38,QuNnITDyTmPSVCvu8W7ZUM+gHdA=,NMDejyzt5O3fiCIB8pMgg0BPdD0=
-60,37,QuNnITDyTmPSVCvu8W7ZUM+gHdA=,NMDejyzt5O3fiCIB8pMgg0BPdD0=
-61,41,QuNnITDyTmPSVCvu8W7ZUM+gHdA=,NMDejyzt5O3fiCIB8pMgg0BPdD0=
-61,37,QuNnITDyTmPSVCvu8W7ZUM+gHdA=,NMDejyzt5O3fiCIB8pMgg0BPdD0=
-61,38,QuNnITDyTmPSVCvu8W7ZUM+gHdA=,NMDejyzt5O3fiCIB8pMgg0BPdD0=
-60,40,QuNnITDyTmPSVCvu8W7ZUM+gHdA=,NMDejyzt5O3fiCIB8pMgg0BPdD0=
-61,44,QuNnITDyTmPSVCvu8W7ZUM+gHdA=,NMDejyzt5O3fiCIB8pMgg0BPdD0=
-61,39,QuNnITDyTmPSVCvu8W7ZUM+gHdA=,NMDejyzt5O3fiCIB8pMgg0BPdD0=
-60,39,QuNnITDyTmPSVCvu8W7ZUM+gHdA=,NMDejyzt5O3fiCIB8pMgg0BPdD0=
-57,36,QuNnITDyTmPSVCvu8W7ZUM+gHdA=,NMDejyzt5O3fiCIB8pMgg0BPdD0=
-52,36,QuNnITDyTmPSVCvu8W7ZUM+gHdA=,SQl4OY/eEOwcKnVBjVfPsk9cBeM=
-59,36,QuNnITDyTmPSVCvu8W7ZUM+gHdA=,NMDejyzt5O3fiCIB8pMgg0BPdD0=
-55,36,QuNnITDyTmPSVCvu8W7ZUM+gHdA=,SQl4OY/eEOwcKnVBjVfPsk9cBeM=
-54,36,QuNnITDyTmPSVCvu8W7ZUM+gHdA=,SQl4OY/eEOwcKnVBjVfPsk9cBeM=
-60,36,QuNnITDyTmPSVCvu8W7ZUM+gHdA=,NMDejyzt5O3fiCIB8pMgg0BPdD0=
-58,36,QuNnITDyTmPSVCvu8W7ZUM+gHdA=,NMDejyzt5O3fiCIB8pMgg0BPdD0=
-61,40,QuNnITDyTmPSVCvu8W7ZUM+gHdA=,NMDejyzt5O3fiCIB8pMgg0BPdD0=
-53,35,QuNnITDyTmPSVCvu8W7ZUM+gHdA=,SQl4OY/eEOwcKnVBjVfPsk9cBeM=
-61,35,QuNnITDyTmPSVCvu8W7ZUM+gHdA=,NMDejyzt5O3fiCIB8pMgg0BPdD0=
-55,35,QuNnITDyTmPSVCvu8W7ZUM+gHdA=,SQl4OY/eEOwcKnVBjVfPsk9cBeM=
-52,42,QuNnITDyTmPSVCvu8W7ZUM+gHdA=,F6Lh9vrwOKjL0DEB85e7aLFA2wI=
-54,39,QuNnITDyTmPSVCvu8W7ZUM+gHdA=,SQl4OY/eEOwcKnVBjVfPsk9cBeM=
-53,39,QuNnITDyTmPSVCvu8W7ZUM+gHdA=,SQl4OY/eEOwcKnVBjVfPsk9cBeM=
-52,39,QuNnITDyTmPSVCvu8W7ZUM+gHdA=,SQl4OY/eEOwcKnVBjVfPsk9cBeM=
-58,43,QuNnITDyTmPSVCvu8W7ZUM+gHdA=,NMDejyzt5O3fiCIB8pMgg0BPdD0=
-55,39,QuNnITDyTmPSVCvu8W7ZUM+gHdA=,SQl4OY/eEOwcKnVBjVfPsk9cBeM=
-57,42,QuNnITDyTmPSVCvu8W7ZUM+gHdA=,NMDejyzt5O3fiCIB8pMgg0BPdD0=
-60,44,QuNnITDyTmPSVCvu8W7ZUM+gHdA=,NMDejyzt5O3fiCIB8pMgg0BPdD0=
-57,43,QuNnITDyTmPSVCvu8W7ZUM+gHdA=,NMDejyzt5O3fiCIB8pMgg0BPdD0=
-56,39,QuNnITDyTmPSVCvu8W7ZUM+gHdA=,SQl4OY/eEOwcKnVBjVfPsk9cBeM=
-58,42,QuNnITDyTmPSVCvu8W7ZUM+gHdA=,NMDejyzt5O3fiCIB8pMgg0BPdD0=
-52,43,QuNnITDyTmPSVCvu8W7ZUM+gHdA=,F6Lh9vrwOKjL0DEB85e7aLFA2wI=
-57,41,QuNnITDyTmPSVCvu8W7ZUM+gHdA=,NMDejyzt5O3fiCIB8pMgg0BPdD0=
-53,37,QuNnITDyTmPSVCvu8W7ZUM+gHdA=,SQl4OY/eEOwcKnVBjVfPsk9cBeM=
-54,37,QuNnITDyTmPSVCvu8W7ZUM+gHdA=,SQl4OY/eEOwcKnVBjVfPsk9cBeM=
-59,42,QuNnITDyTmPSVCvu8W7ZUM+gHdA=,NMDejyzt5O3fiCIB8pMgg0BPdD0=
-54,43,QuNnITDyTmPSVCvu8W7ZUM+gHdA=,F6Lh9vrwOKjL0DEB85e7aLFA2wI=
-53,43,QuNnITDyTmPSVCvu8W7ZUM+gHdA=,F6Lh9vrwOKjL0DEB85e7aLFA2wI=
-53,42,QuNnITDyTmPSVCvu8W7ZUM+gHdA=,F6Lh9vrwOKjL0DEB85e7aLFA2wI=
-55,37,QuNnITDyTmPSVCvu8W7ZUM+gHdA=,SQl4OY/eEOwcKnVBjVfPsk9cBeM=
-58,38,QuNnITDyTmPSVCvu8W7ZUM+gHdA=,NMDejyzt5O3fiCIB8pMgg0BPdD0=
-57,38,QuNnITDyTmPSVCvu8W7ZUM+gHdA=,NMDejyzt5O3fiCIB8pMgg0BPdD0=
-55,43,QuNnITDyTmPSVCvu8W7ZUM+gHdA=,F6Lh9vrwOKjL0DEB85e7aLFA2wI=
-58,41,QuNnITDyTmPSVCvu8W7ZUM+gHdA=,NMDejyzt5O3fiCIB8pMgg0BPdD0=
-59,41,QuNnITDyTmPSVCvu8W7ZUM+gHdA=,NMDejyzt5O3fiCIB8pMgg0BPdD0=
-52,37,QuNnITDyTmPSVCvu8W7ZUM+gHdA=,SQl4OY/eEOwcKnVBjVfPsk9cBeM=
-56,37,QuNnITDyTmPSVCvu8W7ZUM+gHdA=,SQl4OY/eEOwcKnVBjVfPsk9cBeM=
-54,42,QuNnITDyTmPSVCvu8W7ZUM+gHdA=,F6Lh9vrwOKjL0DEB85e7aLFA2wI=
-57,37,QuNnITDyTmPSVCvu8W7ZUM+gHdA=,NMDejyzt5O3fiCIB8pMgg0BPdD0=
-59,38,QuNnITDyTmPSVCvu8W7ZUM+gHdA=,NMDejyzt5O3fiCIB8pMgg0BPdD0=
-58,40,QuNnITDyTmPSVCvu8W7ZUM+gHdA=,NMDejyzt5O3fiCIB8pMgg0BPdD0=
-57,40,QuNnITDyTmPSVCvu8W7ZUM+gHdA=,NMDejyzt5O3fiCIB8pMgg0BPdD0=
-56,42,QuNnITDyTmPSVCvu8W7ZUM+gHdA=,F6Lh9vrwOKjL0DEB85e7aLFA2wI=
-55,42,QuNnITDyTmPSVCvu8W7ZUM+gHdA=,F6Lh9vrwOKjL0DEB85e7aLFA2wI=
-59,37,QuNnITDyTmPSVCvu8W7ZUM+gHdA=,NMDejyzt5O3fiCIB8pMgg0BPdD0=
-59,40,QuNnITDyTmPSVCvu8W7ZUM+gHdA=,NMDejyzt5O3fiCIB8pMgg0BPdD0=
-57,39,QuNnITDyTmPSVCvu8W7ZUM+gHdA=,NMDejyzt5O3fiCIB8pMgg0BPdD0=
-52,38,QuNnITDyTmPSVCvu8W7ZUM+gHdA=,SQl4OY/eEOwcKnVBjVfPsk9cBeM=
-56,44,QuNnITDyTmPSVCvu8W7ZUM+gHdA=,F6Lh9vrwOKjL0DEB85e7aLFA2wI=
-53,38,QuNnITDyTmPSVCvu8W7ZUM+gHdA=,SQl4OY/eEOwcKnVBjVfPsk9cBeM=
-58,39,QuNnITDyTmPSVCvu8W7ZUM+gHdA=,NMDejyzt5O3fiCIB8pMgg0BPdD0=
-52,41,QuNnITDyTmPSVCvu8W7ZUM+gHdA=,F6Lh9vrwOKjL0DEB85e7aLFA2wI=
-59,39,QuNnITDyTmPSVCvu8W7ZUM+gHdA=,NMDejyzt5O3fiCIB8pMgg0BPdD0=
-58,37,QuNnITDyTmPSVCvu8W7ZUM+gHdA=,NMDejyzt5O3fiCIB8pMgg0BPdD0=
-56,43,QuNnITDyTmPSVCvu8W7ZUM+gHdA=,F6Lh9vrwOKjL0DEB85e7aLFA2wI=
-59,44,QuNnITDyTmPSVCvu8W7ZUM+gHdA=,NMDejyzt5O3fiCIB8pMgg0BPdD0=
-53,41,QuNnITDyTmPSVCvu8W7ZUM+gHdA=,F6Lh9vrwOKjL0DEB85e7aLFA2wI=
-58,44,QuNnITDyTmPSVCvu8W7ZUM+gHdA=,NMDejyzt5O3fiCIB8pMgg0BPdD0=
-57,44,QuNnITDyTmPSVCvu8W7ZUM+gHdA=,NMDejyzt5O3fiCIB8pMgg0BPdD0=
-54,41,QuNnITDyTmPSVCvu8W7ZUM+gHdA=,F6Lh9vrwOKjL0DEB85e7aLFA2wI=
-54,38,QuNnITDyTmPSVCvu8W7ZUM+gHdA=,SQl4OY/eEOwcKnVBjVfPsk9cBeM=
-55,38,QuNnITDyTmPSVCvu8W7ZUM+gHdA=,SQl4OY/eEOwcKnVBjVfPsk9cBeM=
-55,41,QuNnITDyTmPSVCvu8W7ZUM+gHdA=,F6Lh9vrwOKjL0DEB85e7aLFA2wI=
-56,41,QuNnITDyTmPSVCvu8W7ZUM+gHdA=,F6Lh9vrwOKjL0DEB85e7aLFA2wI=
-52,40,QuNnITDyTmPSVCvu8W7ZUM+gHdA=,F6Lh9vrwOKjL0DEB85e7aLFA2wI=
-56,38,QuNnITDyTmPSVCvu8W7ZUM+gHdA=,SQl4OY/eEOwcKnVBjVfPsk9cBeM=
-59,43,QuNnITDyTmPSVCvu8W7ZUM+gHdA=,NMDejyzt5O3fiCIB8pMgg0BPdD0=
-56,40,QuNnITDyTmPSVCvu8W7ZUM+gHdA=,F6Lh9vrwOKjL0DEB85e7aLFA2wI=
-53,40,QuNnITDyTmPSVCvu8W7ZUM+gHdA=,F6Lh9vrwOKjL0DEB85e7aLFA2wI=
-54,40,QuNnITDyTmPSVCvu8W7ZUM+gHdA=,F6Lh9vrwOKjL0DEB85e7aLFA2wI=
-54,44,QuNnITDyTmPSVCvu8W7ZUM+gHdA=,F6Lh9vrwOKjL0DEB85e7aLFA2wI=
-55,40,QuNnITDyTmPSVCvu8W7ZUM+gHdA=,F6Lh9vrwOKjL0DEB85e7aLFA2wI=
-53,44,QuNnITDyTmPSVCvu8W7ZUM+gHdA=,F6Lh9vrwOKjL0DEB85e7aLFA2wI=
-52,44,QuNnITDyTmPSVCvu8W7ZUM+gHdA=,F6Lh9vrwOKjL0DEB85e7aLFA2wI=
-55,44,QuNnITDyTmPSVCvu8W7ZUM+gHdA=,F6Lh9vrwOKjL0DEB85e7aLFA2wI=
-61,34,QuNnITDyTmPSVCvu8W7ZUM+gHdA=,NMDejyzt5O3fiCIB8pMgg0BPdD0=
-60,32,QuNnITDyTmPSVCvu8W7ZUM+gHdA=,NMDejyzt5O3fiCIB8pMgg0BPdD0=
-61,32,QuNnITDyTmPSVCvu8W7ZUM+gHdA=,NMDejyzt5O3fiCIB8pMgg0BPdD0=
-60,33,QuNnITDyTmPSVCvu8W7ZUM+gHdA=,NMDejyzt5O3fiCIB8pMgg0BPdD0=
-61,33,QuNnITDyTmPSVCvu8W7ZUM+gHdA=,NMDejyzt5O3fiCIB8pMgg0BPdD0=
-60,34,QuNnITDyTmPSVCvu8W7ZUM+gHdA=,NMDejyzt5O3fiCIB8pMgg0BPdD0=
-59,34,QuNnITDyTmPSVCvu8W7ZUM+gHdA=,NMDejyzt5O3fiCIB8pMgg0BPdD0=
-52,34,QuNnITDyTmPSVCvu8W7ZUM+gHdA=,SQl4OY/eEOwcKnVBjVfPsk9cBeM=
-58,34,QuNnITDyTmPSVCvu8W7ZUM+gHdA=,NMDejyzt5O3fiCIB8pMgg0BPdD0=
-59,33,QuNnITDyTmPSVCvu8W7ZUM+gHdA=,NMDejyzt5O3fiCIB8pMgg0BPdD0=
-58,33,QuNnITDyTmPSVCvu8W7ZUM+gHdA=,NMDejyzt5O3fiCIB8pMgg0BPdD0=
-59,32,QuNnITDyTmPSVCvu8W7ZUM+gHdA=,NMDejyzt5O3fiCIB8pMgg0BPdD0=
-58,32,QuNnITDyTmPSVCvu8W7ZUM+gHdA=,NMDejyzt5O3fiCIB8pMgg0BPdD0=
-57,33,QuNnITDyTmPSVCvu8W7ZUM+gHdA=,NMDejyzt5O3fiCIB8pMgg0BPdD0=
-57,32,QuNnITDyTmPSVCvu8W7ZUM+gHdA=,NMDejyzt5O3fiCIB8pMgg0BPdD0=
-56,32,QuNnITDyTmPSVCvu8W7ZUM+gHdA=,SQl4OY/eEOwcKnVBjVfPsk9cBeM=
-54,32,QuNnITDyTmPSVCvu8W7ZUM+gHdA=,SQl4OY/eEOwcKnVBjVfPsk9cBeM=
-53,32,QuNnITDyTmPSVCvu8W7ZUM+gHdA=,SQl4OY/eEOwcKnVBjVfPsk9cBeM=
-56,33,QuNnITDyTmPSVCvu8W7ZUM+gHdA=,SQl4OY/eEOwcKnVBjVfPsk9cBeM=
-55,32,QuNnITDyTmPSVCvu8W7ZUM+gHdA=,SQl4OY/eEOwcKnVBjVfPsk9cBeM=
-52,32,QuNnITDyTmPSVCvu8W7ZUM+gHdA=,SQl4OY/eEOwcKnVBjVfPsk9cBeM=
-55,33,QuNnITDyTmPSVCvu8W7ZUM+gHdA=,SQl4OY/eEOwcKnVBjVfPsk9cBeM=
-53,33,QuNnITDyTmPSVCvu8W7ZUM+gHdA=,SQl4OY/eEOwcKnVBjVfPsk9cBeM=
-54,33,QuNnITDyTmPSVCvu8W7ZUM+gHdA=,SQl4OY/eEOwcKnVBjVfPsk9cBeM=
-56,34,QuNnITDyTmPSVCvu8W7ZUM+gHdA=,SQl4OY/eEOwcKnVBjVfPsk9cBeM=
-52,33,QuNnITDyTmPSVCvu8W7ZUM+gHdA=,SQl4OY/eEOwcKnVBjVfPsk9cBeM=
-55,34,QuNnITDyTmPSVCvu8W7ZUM+gHdA=,SQl4OY/eEOwcKnVBjVfPsk9cBeM=
-57,34,QuNnITDyTmPSVCvu8W7ZUM+gHdA=,NMDejyzt5O3fiCIB8pMgg0BPdD0=
-53,34,QuNnITDyTmPSVCvu8W7ZUM+gHdA=,SQl4OY/eEOwcKnVBjVfPsk9cBeM=
-54,34,QuNnITDyTmPSVCvu8W7ZUM+gHdA=,SQl4OY/eEOwcKnVBjVfPsk9cBeM=
-51,35,QuNnITDyTmPSVCvu8W7ZUM+gHdA=,SQl4OY/eEOwcKnVBjVfPsk9cBeM=
-50,35,QuNnITDyTmPSVCvu8W7ZUM+gHdA=,SQl4OY/eEOwcKnVBjVfPsk9cBeM=
-49,35,QuNnITDyTmPSVCvu8W7ZUM+gHdA=,SQl4OY/eEOwcKnVBjVfPsk9cBeM=
-51,36,Ehr+D7OeHPeUUSPu+XNGwbHIhaM=,SQl4OY/eEOwcKnVBjVfPsk9cBeM=
-49,33,Ehr+D7OeHPeUUSPu+XNGwbHIhaM=,SQl4OY/eEOwcKnVBjVfPsk9cBeM=
-49,34,Ehr+D7OeHPeUUSPu+XNGwbHIhaM=,SQl4OY/eEOwcKnVBjVfPsk9cBeM=
-50,36,Ehr+D7OeHPeUUSPu+XNGwbHIhaM=,SQl4OY/eEOwcKnVBjVfPsk9cBeM=
-50,33,Ehr+D7OeHPeUUSPu+XNGwbHIhaM=,SQl4OY/eEOwcKnVBjVfPsk9cBeM=
-50,34,Ehr+D7OeHPeUUSPu+XNGwbHIhaM=,SQl4OY/eEOwcKnVBjVfPsk9cBeM=
-51,33,Ehr+D7OeHPeUUSPu+XNGwbHIhaM=,SQl4OY/eEOwcKnVBjVfPsk9cBeM=
-49,32,Ehr+D7OeHPeUUSPu+XNGwbHIhaM=,SQl4OY/eEOwcKnVBjVfPsk9cBeM=
-51,34,Ehr+D7OeHPeUUSPu+XNGwbHIhaM=,SQl4OY/eEOwcKnVBjVfPsk9cBeM=
-50,32,Ehr+D7OeHPeUUSPu+XNGwbHIhaM=,SQl4OY/eEOwcKnVBjVfPsk9cBeM=
-51,32,Ehr+D7OeHPeUUSPu+XNGwbHIhaM=,SQl4OY/eEOwcKnVBjVfPsk9cBeM=
-49,36,Ehr+D7OeHPeUUSPu+XNGwbHIhaM=,SQl4OY/eEOwcKnVBjVfPsk9cBeM=
-50,42,Ehr+D7OeHPeUUSPu+XNGwbHIhaM=,F6Lh9vrwOKjL0DEB85e7aLFA2wI=
-51,43,Ehr+D7OeHPeUUSPu+XNGwbHIhaM=,F6Lh9vrwOKjL0DEB85e7aLFA2wI=
-50,43,Ehr+D7OeHPeUUSPu+XNGwbHIhaM=,F6Lh9vrwOKjL0DEB85e7aLFA2wI=
-51,42,Ehr+D7OeHPeUUSPu+XNGwbHIhaM=,F6Lh9vrwOKjL0DEB85e7aLFA2wI=
-49,39,Ehr+D7OeHPeUUSPu+XNGwbHIhaM=,SQl4OY/eEOwcKnVBjVfPsk9cBeM=
-49,38,Ehr+D7OeHPeUUSPu+XNGwbHIhaM=,SQl4OY/eEOwcKnVBjVfPsk9cBeM=
-50,39,Ehr+D7OeHPeUUSPu+XNGwbHIhaM=,SQl4OY/eEOwcKnVBjVfPsk9cBeM=
-49,41,Ehr+D7OeHPeUUSPu+XNGwbHIhaM=,F6Lh9vrwOKjL0DEB85e7aLFA2wI=
-51,39,Ehr+D7OeHPeUUSPu+XNGwbHIhaM=,SQl4OY/eEOwcKnVBjVfPsk9cBeM=
-50,41,Ehr+D7OeHPeUUSPu+XNGwbHIhaM=,F6Lh9vrwOKjL0DEB85e7aLFA2wI=
-50,38,Ehr+D7OeHPeUUSPu+XNGwbHIhaM=,SQl4OY/eEOwcKnVBjVfPsk9cBeM=
-51,41,Ehr+D7OeHPeUUSPu+XNGwbHIhaM=,F6Lh9vrwOKjL0DEB85e7aLFA2wI=
-49,42,Ehr+D7OeHPeUUSPu+XNGwbHIhaM=,F6Lh9vrwOKjL0DEB85e7aLFA2wI=
-51,38,Ehr+D7OeHPeUUSPu+XNGwbHIhaM=,SQl4OY/eEOwcKnVBjVfPsk9cBeM=
-49,44,Ehr+D7OeHPeUUSPu+XNGwbHIhaM=,F6Lh9vrwOKjL0DEB85e7aLFA2wI=
-49,40,Ehr+D7OeHPeUUSPu+XNGwbHIhaM=,F6Lh9vrwOKjL0DEB85e7aLFA2wI=
-50,40,Ehr+D7OeHPeUUSPu+XNGwbHIhaM=,F6Lh9vrwOKjL0DEB85e7aLFA2wI=
-49,37,Ehr+D7OeHPeUUSPu+XNGwbHIhaM=,SQl4OY/eEOwcKnVBjVfPsk9cBeM=
-50,44,Ehr+D7OeHPeUUSPu+XNGwbHIhaM=,F6Lh9vrwOKjL0DEB85e7aLFA2wI=
-49,43,Ehr+D7OeHPeUUSPu+XNGwbHIhaM=,F6Lh9vrwOKjL0DEB85e7aLFA2wI=
-51,40,Ehr+D7OeHPeUUSPu+XNGwbHIhaM=,F6Lh9vrwOKjL0DEB85e7aLFA2wI=
-50,37,Ehr+D7OeHPeUUSPu+XNGwbHIhaM=,SQl4OY/eEOwcKnVBjVfPsk9cBeM=
-51,44,Ehr+D7OeHPeUUSPu+XNGwbHIhaM=,F6Lh9vrwOKjL0DEB85e7aLFA2wI=
-51,37,Ehr+D7OeHPeUUSPu+XNGwbHIhaM=,SQl4OY/eEOwcKnVBjVfPsk9cBeM=
-62,43,Ehr+D7OeHPeUUSPu+XNGwbHIhaM=,NMDejyzt5O3fiCIB8pMgg0BPdD0=
-64,43,Ehr+D7OeHPeUUSPu+XNGwbHIhaM=,NMDejyzt5O3fiCIB8pMgg0BPdD0=
-64,44,Ehr+D7OeHPeUUSPu+XNGwbHIhaM=,NMDejyzt5O3fiCIB8pMgg0BPdD0=
-63,43,Ehr+D7OeHPeUUSPu+XNGwbHIhaM=,NMDejyzt5O3fiCIB8pMgg0BPdD0=
-63,44,Ehr+D7OeHPeUUSPu+XNGwbHIhaM=,NMDejyzt5O3fiCIB8pMgg0BPdD0=
-62,44,Ehr+D7OeHPeUUSPu+XNGwbHIhaM=,NMDejyzt5O3fiCIB8pMgg0BPdD0=
-61,47,Ehr+D7OeHPeUUSPu+XNGwbHIhaM=,NMDejyzt5O3fiCIB8pMgg0BPdD0=
-60,46,Ehr+D7OeHPeUUSPu+XNGwbHIhaM=,NMDejyzt5O3fiCIB8pMgg0BPdD0=
-60,47,Ehr+D7OeHPeUUSPu+XNGwbHIhaM=,NMDejyzt5O3fiCIB8pMgg0BPdD0=
-61,45,Ehr+D7OeHPeUUSPu+XNGwbHIhaM=,NMDejyzt5O3fiCIB8pMgg0BPdD0=
-60,45,Ehr+D7OeHPeUUSPu+XNGwbHIhaM=,NMDejyzt5O3fiCIB8pMgg0BPdD0=
-61,46,Ehr+D7OeHPeUUSPu+XNGwbHIhaM=,NMDejyzt5O3fiCIB8pMgg0BPdD0=
-58,47,Ehr+D7OeHPeUUSPu+XNGwbHIhaM=,NMDejyzt5O3fiCIB8pMgg0BPdD0=
-57,46,Ehr+D7OeHPeUUSPu+XNGwbHIhaM=,NMDejyzt5O3fiCIB8pMgg0BPdD0=
-59,46,Ehr+D7OeHPeUUSPu+XNGwbHIhaM=,NMDejyzt5O3fiCIB8pMgg0BPdD0=
-52,47,Ehr+D7OeHPeUUSPu+XNGwbHIhaM=,F6Lh9vrwOKjL0DEB85e7aLFA2wI=
-53,47,Ehr+D7OeHPeUUSPu+XNGwbHIhaM=,F6Lh9vrwOKjL0DEB85e7aLFA2wI=
-58,46,Ehr+D7OeHPeUUSPu+XNGwbHIhaM=,NMDejyzt5O3fiCIB8pMgg0BPdD0=
-59,47,Ehr+D7OeHPeUUSPu+XNGwbHIhaM=,NMDejyzt5O3fiCIB8pMgg0BPdD0=
-54,47,Ehr+D7OeHPeUUSPu+XNGwbHIhaM=,F6Lh9vrwOKjL0DEB85e7aLFA2wI=
-57,47,Ehr+D7OeHPeUUSPu+XNGwbHIhaM=,NMDejyzt5O3fiCIB8pMgg0BPdD0=
-57,45,Ehr+D7OeHPeUUSPu+XNGwbHIhaM=,NMDejyzt5O3fiCIB8pMgg0BPdD0=
-55,47,Ehr+D7OeHPeUUSPu+XNGwbHIhaM=,F6Lh9vrwOKjL0DEB85e7aLFA2wI=
-56,47,Ehr+D7OeHPeUUSPu+XNGwbHIhaM=,F6Lh9vrwOKjL0DEB85e7aLFA2wI=
-52,46,Ehr+D7OeHPeUUSPu+XNGwbHIhaM=,F6Lh9vrwOKjL0DEB85e7aLFA2wI=
-58,45,Ehr+D7OeHPeUUSPu+XNGwbHIhaM=,NMDejyzt5O3fiCIB8pMgg0BPdD0=
-59,45,Ehr+D7OeHPeUUSPu+XNGwbHIhaM=,NMDejyzt5O3fiCIB8pMgg0BPdD0=
-56,45,Ehr+D7OeHPeUUSPu+XNGwbHIhaM=,F6Lh9vrwOKjL0DEB85e7aLFA2wI=
-54,46,Ehr+D7OeHPeUUSPu+XNGwbHIhaM=,F6Lh9vrwOKjL0DEB85e7aLFA2wI=
-55,46,Ehr+D7OeHPeUUSPu+XNGwbHIhaM=,F6Lh9vrwOKjL0DEB85e7aLFA2wI=
-52,45,Ehr+D7OeHPeUUSPu+XNGwbHIhaM=,F6Lh9vrwOKjL0DEB85e7aLFA2wI=
-56,46,Ehr+D7OeHPeUUSPu+XNGwbHIhaM=,F6Lh9vrwOKjL0DEB85e7aLFA2wI=
-53,45,Ehr+D7OeHPeUUSPu+XNGwbHIhaM=,F6Lh9vrwOKjL0DEB85e7aLFA2wI=
-54,45,Ehr+D7OeHPeUUSPu+XNGwbHIhaM=,F6Lh9vrwOKjL0DEB85e7aLFA2wI=
-53,46,Ehr+D7OeHPeUUSPu+XNGwbHIhaM=,F6Lh9vrwOKjL0DEB85e7aLFA2wI=
-51,45,Ehr+D7OeHPeUUSPu+XNGwbHIhaM=,F6Lh9vrwOKjL0DEB85e7aLFA2wI=
-49,47,Ehr+D7OeHPeUUSPu+XNGwbHIhaM=,F6Lh9vrwOKjL0DEB85e7aLFA2wI=
-49,46,Ehr+D7OeHPeUUSPu+XNGwbHIhaM=,F6Lh9vrwOKjL0DEB85e7aLFA2wI=
-51,47,Ehr+D7OeHPeUUSPu+XNGwbHIhaM=,F6Lh9vrwOKjL0DEB85e7aLFA2wI=
-50,47,Ehr+D7OeHPeUUSPu+XNGwbHIhaM=,F6Lh9vrwOKjL0DEB85e7aLFA2wI=
-55,45,Ehr+D7OeHPeUUSPu+XNGwbHIhaM=,F6Lh9vrwOKjL0DEB85e7aLFA2wI=
-49,45,Ehr+D7OeHPeUUSPu+XNGwbHIhaM=,F6Lh9vrwOKjL0DEB85e7aLFA2wI=
-50,46,Ehr+D7OeHPeUUSPu+XNGwbHIhaM=,F6Lh9vrwOKjL0DEB85e7aLFA2wI=
-51,46,Ehr+D7OeHPeUUSPu+XNGwbHIhaM=,F6Lh9vrwOKjL0DEB85e7aLFA2wI=
-50,45,Ehr+D7OeHPeUUSPu+XNGwbHIhaM=,F6Lh9vrwOKjL0DEB85e7aLFA2wI=
-64,47,Ehr+D7OeHPeUUSPu+XNGwbHIhaM=,NMDejyzt5O3fiCIB8pMgg0BPdD0=
-64,46,Ehr+D7OeHPeUUSPu+XNGwbHIhaM=,NMDejyzt5O3fiCIB8pMgg0BPdD0=
-62,46,Ehr+D7OeHPeUUSPu+XNGwbHIhaM=,NMDejyzt5O3fiCIB8pMgg0BPdD0=
-62,47,Ehr+D7OeHPeUUSPu+XNGwbHIhaM=,NMDejyzt5O3fiCIB8pMgg0BPdD0=
-63,47,Ehr+D7OeHPeUUSPu+XNGwbHIhaM=,NMDejyzt5O3fiCIB8pMgg0BPdD0=
-63,45,Ehr+D7OeHPeUUSPu+XNGwbHIhaM=,NMDejyzt5O3fiCIB8pMgg0BPdD0=
-63,46,Ehr+D7OeHPeUUSPu+XNGwbHIhaM=,NMDejyzt5O3fiCIB8pMgg0BPdD0=
-64,45,Ehr+D7OeHPeUUSPu+XNGwbHIhaM=,NMDejyzt5O3fiCIB8pMgg0BPdD0=
-62,45,Ehr+D7OeHPeUUSPu+XNGwbHIhaM=,NMDejyzt5O3fiCIB8pMgg0BPdD0=
-64,42,Ehr+D7OeHPeUUSPu+XNGwbHIhaM=,NMDejyzt5O3fiCIB8pMgg0BPdD0=
-62,40,nCvV5Wni7aqRP0Pnx4chW+d+tns=,NMDejyzt5O3fiCIB8pMgg0BPdD0=
-62,39,nCvV5Wni7aqRP0Pnx4chW+d+tns=,NMDejyzt5O3fiCIB8pMgg0BPdD0=
-62,36,nCvV5Wni7aqRP0Pnx4chW+d+tns=,NMDejyzt5O3fiCIB8pMgg0BPdD0=
-63,36,nCvV5Wni7aqRP0Pnx4chW+d+tns=,NMDejyzt5O3fiCIB8pMgg0BPdD0=
-63,42,nCvV5Wni7aqRP0Pnx4chW+d+tns=,NMDejyzt5O3fiCIB8pMgg0BPdD0=
-64,36,nCvV5Wni7aqRP0Pnx4chW+d+tns=,NMDejyzt5O3fiCIB8pMgg0BPdD0=
-62,42,nCvV5Wni7aqRP0Pnx4chW+d+tns=,NMDejyzt5O3fiCIB8pMgg0BPdD0=
-63,39,nCvV5Wni7aqRP0Pnx4chW+d+tns=,NMDejyzt5O3fiCIB8pMgg0BPdD0=
-63,34,nCvV5Wni7aqRP0Pnx4chW+d+tns=,NMDejyzt5O3fiCIB8pMgg0BPdD0=
-63,33,nCvV5Wni7aqRP0Pnx4chW+d+tns=,NMDejyzt5O3fiCIB8pMgg0BPdD0=
-62,38,nCvV5Wni7aqRP0Pnx4chW+d+tns=,NMDejyzt5O3fiCIB8pMgg0BPdD0=
-64,38,nCvV5Wni7aqRP0Pnx4chW+d+tns=,NMDejyzt5O3fiCIB8pMgg0BPdD0=
-64,40,nCvV5Wni7aqRP0Pnx4chW+d+tns=,NMDejyzt5O3fiCIB8pMgg0BPdD0=
-62,37,nCvV5Wni7aqRP0Pnx4chW+d+tns=,NMDejyzt5O3fiCIB8pMgg0BPdD0=
-63,38,nCvV5Wni7aqRP0Pnx4chW+d+tns=,NMDejyzt5O3fiCIB8pMgg0BPdD0=
-62,41,nCvV5Wni7aqRP0Pnx4chW+d+tns=,NMDejyzt5O3fiCIB8pMgg0BPdD0=
-63,40,nCvV5Wni7aqRP0Pnx4chW+d+tns=,NMDejyzt5O3fiCIB8pMgg0BPdD0=
-62,33,nCvV5Wni7aqRP0Pnx4chW+d+tns=,NMDejyzt5O3fiCIB8pMgg0BPdD0=
-64,41,nCvV5Wni7aqRP0Pnx4chW+d+tns=,NMDejyzt5O3fiCIB8pMgg0BPdD0=
-64,33,nCvV5Wni7aqRP0Pnx4chW+d+tns=,NMDejyzt5O3fiCIB8pMgg0BPdD0=
-63,41,nCvV5Wni7aqRP0Pnx4chW+d+tns=,NMDejyzt5O3fiCIB8pMgg0BPdD0=
-63,35,nCvV5Wni7aqRP0Pnx4chW+d+tns=,NMDejyzt5O3fiCIB8pMgg0BPdD0=
-63,37,nCvV5Wni7aqRP0Pnx4chW+d+tns=,NMDejyzt5O3fiCIB8pMgg0BPdD0=
-64,39,nCvV5Wni7aqRP0Pnx4chW+d+tns=,NMDejyzt5O3fiCIB8pMgg0BPdD0=
-64,35,nCvV5Wni7aqRP0Pnx4chW+d+tns=,NMDejyzt5O3fiCIB8pMgg0BPdD0=
-64,37,nCvV5Wni7aqRP0Pnx4chW+d+tns=,NMDejyzt5O3fiCIB8pMgg0BPdD0=
-62,34,nCvV5Wni7aqRP0Pnx4chW+d+tns=,NMDejyzt5O3fiCIB8pMgg0BPdD0=
-63,32,nCvV5Wni7aqRP0Pnx4chW+d+tns=,NMDejyzt5O3fiCIB8pMgg0BPdD0=
-64,34,nCvV5Wni7aqRP0Pnx4chW+d+tns=,NMDejyzt5O3fiCIB8pMgg0BPdD0=
-64,32,nCvV5Wni7aqRP0Pnx4chW+d+tns=,NMDejyzt5O3fiCIB8pMgg0BPdD0=
-62,32,nCvV5Wni7aqRP0Pnx4chW+d+tns=,NMDejyzt5O3fiCIB8pMgg0BPdD0=
-62,35,nCvV5Wni7aqRP0Pnx4chW+d+tns=,NMDejyzt5O3fiCIB8pMgg0BPdD0=
-61,51,ue49i3nuSdqXZo8hFWRaMxVFt4I=,NMDejyzt5O3fiCIB8pMgg0BPdD0=
-60,51,ue49i3nuSdqXZo8hFWRaMxVFt4I=,NMDejyzt5O3fiCIB8pMgg0BPdD0=
-60,52,ue49i3nuSdqXZo8hFWRaMxVFt4I=,NMDejyzt5O3fiCIB8pMgg0BPdD0=
-61,52,ue49i3nuSdqXZo8hFWRaMxVFt4I=,NMDejyzt5O3fiCIB8pMgg0BPdD0=
-52,51,ue49i3nuSdqXZo8hFWRaMxVFt4I=,LXuTbCQ+AQMCjnNM3czObXlrSt8=
-57,52,ue49i3nuSdqXZo8hFWRaMxVFt4I=,NMDejyzt5O3fiCIB8pMgg0BPdD0=
-59,52,ue49i3nuSdqXZo8hFWRaMxVFt4I=,NMDejyzt5O3fiCIB8pMgg0BPdD0=
-58,52,ue49i3nuSdqXZo8hFWRaMxVFt4I=,NMDejyzt5O3fiCIB8pMgg0BPdD0=
-54,51,ue49i3nuSdqXZo8hFWRaMxVFt4I=,LXuTbCQ+AQMCjnNM3czObXlrSt8=
-55,51,ue49i3nuSdqXZo8hFWRaMxVFt4I=,LXuTbCQ+AQMCjnNM3czObXlrSt8=
-59,51,ue49i3nuSdqXZo8hFWRaMxVFt4I=,NMDejyzt5O3fiCIB8pMgg0BPdD0=
-56,52,ue49i3nuSdqXZo8hFWRaMxVFt4I=,LXuTbCQ+AQMCjnNM3czObXlrSt8=
-58,51,ue49i3nuSdqXZo8hFWRaMxVFt4I=,NMDejyzt5O3fiCIB8pMgg0BPdD0=
-57,51,ue49i3nuSdqXZo8hFWRaMxVFt4I=,NMDejyzt5O3fiCIB8pMgg0BPdD0=
-53,51,ue49i3nuSdqXZo8hFWRaMxVFt4I=,LXuTbCQ+AQMCjnNM3czObXlrSt8=
-53,52,ue49i3nuSdqXZo8hFWRaMxVFt4I=,LXuTbCQ+AQMCjnNM3czObXlrSt8=
-54,52,ue49i3nuSdqXZo8hFWRaMxVFt4I=,LXuTbCQ+AQMCjnNM3czObXlrSt8=
-55,52,ue49i3nuSdqXZo8hFWRaMxVFt4I=,LXuTbCQ+AQMCjnNM3czObXlrSt8=
-52,52,ue49i3nuSdqXZo8hFWRaMxVFt4I=,LXuTbCQ+AQMCjnNM3czObXlrSt8=
-56,51,ue49i3nuSdqXZo8hFWRaMxVFt4I=,LXuTbCQ+AQMCjnNM3czObXlrSt8=
-61,53,ue49i3nuSdqXZo8hFWRaMxVFt4I=,NMDejyzt5O3fiCIB8pMgg0BPdD0=
-60,53,ue49i3nuSdqXZo8hFWRaMxVFt4I=,NMDejyzt5O3fiCIB8pMgg0BPdD0=
-61,59,ue49i3nuSdqXZo8hFWRaMxVFt4I=,NMDejyzt5O3fiCIB8pMgg0BPdD0=
-60,57,ue49i3nuSdqXZo8hFWRaMxVFt4I=,NMDejyzt5O3fiCIB8pMgg0BPdD0=
-61,56,ue49i3nuSdqXZo8hFWRaMxVFt4I=,NMDejyzt5O3fiCIB8pMgg0BPdD0=
-60,59,ue49i3nuSdqXZo8hFWRaMxVFt4I=,NMDejyzt5O3fiCIB8pMgg0BPdD0=
-60,58,ue49i3nuSdqXZo8hFWRaMxVFt4I=,NMDejyzt5O3fiCIB8pMgg0BPdD0=
-60,56,ue49i3nuSdqXZo8hFWRaMxVFt4I=,NMDejyzt5O3fiCIB8pMgg0BPdD0=
-61,58,ue49i3nuSdqXZo8hFWRaMxVFt4I=,NMDejyzt5O3fiCIB8pMgg0BPdD0=
-60,55,ue49i3nuSdqXZo8hFWRaMxVFt4I=,NMDejyzt5O3fiCIB8pMgg0BPdD0=
-61,54,ue49i3nuSdqXZo8hFWRaMxVFt4I=,NMDejyzt5O3fiCIB8pMgg0BPdD0=
-61,60,ue49i3nuSdqXZo8hFWRaMxVFt4I=,NMDejyzt5O3fiCIB8pMgg0BPdD0=
-61,55,ue49i3nuSdqXZo8hFWRaMxVFt4I=,NMDejyzt5O3fiCIB8pMgg0BPdD0=
-60,54,ue49i3nuSdqXZo8hFWRaMxVFt4I=,NMDejyzt5O3fiCIB8pMgg0BPdD0=
-53,53,ue49i3nuSdqXZo8hFWRaMxVFt4I=,LXuTbCQ+AQMCjnNM3czObXlrSt8=
-54,55,ue49i3nuSdqXZo8hFWRaMxVFt4I=,LXuTbCQ+AQMCjnNM3czObXlrSt8=
-52,58,ue49i3nuSdqXZo8hFWRaMxVFt4I=,a9KtUnuShAahALIrXTbzS7jMqpk=
-54,53,ue49i3nuSdqXZo8hFWRaMxVFt4I=,LXuTbCQ+AQMCjnNM3czObXlrSt8=
-57,54,ue49i3nuSdqXZo8hFWRaMxVFt4I=,NMDejyzt5O3fiCIB8pMgg0BPdD0=
-53,55,ue49i3nuSdqXZo8hFWRaMxVFt4I=,LXuTbCQ+AQMCjnNM3czObXlrSt8=
-59,53,ue49i3nuSdqXZo8hFWRaMxVFt4I=,NMDejyzt5O3fiCIB8pMgg0BPdD0=
-57,53,ue49i3nuSdqXZo8hFWRaMxVFt4I=,NMDejyzt5O3fiCIB8pMgg0BPdD0=
-58,53,ue49i3nuSdqXZo8hFWRaMxVFt4I=,NMDejyzt5O3fiCIB8pMgg0BPdD0=
-58,59,ue49i3nuSdqXZo8hFWRaMxVFt4I=,NMDejyzt5O3fiCIB8pMgg0BPdD0=
-59,59,ue49i3nuSdqXZo8hFWRaMxVFt4I=,NMDejyzt5O3fiCIB8pMgg0BPdD0=
-55,55,ue49i3nuSdqXZo8hFWRaMxVFt4I=,LXuTbCQ+AQMCjnNM3czObXlrSt8=
-57,57,ue49i3nuSdqXZo8hFWRaMxVFt4I=,NMDejyzt5O3fiCIB8pMgg0BPdD0=
-55,53,ue49i3nuSdqXZo8hFWRaMxVFt4I=,LXuTbCQ+AQMCjnNM3czObXlrSt8=
-53,58,ue49i3nuSdqXZo8hFWRaMxVFt4I=,a9KtUnuShAahALIrXTbzS7jMqpk=
-56,55,ue49i3nuSdqXZo8hFWRaMxVFt4I=,LXuTbCQ+AQMCjnNM3czObXlrSt8=
-56,53,ue49i3nuSdqXZo8hFWRaMxVFt4I=,LXuTbCQ+AQMCjnNM3czObXlrSt8=
-58,57,ue49i3nuSdqXZo8hFWRaMxVFt4I=,NMDejyzt5O3fiCIB8pMgg0BPdD0=
-59,57,ue49i3nuSdqXZo8hFWRaMxVFt4I=,NMDejyzt5O3fiCIB8pMgg0BPdD0=
-53,59,ue49i3nuSdqXZo8hFWRaMxVFt4I=,a9KtUnuShAahALIrXTbzS7jMqpk=
-57,58,ue49i3nuSdqXZo8hFWRaMxVFt4I=,NMDejyzt5O3fiCIB8pMgg0BPdD0=
-54,58,ue49i3nuSdqXZo8hFWRaMxVFt4I=,a9KtUnuShAahALIrXTbzS7jMqpk=
-56,58,ue49i3nuSdqXZo8hFWRaMxVFt4I=,a9KtUnuShAahALIrXTbzS7jMqpk=
-61,57,ue49i3nuSdqXZo8hFWRaMxVFt4I=,NMDejyzt5O3fiCIB8pMgg0BPdD0=
-59,58,ue49i3nuSdqXZo8hFWRaMxVFt4I=,NMDejyzt5O3fiCIB8pMgg0BPdD0=
-59,56,ue49i3nuSdqXZo8hFWRaMxVFt4I=,NMDejyzt5O3fiCIB8pMgg0BPdD0=
-58,55,ue49i3nuSdqXZo8hFWRaMxVFt4I=,NMDejyzt5O3fiCIB8pMgg0BPdD0=
-57,55,ue49i3nuSdqXZo8hFWRaMxVFt4I=,NMDejyzt5O3fiCIB8pMgg0BPdD0=
-57,60,ue49i3nuSdqXZo8hFWRaMxVFt4I=,NMDejyzt5O3fiCIB8pMgg0BPdD0=
-52,57,ue49i3nuSdqXZo8hFWRaMxVFt4I=,a9KtUnuShAahALIrXTbzS7jMqpk=
-60,60,ue49i3nuSdqXZo8hFWRaMxVFt4I=,NMDejyzt5O3fiCIB8pMgg0BPdD0=
-58,60,ue49i3nuSdqXZo8hFWRaMxVFt4I=,NMDejyzt5O3fiCIB8pMgg0BPdD0=
-59,60,ue49i3nuSdqXZo8hFWRaMxVFt4I=,NMDejyzt5O3fiCIB8pMgg0BPdD0=
-58,56,ue49i3nuSdqXZo8hFWRaMxVFt4I=,NMDejyzt5O3fiCIB8pMgg0BPdD0=
-54,59,ue49i3nuSdqXZo8hFWRaMxVFt4I=,a9KtUnuShAahALIrXTbzS7jMqpk=
-55,58,ue49i3nuSdqXZo8hFWRaMxVFt4I=,a9KtUnuShAahALIrXTbzS7jMqpk=
-57,59,ue49i3nuSdqXZo8hFWRaMxVFt4I=,NMDejyzt5O3fiCIB8pMgg0BPdD0=
-58,54,ue49i3nuSdqXZo8hFWRaMxVFt4I=,NMDejyzt5O3fiCIB8pMgg0BPdD0=
-52,54,ue49i3nuSdqXZo8hFWRaMxVFt4I=,LXuTbCQ+AQMCjnNM3czObXlrSt8=
-59,55,ue49i3nuSdqXZo8hFWRaMxVFt4I=,NMDejyzt5O3fiCIB8pMgg0BPdD0=
-55,59,ue49i3nuSdqXZo8hFWRaMxVFt4I=,a9KtUnuShAahALIrXTbzS7jMqpk=
-53,54,ue49i3nuSdqXZo8hFWRaMxVFt4I=,LXuTbCQ+AQMCjnNM3czObXlrSt8=
-53,60,ue49i3nuSdqXZo8hFWRaMxVFt4I=,a9KtUnuShAahALIrXTbzS7jMqpk=
-53,57,ue49i3nuSdqXZo8hFWRaMxVFt4I=,a9KtUnuShAahALIrXTbzS7jMqpk=
-54,57,ue49i3nuSdqXZo8hFWRaMxVFt4I=,a9KtUnuShAahALIrXTbzS7jMqpk=
-55,60,ue49i3nuSdqXZo8hFWRaMxVFt4I=,a9KtUnuShAahALIrXTbzS7jMqpk=
-54,60,ue49i3nuSdqXZo8hFWRaMxVFt4I=,a9KtUnuShAahALIrXTbzS7jMqpk=
-52,53,ue49i3nuSdqXZo8hFWRaMxVFt4I=,LXuTbCQ+AQMCjnNM3czObXlrSt8=
-56,59,ue49i3nuSdqXZo8hFWRaMxVFt4I=,a9KtUnuShAahALIrXTbzS7jMqpk=
-56,60,ue49i3nuSdqXZo8hFWRaMxVFt4I=,a9KtUnuShAahALIrXTbzS7jMqpk=
-59,54,ue49i3nuSdqXZo8hFWRaMxVFt4I=,NMDejyzt5O3fiCIB8pMgg0BPdD0=
-55,54,ue49i3nuSdqXZo8hFWRaMxVFt4I=,LXuTbCQ+AQMCjnNM3czObXlrSt8=
-52,56,ue49i3nuSdqXZo8hFWRaMxVFt4I=,a9KtUnuShAahALIrXTbzS7jMqpk=
-52,55,ue49i3nuSdqXZo8hFWRaMxVFt4I=,LXuTbCQ+AQMCjnNM3czObXlrSt8=
-54,54,ue49i3nuSdqXZo8hFWRaMxVFt4I=,LXuTbCQ+AQMCjnNM3czObXlrSt8=
-53,56,ue49i3nuSdqXZo8hFWRaMxVFt4I=,a9KtUnuShAahALIrXTbzS7jMqpk=
-55,57,ue49i3nuSdqXZo8hFWRaMxVFt4I=,a9KtUnuShAahALIrXTbzS7jMqpk=
-54,56,ue49i3nuSdqXZo8hFWRaMxVFt4I=,a9KtUnuShAahALIrXTbzS7jMqpk=
-55,56,ue49i3nuSdqXZo8hFWRaMxVFt4I=,a9KtUnuShAahALIrXTbzS7jMqpk=
-56,57,ue49i3nuSdqXZo8hFWRaMxVFt4I=,a9KtUnuShAahALIrXTbzS7jMqpk=
-52,59,ue49i3nuSdqXZo8hFWRaMxVFt4I=,a9KtUnuShAahALIrXTbzS7jMqpk=
-56,56,ue49i3nuSdqXZo8hFWRaMxVFt4I=,a9KtUnuShAahALIrXTbzS7jMqpk=
-52,60,ue49i3nuSdqXZo8hFWRaMxVFt4I=,a9KtUnuShAahALIrXTbzS7jMqpk=
-57,56,ue49i3nuSdqXZo8hFWRaMxVFt4I=,NMDejyzt5O3fiCIB8pMgg0BPdD0=
-58,58,ue49i3nuSdqXZo8hFWRaMxVFt4I=,NMDejyzt5O3fiCIB8pMgg0BPdD0=
-56,54,ue49i3nuSdqXZo8hFWRaMxVFt4I=,LXuTbCQ+AQMCjnNM3czObXlrSt8=
-49,60,ue49i3nuSdqXZo8hFWRaMxVFt4I=,a9KtUnuShAahALIrXTbzS7jMqpk=
-50,60,ue49i3nuSdqXZo8hFWRaMxVFt4I=,a9KtUnuShAahALIrXTbzS7jMqpk=
-50,59,ue49i3nuSdqXZo8hFWRaMxVFt4I=,a9KtUnuShAahALIrXTbzS7jMqpk=
-51,60,ue49i3nuSdqXZo8hFWRaMxVFt4I=,a9KtUnuShAahALIrXTbzS7jMqpk=
-51,59,ue49i3nuSdqXZo8hFWRaMxVFt4I=,a9KtUnuShAahALIrXTbzS7jMqpk=
-49,59,ue49i3nuSdqXZo8hFWRaMxVFt4I=,a9KtUnuShAahALIrXTbzS7jMqpk=
-51,58,ue49i3nuSdqXZo8hFWRaMxVFt4I=,a9KtUnuShAahALIrXTbzS7jMqpk=
-51,53,ue49i3nuSdqXZo8hFWRaMxVFt4I=,LXuTbCQ+AQMCjnNM3czObXlrSt8=
-49,55,ue49i3nuSdqXZo8hFWRaMxVFt4I=,LXuTbCQ+AQMCjnNM3czObXlrSt8=
-50,53,ue49i3nuSdqXZo8hFWRaMxVFt4I=,LXuTbCQ+AQMCjnNM3czObXlrSt8=
-49,54,ue49i3nuSdqXZo8hFWRaMxVFt4I=,LXuTbCQ+AQMCjnNM3czObXlrSt8=
-51,54,ue49i3nuSdqXZo8hFWRaMxVFt4I=,LXuTbCQ+AQMCjnNM3czObXlrSt8=
-50,54,ue49i3nuSdqXZo8hFWRaMxVFt4I=,LXuTbCQ+AQMCjnNM3czObXlrSt8=
-49,57,ue49i3nuSdqXZo8hFWRaMxVFt4I=,a9KtUnuShAahALIrXTbzS7jMqpk=
-49,52,ue49i3nuSdqXZo8hFWRaMxVFt4I=,LXuTbCQ+AQMCjnNM3czObXlrSt8=
-50,55,ue49i3nuSdqXZo8hFWRaMxVFt4I=,LXuTbCQ+AQMCjnNM3czObXlrSt8=
-50,57,ue49i3nuSdqXZo8hFWRaMxVFt4I=,a9KtUnuShAahALIrXTbzS7jMqpk=
-50,52,ue49i3nuSdqXZo8hFWRaMxVFt4I=,LXuTbCQ+AQMCjnNM3czObXlrSt8=
-51,52,ue49i3nuSdqXZo8hFWRaMxVFt4I=,LXuTbCQ+AQMCjnNM3czObXlrSt8=
-51,51,ue49i3nuSdqXZo8hFWRaMxVFt4I=,LXuTbCQ+AQMCjnNM3czObXlrSt8=
-51,57,ue49i3nuSdqXZo8hFWRaMxVFt4I=,a9KtUnuShAahALIrXTbzS7jMqpk=
-51,55,ue49i3nuSdqXZo8hFWRaMxVFt4I=,LXuTbCQ+AQMCjnNM3czObXlrSt8=
-50,51,ue49i3nuSdqXZo8hFWRaMxVFt4I=,LXuTbCQ+AQMCjnNM3czObXlrSt8=
-49,58,ue49i3nuSdqXZo8hFWRaMxVFt4I=,a9KtUnuShAahALIrXTbzS7jMqpk=
-49,51,ue49i3nuSdqXZo8hFWRaMxVFt4I=,LXuTbCQ+AQMCjnNM3czObXlrSt8=
-49,56,ue49i3nuSdqXZo8hFWRaMxVFt4I=,a9KtUnuShAahALIrXTbzS7jMqpk=
-50,56,ue49i3nuSdqXZo8hFWRaMxVFt4I=,a9KtUnuShAahALIrXTbzS7jMqpk=
-50,58,ue49i3nuSdqXZo8hFWRaMxVFt4I=,a9KtUnuShAahALIrXTbzS7jMqpk=
-49,53,ue49i3nuSdqXZo8hFWRaMxVFt4I=,LXuTbCQ+AQMCjnNM3czObXlrSt8=
-51,56,ue49i3nuSdqXZo8hFWRaMxVFt4I=,a9KtUnuShAahALIrXTbzS7jMqpk=
-64,60,F3p0yVOEJSLCt64IEaV4dbAywXc=,NMDejyzt5O3fiCIB8pMgg0BPdD0=
-63,59,F3p0yVOEJSLCt64IEaV4dbAywXc=,NMDejyzt5O3fiCIB8pMgg0BPdD0=
-64,59,F3p0yVOEJSLCt64IEaV4dbAywXc=,NMDejyzt5O3fiCIB8pMgg0BPdD0=
-63,60,F3p0yVOEJSLCt64IEaV4dbAywXc=,NMDejyzt5O3fiCIB8pMgg0BPdD0=
-62,60,F3p0yVOEJSLCt64IEaV4dbAywXc=,NMDejyzt5O3fiCIB8pMgg0BPdD0=
-62,59,F3p0yVOEJSLCt64IEaV4dbAywXc=,NMDejyzt5O3fiCIB8pMgg0BPdD0=
-62,54,F3p0yVOEJSLCt64IEaV4dbAywXc=,NMDejyzt5O3fiCIB8pMgg0BPdD0=
-63,55,F3p0yVOEJSLCt64IEaV4dbAywXc=,NMDejyzt5O3fiCIB8pMgg0BPdD0=
-64,58,F3p0yVOEJSLCt64IEaV4dbAywXc=,NMDejyzt5O3fiCIB8pMgg0BPdD0=
-64,55,F3p0yVOEJSLCt64IEaV4dbAywXc=,NMDejyzt5O3fiCIB8pMgg0BPdD0=
-62,55,F3p0yVOEJSLCt64IEaV4dbAywXc=,NMDejyzt5O3fiCIB8pMgg0BPdD0=
-63,58,F3p0yVOEJSLCt64IEaV4dbAywXc=,NMDejyzt5O3fiCIB8pMgg0BPdD0=
-62,53,F3p0yVOEJSLCt64IEaV4dbAywXc=,NMDejyzt5O3fiCIB8pMgg0BPdD0=
-63,53,F3p0yVOEJSLCt64IEaV4dbAywXc=,NMDejyzt5O3fiCIB8pMgg0BPdD0=
-64,54,F3p0yVOEJSLCt64IEaV4dbAywXc=,NMDejyzt5O3fiCIB8pMgg0BPdD0=
-64,53,F3p0yVOEJSLCt64IEaV4dbAywXc=,NMDejyzt5O3fiCIB8pMgg0BPdD0=
-62,52,F3p0yVOEJSLCt64IEaV4dbAywXc=,NMDejyzt5O3fiCIB8pMgg0BPdD0=
-62,51,F3p0yVOEJSLCt64IEaV4dbAywXc=,NMDejyzt5O3fiCIB8pMgg0BPdD0=
-63,54,F3p0yVOEJSLCt64IEaV4dbAywXc=,NMDejyzt5O3fiCIB8pMgg0BPdD0=
-63,57,F3p0yVOEJSLCt64IEaV4dbAywXc=,NMDejyzt5O3fiCIB8pMgg0BPdD0=
-63,51,F3p0yVOEJSLCt64IEaV4dbAywXc=,NMDejyzt5O3fiCIB8pMgg0BPdD0=
-64,57,F3p0yVOEJSLCt64IEaV4dbAywXc=,NMDejyzt5O3fiCIB8pMgg0BPdD0=
-62,57,F3p0yVOEJSLCt64IEaV4dbAywXc=,NMDejyzt5O3fiCIB8pMgg0BPdD0=
-62,58,F3p0yVOEJSLCt64IEaV4dbAywXc=,NMDejyzt5O3fiCIB8pMgg0BPdD0=
-63,52,F3p0yVOEJSLCt64IEaV4dbAywXc=,NMDejyzt5O3fiCIB8pMgg0BPdD0=
-64,52,F3p0yVOEJSLCt64IEaV4dbAywXc=,NMDejyzt5O3fiCIB8pMgg0BPdD0=
-63,56,F3p0yVOEJSLCt64IEaV4dbAywXc=,NMDejyzt5O3fiCIB8pMgg0BPdD0=
-64,51,F3p0yVOEJSLCt64IEaV4dbAywXc=,NMDejyzt5O3fiCIB8pMgg0BPdD0=
-62,56,F3p0yVOEJSLCt64IEaV4dbAywXc=,NMDejyzt5O3fiCIB8pMgg0BPdD0=
-64,56,F3p0yVOEJSLCt64IEaV4dbAywXc=,NMDejyzt5O3fiCIB8pMgg0BPdD0=
-53,48,F3p0yVOEJSLCt64IEaV4dbAywXc=,LXuTbCQ+AQMCjnNM3czObXlrSt8=
-49,50,F3p0yVOEJSLCt64IEaV4dbAywXc=,LXuTbCQ+AQMCjnNM3czObXlrSt8=
-50,50,F3p0yVOEJSLCt64IEaV4dbAywXc=,LXuTbCQ+AQMCjnNM3czObXlrSt8=
-53,50,F3p0yVOEJSLCt64IEaV4dbAywXc=,LXuTbCQ+AQMCjnNM3czObXlrSt8=
-49,49,F3p0yVOEJSLCt64IEaV4dbAywXc=,LXuTbCQ+AQMCjnNM3czObXlrSt8=
-61,50,F3p0yVOEJSLCt64IEaV4dbAywXc=,NMDejyzt5O3fiCIB8pMgg0BPdD0=
-52,48,F3p0yVOEJSLCt64IEaV4dbAywXc=,LXuTbCQ+AQMCjnNM3czObXlrSt8=
-52,50,F3p0yVOEJSLCt64IEaV4dbAywXc=,LXuTbCQ+AQMCjnNM3czObXlrSt8=
-51,50,F3p0yVOEJSLCt64IEaV4dbAywXc=,LXuTbCQ+AQMCjnNM3czObXlrSt8=
-50,49,F3p0yVOEJSLCt64IEaV4dbAywXc=,LXuTbCQ+AQMCjnNM3czObXlrSt8=
-49,48,F3p0yVOEJSLCt64IEaV4dbAywXc=,LXuTbCQ+AQMCjnNM3czObXlrSt8=
-52,49,F3p0yVOEJSLCt64IEaV4dbAywXc=,LXuTbCQ+AQMCjnNM3czObXlrSt8=
-54,50,F3p0yVOEJSLCt64IEaV4dbAywXc=,LXuTbCQ+AQMCjnNM3czObXlrSt8=
-60,50,F3p0yVOEJSLCt64IEaV4dbAywXc=,NMDejyzt5O3fiCIB8pMgg0BPdD0=
-59,50,F3p0yVOEJSLCt64IEaV4dbAywXc=,NMDejyzt5O3fiCIB8pMgg0BPdD0=
-54,49,F3p0yVOEJSLCt64IEaV4dbAywXc=,LXuTbCQ+AQMCjnNM3czObXlrSt8=
-50,48,F3p0yVOEJSLCt64IEaV4dbAywXc=,LXuTbCQ+AQMCjnNM3czObXlrSt8=
-55,50,F3p0yVOEJSLCt64IEaV4dbAywXc=,LXuTbCQ+AQMCjnNM3czObXlrSt8=
-51,48,F3p0yVOEJSLCt64IEaV4dbAywXc=,LXuTbCQ+AQMCjnNM3czObXlrSt8=
-56,50,F3p0yVOEJSLCt64IEaV4dbAywXc=,LXuTbCQ+AQMCjnNM3czObXlrSt8=
-56,49,F3p0yVOEJSLCt64IEaV4dbAywXc=,LXuTbCQ+AQMCjnNM3czObXlrSt8=
-55,49,F3p0yVOEJSLCt64IEaV4dbAywXc=,LXuTbCQ+AQMCjnNM3czObXlrSt8=
-59,49,F3p0yVOEJSLCt64IEaV4dbAywXc=,NMDejyzt5O3fiCIB8pMgg0BPdD0=
-58,50,F3p0yVOEJSLCt64IEaV4dbAywXc=,NMDejyzt5O3fiCIB8pMgg0BPdD0=
-57,49,F3p0yVOEJSLCt64IEaV4dbAywXc=,NMDejyzt5O3fiCIB8pMgg0BPdD0=
-58,48,F3p0yVOEJSLCt64IEaV4dbAywXc=,NMDejyzt5O3fiCIB8pMgg0BPdD0=
-54,48,F3p0yVOEJSLCt64IEaV4dbAywXc=,LXuTbCQ+AQMCjnNM3czObXlrSt8=
-57,48,F3p0yVOEJSLCt64IEaV4dbAywXc=,NMDejyzt5O3fiCIB8pMgg0BPdD0=
-60,49,F3p0yVOEJSLCt64IEaV4dbAywXc=,NMDejyzt5O3fiCIB8pMgg0BPdD0=
-55,48,F3p0yVOEJSLCt64IEaV4dbAywXc=,LXuTbCQ+AQMCjnNM3czObXlrSt8=
-51,49,F3p0yVOEJSLCt64IEaV4dbAywXc=,LXuTbCQ+AQMCjnNM3czObXlrSt8=
-57,50,F3p0yVOEJSLCt64IEaV4dbAywXc=,NMDejyzt5O3fiCIB8pMgg0BPdD0=
-53,49,F3p0yVOEJSLCt64IEaV4dbAywXc=,LXuTbCQ+AQMCjnNM3czObXlrSt8=
-61,48,F3p0yVOEJSLCt64IEaV4dbAywXc=,NMDejyzt5O3fiCIB8pMgg0BPdD0=
-59,48,F3p0yVOEJSLCt64IEaV4dbAywXc=,NMDejyzt5O3fiCIB8pMgg0BPdD0=
-61,49,F3p0yVOEJSLCt64IEaV4dbAywXc=,NMDejyzt5O3fiCIB8pMgg0BPdD0=
-60,48,F3p0yVOEJSLCt64IEaV4dbAywXc=,NMDejyzt5O3fiCIB8pMgg0BPdD0=
-58,49,F3p0yVOEJSLCt64IEaV4dbAywXc=,NMDejyzt5O3fiCIB8pMgg0BPdD0=
-56,48,F3p0yVOEJSLCt64IEaV4dbAywXc=,LXuTbCQ+AQMCjnNM3czObXlrSt8=
-62,50,F3p0yVOEJSLCt64IEaV4dbAywXc=,NMDejyzt5O3fiCIB8pMgg0BPdD0=
-64,48,F3p0yVOEJSLCt64IEaV4dbAywXc=,NMDejyzt5O3fiCIB8pMgg0BPdD0=
-62,49,F3p0yVOEJSLCt64IEaV4dbAywXc=,NMDejyzt5O3fiCIB8pMgg0BPdD0=
-64,50,F3p0yVOEJSLCt64IEaV4dbAywXc=,NMDejyzt5O3fiCIB8pMgg0BPdD0=
-64,49,F3p0yVOEJSLCt64IEaV4dbAywXc=,NMDejyzt5O3fiCIB8pMgg0BPdD0=
-63,48,F3p0yVOEJSLCt64IEaV4dbAywXc=,NMDejyzt5O3fiCIB8pMgg0BPdD0=
-63,50,F3p0yVOEJSLCt64IEaV4dbAywXc=,NMDejyzt5O3fiCIB8pMgg0BPdD0=
-63,49,F3p0yVOEJSLCt64IEaV4dbAywXc=,NMDejyzt5O3fiCIB8pMgg0BPdD0=
-62,48,F3p0yVOEJSLCt64IEaV4dbAywXc=,NMDejyzt5O3fiCIB8pMgg0BPdD0=
-60,62,F3p0yVOEJSLCt64IEaV4dbAywXc=,NMDejyzt5O3fiCIB8pMgg0BPdD0=
-60,63,F3p0yVOEJSLCt64IEaV4dbAywXc=,NMDejyzt5O3fiCIB8pMgg0BPdD0=
-61,63,F3p0yVOEJSLCt64IEaV4dbAywXc=,NMDejyzt5O3fiCIB8pMgg0BPdD0=
-61,61,F3p0yVOEJSLCt64IEaV4dbAywXc=,NMDejyzt5O3fiCIB8pMgg0BPdD0=
-61,62,F3p0yVOEJSLCt64IEaV4dbAywXc=,NMDejyzt5O3fiCIB8pMgg0BPdD0=
-60,61,F3p0yVOEJSLCt64IEaV4dbAywXc=,NMDejyzt5O3fiCIB8pMgg0BPdD0=
-64,61,F3p0yVOEJSLCt64IEaV4dbAywXc=,NMDejyzt5O3fiCIB8pMgg0BPdD0=
-62,63,F3p0yVOEJSLCt64IEaV4dbAywXc=,NMDejyzt5O3fiCIB8pMgg0BPdD0=
-62,62,F3p0yVOEJSLCt64IEaV4dbAywXc=,NMDejyzt5O3fiCIB8pMgg0BPdD0=
-63,63,F3p0yVOEJSLCt64IEaV4dbAywXc=,NMDejyzt5O3fiCIB8pMgg0BPdD0=
-64,63,F3p0yVOEJSLCt64IEaV4dbAywXc=,NMDejyzt5O3fiCIB8pMgg0BPdD0=
-64,62,F3p0yVOEJSLCt64IEaV4dbAywXc=,NMDejyzt5O3fiCIB8pMgg0BPdD0=
-63,62,F3p0yVOEJSLCt64IEaV4dbAywXc=,NMDejyzt5O3fiCIB8pMgg0BPdD0=
-63,61,F3p0yVOEJSLCt64IEaV4dbAywXc=,NMDejyzt5O3fiCIB8pMgg0BPdD0=
-62,61,F3p0yVOEJSLCt64IEaV4dbAywXc=,NMDejyzt5O3fiCIB8pMgg0BPdD0=
-50,63,FoXX4wevjfa93hWiMBF80vEOjs4=,a9KtUnuShAahALIrXTbzS7jMqpk=
-57,62,FoXX4wevjfa93hWiMBF80vEOjs4=,NMDejyzt5O3fiCIB8pMgg0BPdD0=
-54,63,FoXX4wevjfa93hWiMBF80vEOjs4=,a9KtUnuShAahALIrXTbzS7jMqpk=
-53,63,FoXX4wevjfa93hWiMBF80vEOjs4=,a9KtUnuShAahALIrXTbzS7jMqpk=
-58,62,FoXX4wevjfa93hWiMBF80vEOjs4=,NMDejyzt5O3fiCIB8pMgg0BPdD0=
-49,63,FoXX4wevjfa93hWiMBF80vEOjs4=,a9KtUnuShAahALIrXTbzS7jMqpk=
-52,63,FoXX4wevjfa93hWiMBF80vEOjs4=,a9KtUnuShAahALIrXTbzS7jMqpk=
-59,62,FoXX4wevjfa93hWiMBF80vEOjs4=,NMDejyzt5O3fiCIB8pMgg0BPdD0=
-51,63,FoXX4wevjfa93hWiMBF80vEOjs4=,a9KtUnuShAahALIrXTbzS7jMqpk=
-58,63,FoXX4wevjfa93hWiMBF80vEOjs4=,NMDejyzt5O3fiCIB8pMgg0BPdD0=
-55,63,FoXX4wevjfa93hWiMBF80vEOjs4=,a9KtUnuShAahALIrXTbzS7jMqpk=
-56,63,FoXX4wevjfa93hWiMBF80vEOjs4=,a9KtUnuShAahALIrXTbzS7jMqpk=
-50,62,FoXX4wevjfa93hWiMBF80vEOjs4=,a9KtUnuShAahALIrXTbzS7jMqpk=
-57,61,FoXX4wevjfa93hWiMBF80vEOjs4=,NMDejyzt5O3fiCIB8pMgg0BPdD0=
-49,62,FoXX4wevjfa93hWiMBF80vEOjs4=,a9KtUnuShAahALIrXTbzS7jMqpk=
-58,61,FoXX4wevjfa93hWiMBF80vEOjs4=,NMDejyzt5O3fiCIB8pMgg0BPdD0=
-59,61,FoXX4wevjfa93hWiMBF80vEOjs4=,NMDejyzt5O3fiCIB8pMgg0BPdD0=
-55,62,FoXX4wevjfa93hWiMBF80vEOjs4=,a9KtUnuShAahALIrXTbzS7jMqpk=
-54,62,FoXX4wevjfa93hWiMBF80vEOjs4=,a9KtUnuShAahALIrXTbzS7jMqpk=
-56,62,FoXX4wevjfa93hWiMBF80vEOjs4=,a9KtUnuShAahALIrXTbzS7jMqpk=
-59,63,FoXX4wevjfa93hWiMBF80vEOjs4=,NMDejyzt5O3fiCIB8pMgg0BPdD0=
-52,62,FoXX4wevjfa93hWiMBF80vEOjs4=,a9KtUnuShAahALIrXTbzS7jMqpk=
-50,61,FoXX4wevjfa93hWiMBF80vEOjs4=,a9KtUnuShAahALIrXTbzS7jMqpk=
-53,62,FoXX4wevjfa93hWiMBF80vEOjs4=,a9KtUnuShAahALIrXTbzS7jMqpk=
-49,61,FoXX4wevjfa93hWiMBF80vEOjs4=,a9KtUnuShAahALIrXTbzS7jMqpk=
-54,61,FoXX4wevjfa93hWiMBF80vEOjs4=,a9KtUnuShAahALIrXTbzS7jMqpk=
-51,61,FoXX4wevjfa93hWiMBF80vEOjs4=,a9KtUnuShAahALIrXTbzS7jMqpk=
-51,62,FoXX4wevjfa93hWiMBF80vEOjs4=,a9KtUnuShAahALIrXTbzS7jMqpk=
-53,61,FoXX4wevjfa93hWiMBF80vEOjs4=,a9KtUnuShAahALIrXTbzS7jMqpk=
-52,61,FoXX4wevjfa93hWiMBF80vEOjs4=,a9KtUnuShAahALIrXTbzS7jMqpk=
-57,63,FoXX4wevjfa93hWiMBF80vEOjs4=,NMDejyzt5O3fiCIB8pMgg0BPdD0=
-55,61,FoXX4wevjfa93hWiMBF80vEOjs4=,a9KtUnuShAahALIrXTbzS7jMqpk=
-56,61,FoXX4wevjfa93hWiMBF80vEOjs4=,a9KtUnuShAahALIrXTbzS7jMqpk=
-44,59,Y1fs3g9791COWN3azLqzlZKLPq8=,oM8qU2JT/ZHLPZOQq5M6I2vjNkA=
-45,60,Y1fs3g9791COWN3azLqzlZKLPq8=,oM8qU2JT/ZHLPZOQq5M6I2vjNkA=
-44,60,Y1fs3g9791COWN3azLqzlZKLPq8=,oM8qU2JT/ZHLPZOQq5M6I2vjNkA=
-45,59,Y1fs3g9791COWN3azLqzlZKLPq8=,oM8qU2JT/ZHLPZOQq5M6I2vjNkA=
-40,59,Y1fs3g9791COWN3azLqzlZKLPq8=,oM8qU2JT/ZHLPZOQq5M6I2vjNkA=
-39,59,Y1fs3g9791COWN3azLqzlZKLPq8=,oM8qU2JT/ZHLPZOQq5M6I2vjNkA=
-42,59,Y1fs3g9791COWN3azLqzlZKLPq8=,oM8qU2JT/ZHLPZOQq5M6I2vjNkA=
-43,59,Y1fs3g9791COWN3azLqzlZKLPq8=,oM8qU2JT/ZHLPZOQq5M6I2vjNkA=
-41,59,Y1fs3g9791COWN3azLqzlZKLPq8=,oM8qU2JT/ZHLPZOQq5M6I2vjNkA=
-41,60,Y1fs3g9791COWN3azLqzlZKLPq8=,oM8qU2JT/ZHLPZOQq5M6I2vjNkA=
-42,60,Y1fs3g9791COWN3azLqzlZKLPq8=,oM8qU2JT/ZHLPZOQq5M6I2vjNkA=
-40,60,Y1fs3g9791COWN3azLqzlZKLPq8=,oM8qU2JT/ZHLPZOQq5M6I2vjNkA=
-39,60,Y1fs3g9791COWN3azLqzlZKLPq8=,oM8qU2JT/ZHLPZOQq5M6I2vjNkA=
-36,60,Y1fs3g9791COWN3azLqzlZKLPq8=,oM8qU2JT/ZHLPZOQq5M6I2vjNkA=
-43,60,Y1fs3g9791COWN3azLqzlZKLPq8=,oM8qU2JT/ZHLPZOQq5M6I2vjNkA=
-37,60,Y1fs3g9791COWN3azLqzlZKLPq8=,oM8qU2JT/ZHLPZOQq5M6I2vjNkA=
-38,60,Y1fs3g9791COWN3azLqzlZKLPq8=,oM8qU2JT/ZHLPZOQq5M6I2vjNkA=
-36,59,Y1fs3g9791COWN3azLqzlZKLPq8=,oM8qU2JT/ZHLPZOQq5M6I2vjNkA=
-37,59,Y1fs3g9791COWN3azLqzlZKLPq8=,oM8qU2JT/ZHLPZOQq5M6I2vjNkA=
-38,59,Y1fs3g9791COWN3azLqzlZKLPq8=,oM8qU2JT/ZHLPZOQq5M6I2vjNkA=
-45,51,Y1fs3g9791COWN3azLqzlZKLPq8=,xWeuMc5BqYyeisLihzqR+sZghoY=
-45,52,Y1fs3g9791COWN3azLqzlZKLPq8=,xWeuMc5BqYyeisLihzqR+sZghoY=
-45,55,Y1fs3g9791COWN3azLqzlZKLPq8=,xWeuMc5BqYyeisLihzqR+sZghoY=
-44,54,Y1fs3g9791COWN3azLqzlZKLPq8=,xWeuMc5BqYyeisLihzqR+sZghoY=
-44,55,Y1fs3g9791COWN3azLqzlZKLPq8=,xWeuMc5BqYyeisLihzqR+sZghoY=
-45,54,Y1fs3g9791COWN3azLqzlZKLPq8=,xWeuMc5BqYyeisLihzqR+sZghoY=
-44,51,Y1fs3g9791COWN3azLqzlZKLPq8=,xWeuMc5BqYyeisLihzqR+sZghoY=
-44,53,Y1fs3g9791COWN3azLqzlZKLPq8=,xWeuMc5BqYyeisLihzqR+sZghoY=
-44,52,Y1fs3g9791COWN3azLqzlZKLPq8=,xWeuMc5BqYyeisLihzqR+sZghoY=
-45,58,Y1fs3g9791COWN3azLqzlZKLPq8=,oM8qU2JT/ZHLPZOQq5M6I2vjNkA=
-44,57,Y1fs3g9791COWN3azLqzlZKLPq8=,oM8qU2JT/ZHLPZOQq5M6I2vjNkA=
-44,58,Y1fs3g9791COWN3azLqzlZKLPq8=,oM8qU2JT/ZHLPZOQq5M6I2vjNkA=
-45,57,Y1fs3g9791COWN3azLqzlZKLPq8=,oM8qU2JT/ZHLPZOQq5M6I2vjNkA=
-45,56,Y1fs3g9791COWN3azLqzlZKLPq8=,oM8qU2JT/ZHLPZOQq5M6I2vjNkA=
-44,56,Y1fs3g9791COWN3azLqzlZKLPq8=,oM8qU2JT/ZHLPZOQq5M6I2vjNkA=
-45,53,Y1fs3g9791COWN3azLqzlZKLPq8=,xWeuMc5BqYyeisLihzqR+sZghoY=
-40,56,mvt2pbK6XFqElWDfWJNkJGffhRk=,oM8qU2JT/ZHLPZOQq5M6I2vjNkA=
-39,56,mvt2pbK6XFqElWDfWJNkJGffhRk=,oM8qU2JT/ZHLPZOQq5M6I2vjNkA=
-38,56,mvt2pbK6XFqElWDfWJNkJGffhRk=,oM8qU2JT/ZHLPZOQq5M6I2vjNkA=
-36,58,mvt2pbK6XFqElWDfWJNkJGffhRk=,oM8qU2JT/ZHLPZOQq5M6I2vjNkA=
-38,54,mvt2pbK6XFqElWDfWJNkJGffhRk=,ePguQ7E920ynYB3WiiKoRXPKWcs=
-37,58,mvt2pbK6XFqElWDfWJNkJGffhRk=,oM8qU2JT/ZHLPZOQq5M6I2vjNkA=
-37,54,mvt2pbK6XFqElWDfWJNkJGffhRk=,ePguQ7E920ynYB3WiiKoRXPKWcs=
-40,53,mvt2pbK6XFqElWDfWJNkJGffhRk=,ePguQ7E920ynYB3WiiKoRXPKWcs=
-42,55,mvt2pbK6XFqElWDfWJNkJGffhRk=,xWeuMc5BqYyeisLihzqR+sZghoY=
-38,58,mvt2pbK6XFqElWDfWJNkJGffhRk=,oM8qU2JT/ZHLPZOQq5M6I2vjNkA=
-41,55,mvt2pbK6XFqElWDfWJNkJGffhRk=,xWeuMc5BqYyeisLihzqR+sZghoY=
-42,54,mvt2pbK6XFqElWDfWJNkJGffhRk=,xWeuMc5BqYyeisLihzqR+sZghoY=
-36,52,mvt2pbK6XFqElWDfWJNkJGffhRk=,ePguQ7E920ynYB3WiiKoRXPKWcs=
-43,54,mvt2pbK6XFqElWDfWJNkJGffhRk=,xWeuMc5BqYyeisLihzqR+sZghoY=
-41,54,mvt2pbK6XFqElWDfWJNkJGffhRk=,xWeuMc5BqYyeisLihzqR+sZghoY=
-41,51,mvt2pbK6XFqElWDfWJNkJGffhRk=,xWeuMc5BqYyeisLihzqR+sZghoY=
-39,58,mvt2pbK6XFqElWDfWJNkJGffhRk=,oM8qU2JT/ZHLPZOQq5M6I2vjNkA=
-37,52,mvt2pbK6XFqElWDfWJNkJGffhRk=,ePguQ7E920ynYB3WiiKoRXPKWcs=
-40,51,mvt2pbK6XFqElWDfWJNkJGffhRk=,ePguQ7E920ynYB3WiiKoRXPKWcs=
-42,51,mvt2pbK6XFqElWDfWJNkJGffhRk=,xWeuMc5BqYyeisLihzqR+sZghoY=
-40,58,mvt2pbK6XFqElWDfWJNkJGffhRk=,oM8qU2JT/ZHLPZOQq5M6I2vjNkA=
-43,51,mvt2pbK6XFqElWDfWJNkJGffhRk=,xWeuMc5BqYyeisLihzqR+sZghoY=
-43,55,mvt2pbK6XFqElWDfWJNkJGffhRk=,xWeuMc5BqYyeisLihzqR+sZghoY=
-38,52,mvt2pbK6XFqElWDfWJNkJGffhRk=,ePguQ7E920ynYB3WiiKoRXPKWcs=
-36,55,mvt2pbK6XFqElWDfWJNkJGffhRk=,ePguQ7E920ynYB3WiiKoRXPKWcs=
-39,53,mvt2pbK6XFqElWDfWJNkJGffhRk=,ePguQ7E920ynYB3WiiKoRXPKWcs=
-37,55,mvt2pbK6XFqElWDfWJNkJGffhRk=,ePguQ7E920ynYB3WiiKoRXPKWcs=
-41,53,mvt2pbK6XFqElWDfWJNkJGffhRk=,xWeuMc5BqYyeisLihzqR+sZghoY=
-40,52,mvt2pbK6XFqElWDfWJNkJGffhRk=,ePguQ7E920ynYB3WiiKoRXPKWcs=
-36,57,mvt2pbK6XFqElWDfWJNkJGffhRk=,oM8qU2JT/ZHLPZOQq5M6I2vjNkA=
-41,58,mvt2pbK6XFqElWDfWJNkJGffhRk=,oM8qU2JT/ZHLPZOQq5M6I2vjNkA=
-43,53,mvt2pbK6XFqElWDfWJNkJGffhRk=,xWeuMc5BqYyeisLihzqR+sZghoY=
-42,58,mvt2pbK6XFqElWDfWJNkJGffhRk=,oM8qU2JT/ZHLPZOQq5M6I2vjNkA=
-42,53,mvt2pbK6XFqElWDfWJNkJGffhRk=,xWeuMc5BqYyeisLihzqR+sZghoY=
-40,54,mvt2pbK6XFqElWDfWJNkJGffhRk=,ePguQ7E920ynYB3WiiKoRXPKWcs=
-36,51,mvt2pbK6XFqElWDfWJNkJGffhRk=,ePguQ7E920ynYB3WiiKoRXPKWcs=
-39,54,mvt2pbK6XFqElWDfWJNkJGffhRk=,ePguQ7E920ynYB3WiiKoRXPKWcs=
-37,57,mvt2pbK6XFqElWDfWJNkJGffhRk=,oM8qU2JT/ZHLPZOQq5M6I2vjNkA=
-43,58,mvt2pbK6XFqElWDfWJNkJGffhRk=,oM8qU2JT/ZHLPZOQq5M6I2vjNkA=
-37,51,mvt2pbK6XFqElWDfWJNkJGffhRk=,ePguQ7E920ynYB3WiiKoRXPKWcs=
-38,55,mvt2pbK6XFqElWDfWJNkJGffhRk=,ePguQ7E920ynYB3WiiKoRXPKWcs=
-43,56,mvt2pbK6XFqElWDfWJNkJGffhRk=,oM8qU2JT/ZHLPZOQq5M6I2vjNkA=
-39,55,mvt2pbK6XFqElWDfWJNkJGffhRk=,ePguQ7E920ynYB3WiiKoRXPKWcs=
-40,55,mvt2pbK6XFqElWDfWJNkJGffhRk=,ePguQ7E920ynYB3WiiKoRXPKWcs=
-39,57,mvt2pbK6XFqElWDfWJNkJGffhRk=,oM8qU2JT/ZHLPZOQq5M6I2vjNkA=
-38,57,mvt2pbK6XFqElWDfWJNkJGffhRk=,oM8qU2JT/ZHLPZOQq5M6I2vjNkA=
-38,53,mvt2pbK6XFqElWDfWJNkJGffhRk=,ePguQ7E920ynYB3WiiKoRXPKWcs=
-38,51,mvt2pbK6XFqElWDfWJNkJGffhRk=,ePguQ7E920ynYB3WiiKoRXPKWcs=
-40,57,mvt2pbK6XFqElWDfWJNkJGffhRk=,oM8qU2JT/ZHLPZOQq5M6I2vjNkA=
-41,52,mvt2pbK6XFqElWDfWJNkJGffhRk=,xWeuMc5BqYyeisLihzqR+sZghoY=
-36,56,mvt2pbK6XFqElWDfWJNkJGffhRk=,oM8qU2JT/ZHLPZOQq5M6I2vjNkA=
-43,57,mvt2pbK6XFqElWDfWJNkJGffhRk=,oM8qU2JT/ZHLPZOQq5M6I2vjNkA=
-42,52,mvt2pbK6XFqElWDfWJNkJGffhRk=,xWeuMc5BqYyeisLihzqR+sZghoY=
-42,57,mvt2pbK6XFqElWDfWJNkJGffhRk=,oM8qU2JT/ZHLPZOQq5M6I2vjNkA=
-37,56,mvt2pbK6XFqElWDfWJNkJGffhRk=,oM8qU2JT/ZHLPZOQq5M6I2vjNkA=
-36,53,mvt2pbK6XFqElWDfWJNkJGffhRk=,ePguQ7E920ynYB3WiiKoRXPKWcs=
-36,54,mvt2pbK6XFqElWDfWJNkJGffhRk=,ePguQ7E920ynYB3WiiKoRXPKWcs=
-43,52,mvt2pbK6XFqElWDfWJNkJGffhRk=,xWeuMc5BqYyeisLihzqR+sZghoY=
-37,53,mvt2pbK6XFqElWDfWJNkJGffhRk=,ePguQ7E920ynYB3WiiKoRXPKWcs=
-39,51,mvt2pbK6XFqElWDfWJNkJGffhRk=,ePguQ7E920ynYB3WiiKoRXPKWcs=
-41,56,mvt2pbK6XFqElWDfWJNkJGffhRk=,oM8qU2JT/ZHLPZOQq5M6I2vjNkA=
-39,52,mvt2pbK6XFqElWDfWJNkJGffhRk=,ePguQ7E920ynYB3WiiKoRXPKWcs=
-42,56,mvt2pbK6XFqElWDfWJNkJGffhRk=,oM8qU2JT/ZHLPZOQq5M6I2vjNkA=
-41,57,mvt2pbK6XFqElWDfWJNkJGffhRk=,oM8qU2JT/ZHLPZOQq5M6I2vjNkA=
-34,52,mvt2pbK6XFqElWDfWJNkJGffhRk=,ePguQ7E920ynYB3WiiKoRXPKWcs=
-34,51,mvt2pbK6XFqElWDfWJNkJGffhRk=,ePguQ7E920ynYB3WiiKoRXPKWcs=
-35,51,mvt2pbK6XFqElWDfWJNkJGffhRk=,ePguQ7E920ynYB3WiiKoRXPKWcs=
-33,52,mvt2pbK6XFqElWDfWJNkJGffhRk=,ePguQ7E920ynYB3WiiKoRXPKWcs=
-35,52,mvt2pbK6XFqElWDfWJNkJGffhRk=,ePguQ7E920ynYB3WiiKoRXPKWcs=
-34,58,mvt2pbK6XFqElWDfWJNkJGffhRk=,oM8qU2JT/ZHLPZOQq5M6I2vjNkA=
-33,51,mvt2pbK6XFqElWDfWJNkJGffhRk=,ePguQ7E920ynYB3WiiKoRXPKWcs=
-35,54,mvt2pbK6XFqElWDfWJNkJGffhRk=,ePguQ7E920ynYB3WiiKoRXPKWcs=
-35,58,mvt2pbK6XFqElWDfWJNkJGffhRk=,oM8qU2JT/ZHLPZOQq5M6I2vjNkA=
-34,57,mvt2pbK6XFqElWDfWJNkJGffhRk=,oM8qU2JT/ZHLPZOQq5M6I2vjNkA=
-35,57,mvt2pbK6XFqElWDfWJNkJGffhRk=,oM8qU2JT/ZHLPZOQq5M6I2vjNkA=
-33,57,mvt2pbK6XFqElWDfWJNkJGffhRk=,oM8qU2JT/ZHLPZOQq5M6I2vjNkA=
-33,55,mvt2pbK6XFqElWDfWJNkJGffhRk=,ePguQ7E920ynYB3WiiKoRXPKWcs=
-34,55,mvt2pbK6XFqElWDfWJNkJGffhRk=,ePguQ7E920ynYB3WiiKoRXPKWcs=
-35,55,mvt2pbK6XFqElWDfWJNkJGffhRk=,ePguQ7E920ynYB3WiiKoRXPKWcs=
-33,58,mvt2pbK6XFqElWDfWJNkJGffhRk=,oM8qU2JT/ZHLPZOQq5M6I2vjNkA=
-33,53,mvt2pbK6XFqElWDfWJNkJGffhRk=,ePguQ7E920ynYB3WiiKoRXPKWcs=
-33,60,mvt2pbK6XFqElWDfWJNkJGffhRk=,oM8qU2JT/ZHLPZOQq5M6I2vjNkA=
-33,54,mvt2pbK6XFqElWDfWJNkJGffhRk=,ePguQ7E920ynYB3WiiKoRXPKWcs=
-33,56,mvt2pbK6XFqElWDfWJNkJGffhRk=,oM8qU2JT/ZHLPZOQq5M6I2vjNkA=
-34,56,mvt2pbK6XFqElWDfWJNkJGffhRk=,oM8qU2JT/ZHLPZOQq5M6I2vjNkA=
-34,54,mvt2pbK6XFqElWDfWJNkJGffhRk=,ePguQ7E920ynYB3WiiKoRXPKWcs=
-34,53,mvt2pbK6XFqElWDfWJNkJGffhRk=,ePguQ7E920ynYB3WiiKoRXPKWcs=
-35,56,mvt2pbK6XFqElWDfWJNkJGffhRk=,oM8qU2JT/ZHLPZOQq5M6I2vjNkA=
-34,60,mvt2pbK6XFqElWDfWJNkJGffhRk=,oM8qU2JT/ZHLPZOQq5M6I2vjNkA=
-34,59,mvt2pbK6XFqElWDfWJNkJGffhRk=,oM8qU2JT/ZHLPZOQq5M6I2vjNkA=
-35,59,mvt2pbK6XFqElWDfWJNkJGffhRk=,oM8qU2JT/ZHLPZOQq5M6I2vjNkA=
-33,59,mvt2pbK6XFqElWDfWJNkJGffhRk=,oM8qU2JT/ZHLPZOQq5M6I2vjNkA=
-35,60,mvt2pbK6XFqElWDfWJNkJGffhRk=,oM8qU2JT/ZHLPZOQq5M6I2vjNkA=
-35,53,mvt2pbK6XFqElWDfWJNkJGffhRk=,ePguQ7E920ynYB3WiiKoRXPKWcs=
-36,50,mvt2pbK6XFqElWDfWJNkJGffhRk=,ePguQ7E920ynYB3WiiKoRXPKWcs=
-36,48,mvt2pbK6XFqElWDfWJNkJGffhRk=,ePguQ7E920ynYB3WiiKoRXPKWcs=
-36,49,mvt2pbK6XFqElWDfWJNkJGffhRk=,ePguQ7E920ynYB3WiiKoRXPKWcs=
-37,48,mvt2pbK6XFqElWDfWJNkJGffhRk=,ePguQ7E920ynYB3WiiKoRXPKWcs=
-37,49,mvt2pbK6XFqElWDfWJNkJGffhRk=,ePguQ7E920ynYB3WiiKoRXPKWcs=
-37,50,mvt2pbK6XFqElWDfWJNkJGffhRk=,ePguQ7E920ynYB3WiiKoRXPKWcs=
-45,61,6MCjz20wE6g+UyXyHtmGCBxBklg=,oM8qU2JT/ZHLPZOQq5M6I2vjNkA=
-44,62,6MCjz20wE6g+UyXyHtmGCBxBklg=,oM8qU2JT/ZHLPZOQq5M6I2vjNkA=
-45,62,6MCjz20wE6g+UyXyHtmGCBxBklg=,oM8qU2JT/ZHLPZOQq5M6I2vjNkA=
-45,63,6MCjz20wE6g+UyXyHtmGCBxBklg=,oM8qU2JT/ZHLPZOQq5M6I2vjNkA=
-44,63,6MCjz20wE6g+UyXyHtmGCBxBklg=,oM8qU2JT/ZHLPZOQq5M6I2vjNkA=
-44,61,6MCjz20wE6g+UyXyHtmGCBxBklg=,oM8qU2JT/ZHLPZOQq5M6I2vjNkA=
-48,52,6MCjz20wE6g+UyXyHtmGCBxBklg=,xWeuMc5BqYyeisLihzqR+sZghoY=
-48,60,6MCjz20wE6g+UyXyHtmGCBxBklg=,oM8qU2JT/ZHLPZOQq5M6I2vjNkA=
-47,60,6MCjz20wE6g+UyXyHtmGCBxBklg=,oM8qU2JT/ZHLPZOQq5M6I2vjNkA=
-46,60,6MCjz20wE6g+UyXyHtmGCBxBklg=,oM8qU2JT/ZHLPZOQq5M6I2vjNkA=
-47,52,6MCjz20wE6g+UyXyHtmGCBxBklg=,xWeuMc5BqYyeisLihzqR+sZghoY=
-47,56,6MCjz20wE6g+UyXyHtmGCBxBklg=,oM8qU2JT/ZHLPZOQq5M6I2vjNkA=
-46,51,6MCjz20wE6g+UyXyHtmGCBxBklg=,xWeuMc5BqYyeisLihzqR+sZghoY=
-48,56,6MCjz20wE6g+UyXyHtmGCBxBklg=,oM8qU2JT/ZHLPZOQq5M6I2vjNkA=
-47,59,6MCjz20wE6g+UyXyHtmGCBxBklg=,oM8qU2JT/ZHLPZOQq5M6I2vjNkA=
-46,52,6MCjz20wE6g+UyXyHtmGCBxBklg=,xWeuMc5BqYyeisLihzqR+sZghoY=
-48,51,6MCjz20wE6g+UyXyHtmGCBxBklg=,xWeuMc5BqYyeisLihzqR+sZghoY=
-47,51,6MCjz20wE6g+UyXyHtmGCBxBklg=,xWeuMc5BqYyeisLihzqR+sZghoY=
-46,55,6MCjz20wE6g+UyXyHtmGCBxBklg=,xWeuMc5BqYyeisLihzqR+sZghoY=
-46,54,6MCjz20wE6g+UyXyHtmGCBxBklg=,xWeuMc5BqYyeisLihzqR+sZghoY=
-48,55,6MCjz20wE6g+UyXyHtmGCBxBklg=,xWeuMc5BqYyeisLihzqR+sZghoY=
-47,54,6MCjz20wE6g+UyXyHtmGCBxBklg=,xWeuMc5BqYyeisLihzqR+sZghoY=
-48,59,6MCjz20wE6g+UyXyHtmGCBxBklg=,oM8qU2JT/ZHLPZOQq5M6I2vjNkA=
-48,54,6MCjz20wE6g+UyXyHtmGCBxBklg=,xWeuMc5BqYyeisLihzqR+sZghoY=
-46,58,6MCjz20wE6g+UyXyHtmGCBxBklg=,oM8qU2JT/ZHLPZOQq5M6I2vjNkA=
-48,58,6MCjz20wE6g+UyXyHtmGCBxBklg=,oM8qU2JT/ZHLPZOQq5M6I2vjNkA=
-46,53,6MCjz20wE6g+UyXyHtmGCBxBklg=,xWeuMc5BqYyeisLihzqR+sZghoY=
-47,53,6MCjz20wE6g+UyXyHtmGCBxBklg=,xWeuMc5BqYyeisLihzqR+sZghoY=
-47,55,6MCjz20wE6g+UyXyHtmGCBxBklg=,xWeuMc5BqYyeisLihzqR+sZghoY=
-48,53,6MCjz20wE6g+UyXyHtmGCBxBklg=,xWeuMc5BqYyeisLihzqR+sZghoY=
-47,58,6MCjz20wE6g+UyXyHtmGCBxBklg=,oM8qU2JT/ZHLPZOQq5M6I2vjNkA=
-46,57,6MCjz20wE6g+UyXyHtmGCBxBklg=,oM8qU2JT/ZHLPZOQq5M6I2vjNkA=
-46,59,6MCjz20wE6g+UyXyHtmGCBxBklg=,oM8qU2JT/ZHLPZOQq5M6I2vjNkA=
-46,56,6MCjz20wE6g+UyXyHtmGCBxBklg=,oM8qU2JT/ZHLPZOQq5M6I2vjNkA=
-48,57,6MCjz20wE6g+UyXyHtmGCBxBklg=,oM8qU2JT/ZHLPZOQq5M6I2vjNkA=
-47,57,6MCjz20wE6g+UyXyHtmGCBxBklg=,oM8qU2JT/ZHLPZOQq5M6I2vjNkA=
-45,49,6MCjz20wE6g+UyXyHtmGCBxBklg=,xWeuMc5BqYyeisLihzqR+sZghoY=
-45,50,6MCjz20wE6g+UyXyHtmGCBxBklg=,xWeuMc5BqYyeisLihzqR+sZghoY=
-44,50,6MCjz20wE6g+UyXyHtmGCBxBklg=,xWeuMc5BqYyeisLihzqR+sZghoY=
-43,50,6MCjz20wE6g+UyXyHtmGCBxBklg=,xWeuMc5BqYyeisLihzqR+sZghoY=
-40,48,6MCjz20wE6g+UyXyHtmGCBxBklg=,ePguQ7E920ynYB3WiiKoRXPKWcs=
-38,50,6MCjz20wE6g+UyXyHtmGCBxBklg=,ePguQ7E920ynYB3WiiKoRXPKWcs=
-40,50,6MCjz20wE6g+UyXyHtmGCBxBklg=,ePguQ7E920ynYB3WiiKoRXPKWcs=
-41,49,6MCjz20wE6g+UyXyHtmGCBxBklg=,xWeuMc5BqYyeisLihzqR+sZghoY=
-43,48,6MCjz20wE6g+UyXyHtmGCBxBklg=,xWeuMc5BqYyeisLihzqR+sZghoY=
-41,48,6MCjz20wE6g+UyXyHtmGCBxBklg=,xWeuMc5BqYyeisLihzqR+sZghoY=
-41,50,6MCjz20wE6g+UyXyHtmGCBxBklg=,xWeuMc5BqYyeisLihzqR+sZghoY=
-42,50,6MCjz20wE6g+UyXyHtmGCBxBklg=,xWeuMc5BqYyeisLihzqR+sZghoY=
-42,48,6MCjz20wE6g+UyXyHtmGCBxBklg=,xWeuMc5BqYyeisLihzqR+sZghoY=
-38,49,6MCjz20wE6g+UyXyHtmGCBxBklg=,ePguQ7E920ynYB3WiiKoRXPKWcs=
-44,48,6MCjz20wE6g+UyXyHtmGCBxBklg=,xWeuMc5BqYyeisLihzqR+sZghoY=
-45,48,6MCjz20wE6g+UyXyHtmGCBxBklg=,xWeuMc5BqYyeisLihzqR+sZghoY=
-39,49,6MCjz20wE6g+UyXyHtmGCBxBklg=,ePguQ7E920ynYB3WiiKoRXPKWcs=
-40,49,6MCjz20wE6g+UyXyHtmGCBxBklg=,ePguQ7E920ynYB3WiiKoRXPKWcs=
-38,48,6MCjz20wE6g+UyXyHtmGCBxBklg=,ePguQ7E920ynYB3WiiKoRXPKWcs=
-43,49,6MCjz20wE6g+UyXyHtmGCBxBklg=,xWeuMc5BqYyeisLihzqR+sZghoY=
-42,49,6MCjz20wE6g+UyXyHtmGCBxBklg=,xWeuMc5BqYyeisLihzqR+sZghoY=
-44,49,6MCjz20wE6g+UyXyHtmGCBxBklg=,xWeuMc5BqYyeisLihzqR+sZghoY=
-39,50,6MCjz20wE6g+UyXyHtmGCBxBklg=,ePguQ7E920ynYB3WiiKoRXPKWcs=
-47,50,6MCjz20wE6g+UyXyHtmGCBxBklg=,xWeuMc5BqYyeisLihzqR+sZghoY=
-39,48,6MCjz20wE6g+UyXyHtmGCBxBklg=,ePguQ7E920ynYB3WiiKoRXPKWcs=
-46,50,6MCjz20wE6g+UyXyHtmGCBxBklg=,xWeuMc5BqYyeisLihzqR+sZghoY=
-48,50,6MCjz20wE6g+UyXyHtmGCBxBklg=,xWeuMc5BqYyeisLihzqR+sZghoY=
-48,49,6MCjz20wE6g+UyXyHtmGCBxBklg=,xWeuMc5BqYyeisLihzqR+sZghoY=
-47,48,6MCjz20wE6g+UyXyHtmGCBxBklg=,xWeuMc5BqYyeisLihzqR+sZghoY=
-46,48,6MCjz20wE6g+UyXyHtmGCBxBklg=,xWeuMc5BqYyeisLihzqR+sZghoY=
-48,48,6MCjz20wE6g+UyXyHtmGCBxBklg=,xWeuMc5BqYyeisLihzqR+sZghoY=
-47,49,6MCjz20wE6g+UyXyHtmGCBxBklg=,xWeuMc5BqYyeisLihzqR+sZghoY=
-46,49,6MCjz20wE6g+UyXyHtmGCBxBklg=,xWeuMc5BqYyeisLihzqR+sZghoY=
-41,61,6MCjz20wE6g+UyXyHtmGCBxBklg=,oM8qU2JT/ZHLPZOQq5M6I2vjNkA=
-42,63,6MCjz20wE6g+UyXyHtmGCBxBklg=,oM8qU2JT/ZHLPZOQq5M6I2vjNkA=
-43,62,6MCjz20wE6g+UyXyHtmGCBxBklg=,oM8qU2JT/ZHLPZOQq5M6I2vjNkA=
-38,63,6MCjz20wE6g+UyXyHtmGCBxBklg=,oM8qU2JT/ZHLPZOQq5M6I2vjNkA=
-42,61,6MCjz20wE6g+UyXyHtmGCBxBklg=,oM8qU2JT/ZHLPZOQq5M6I2vjNkA=
-43,63,6MCjz20wE6g+UyXyHtmGCBxBklg=,oM8qU2JT/ZHLPZOQq5M6I2vjNkA=
-39,63,6MCjz20wE6g+UyXyHtmGCBxBklg=,oM8qU2JT/ZHLPZOQq5M6I2vjNkA=
-41,62,6MCjz20wE6g+UyXyHtmGCBxBklg=,oM8qU2JT/ZHLPZOQq5M6I2vjNkA=
-42,62,6MCjz20wE6g+UyXyHtmGCBxBklg=,oM8qU2JT/ZHLPZOQq5M6I2vjNkA=
-37,63,6MCjz20wE6g+UyXyHtmGCBxBklg=,oM8qU2JT/ZHLPZOQq5M6I2vjNkA=
-40,63,6MCjz20wE6g+UyXyHtmGCBxBklg=,oM8qU2JT/ZHLPZOQq5M6I2vjNkA=
-41,63,6MCjz20wE6g+UyXyHtmGCBxBklg=,oM8qU2JT/ZHLPZOQq5M6I2vjNkA=
-38,62,6MCjz20wE6g+UyXyHtmGCBxBklg=,oM8qU2JT/ZHLPZOQq5M6I2vjNkA=
-37,62,6MCjz20wE6g+UyXyHtmGCBxBklg=,oM8qU2JT/ZHLPZOQq5M6I2vjNkA=
-39,62,6MCjz20wE6g+UyXyHtmGCBxBklg=,oM8qU2JT/ZHLPZOQq5M6I2vjNkA=
-36,62,6MCjz20wE6g+UyXyHtmGCBxBklg=,oM8qU2JT/ZHLPZOQq5M6I2vjNkA=
-43,61,6MCjz20wE6g+UyXyHtmGCBxBklg=,oM8qU2JT/ZHLPZOQq5M6I2vjNkA=
-40,62,6MCjz20wE6g+UyXyHtmGCBxBklg=,oM8qU2JT/ZHLPZOQq5M6I2vjNkA=
-36,63,6MCjz20wE6g+UyXyHtmGCBxBklg=,oM8qU2JT/ZHLPZOQq5M6I2vjNkA=
-38,61,6MCjz20wE6g+UyXyHtmGCBxBklg=,oM8qU2JT/ZHLPZOQq5M6I2vjNkA=
-39,61,6MCjz20wE6g+UyXyHtmGCBxBklg=,oM8qU2JT/ZHLPZOQq5M6I2vjNkA=
-36,61,6MCjz20wE6g+UyXyHtmGCBxBklg=,oM8qU2JT/ZHLPZOQq5M6I2vjNkA=
-40,61,6MCjz20wE6g+UyXyHtmGCBxBklg=,oM8qU2JT/ZHLPZOQq5M6I2vjNkA=
-37,61,6MCjz20wE6g+UyXyHtmGCBxBklg=,oM8qU2JT/ZHLPZOQq5M6I2vjNkA=
-33,61,6MCjz20wE6g+UyXyHtmGCBxBklg=,oM8qU2JT/ZHLPZOQq5M6I2vjNkA=
-33,62,6MCjz20wE6g+UyXyHtmGCBxBklg=,oM8qU2JT/ZHLPZOQq5M6I2vjNkA=
-35,61,6MCjz20wE6g+UyXyHtmGCBxBklg=,oM8qU2JT/ZHLPZOQq5M6I2vjNkA=
-34,62,6MCjz20wE6g+UyXyHtmGCBxBklg=,oM8qU2JT/ZHLPZOQq5M6I2vjNkA=
-34,61,6MCjz20wE6g+UyXyHtmGCBxBklg=,oM8qU2JT/ZHLPZOQq5M6I2vjNkA=
-34,63,6MCjz20wE6g+UyXyHtmGCBxBklg=,oM8qU2JT/ZHLPZOQq5M6I2vjNkA=
-35,63,6MCjz20wE6g+UyXyHtmGCBxBklg=,oM8qU2JT/ZHLPZOQq5M6I2vjNkA=
-35,62,6MCjz20wE6g+UyXyHtmGCBxBklg=,oM8qU2JT/ZHLPZOQq5M6I2vjNkA=
-33,63,6MCjz20wE6g+UyXyHtmGCBxBklg=,oM8qU2JT/ZHLPZOQq5M6I2vjNkA=
-34,50,6MCjz20wE6g+UyXyHtmGCBxBklg=,ePguQ7E920ynYB3WiiKoRXPKWcs=
-33,49,6MCjz20wE6g+UyXyHtmGCBxBklg=,ePguQ7E920ynYB3WiiKoRXPKWcs=
-35,50,6MCjz20wE6g+UyXyHtmGCBxBklg=,ePguQ7E920ynYB3WiiKoRXPKWcs=
-34,49,6MCjz20wE6g+UyXyHtmGCBxBklg=,ePguQ7E920ynYB3WiiKoRXPKWcs=
-33,50,6MCjz20wE6g+UyXyHtmGCBxBklg=,ePguQ7E920ynYB3WiiKoRXPKWcs=
-35,49,6MCjz20wE6g+UyXyHtmGCBxBklg=,ePguQ7E920ynYB3WiiKoRXPKWcs=
-35,48,6MCjz20wE6g+UyXyHtmGCBxBklg=,ePguQ7E920ynYB3WiiKoRXPKWcs=
-33,48,6MCjz20wE6g+UyXyHtmGCBxBklg=,ePguQ7E920ynYB3WiiKoRXPKWcs=
-48,62,6MCjz20wE6g+UyXyHtmGCBxBklg=,oM8qU2JT/ZHLPZOQq5M6I2vjNkA=
-34,48,6MCjz20wE6g+UyXyHtmGCBxBklg=,ePguQ7E920ynYB3WiiKoRXPKWcs=
-47,61,6MCjz20wE6g+UyXyHtmGCBxBklg=,oM8qU2JT/ZHLPZOQq5M6I2vjNkA=
-46,62,6MCjz20wE6g+UyXyHtmGCBxBklg=,oM8qU2JT/ZHLPZOQq5M6I2vjNkA=
-48,61,6MCjz20wE6g+UyXyHtmGCBxBklg=,oM8qU2JT/ZHLPZOQq5M6I2vjNkA=
-46,63,6MCjz20wE6g+UyXyHtmGCBxBklg=,oM8qU2JT/ZHLPZOQq5M6I2vjNkA=
-47,63,6MCjz20wE6g+UyXyHtmGCBxBklg=,oM8qU2JT/ZHLPZOQq5M6I2vjNkA=
-46,61,6MCjz20wE6g+UyXyHtmGCBxBklg=,oM8qU2JT/ZHLPZOQq5M6I2vjNkA=
-47,62,6MCjz20wE6g+UyXyHtmGCBxBklg=,oM8qU2JT/ZHLPZOQq5M6I2vjNkA=
-48,63,6MCjz20wE6g+UyXyHtmGCBxBklg=,oM8qU2JT/ZHLPZOQq5M6I2vjNkA=
-36,43,OI6cGX6HHF7oHsJ3y0QEqgoMIKQ=,oD+vRb/Pqw2kDY1FNkqoPglvzqM=
-37,44,OI6cGX6HHF7oHsJ3y0QEqgoMIKQ=,oD+vRb/Pqw2kDY1FNkqoPglvzqM=
-36,44,OI6cGX6HHF7oHsJ3y0QEqgoMIKQ=,oD+vRb/Pqw2kDY1FNkqoPglvzqM=
-37,43,OI6cGX6HHF7oHsJ3y0QEqgoMIKQ=,oD+vRb/Pqw2kDY1FNkqoPglvzqM=
-40,44,OI6cGX6HHF7oHsJ3y0QEqgoMIKQ=,oD+vRb/Pqw2kDY1FNkqoPglvzqM=
-36,35,OI6cGX6HHF7oHsJ3y0QEqgoMIKQ=,+DXDv1Wf8Tq9hDL0n4/P9h8EPYo=
-37,35,OI6cGX6HHF7oHsJ3y0QEqgoMIKQ=,+DXDv1Wf8Tq9hDL0n4/P9h8EPYo=
-37,39,OI6cGX6HHF7oHsJ3y0QEqgoMIKQ=,+DXDv1Wf8Tq9hDL0n4/P9h8EPYo=
-41,43,OI6cGX6HHF7oHsJ3y0QEqgoMIKQ=,7uWZPGniyXh1CwLmMO8bCeguR6g=
-36,37,OI6cGX6HHF7oHsJ3y0QEqgoMIKQ=,+DXDv1Wf8Tq9hDL0n4/P9h8EPYo=
-36,42,OI6cGX6HHF7oHsJ3y0QEqgoMIKQ=,oD+vRb/Pqw2kDY1FNkqoPglvzqM=
-45,39,OI6cGX6HHF7oHsJ3y0QEqgoMIKQ=,9ZrCGImOxtpmjM6/VfVGiLRn/OU=
-45,40,OI6cGX6HHF7oHsJ3y0QEqgoMIKQ=,7uWZPGniyXh1CwLmMO8bCeguR6g=
-42,43,OI6cGX6HHF7oHsJ3y0QEqgoMIKQ=,7uWZPGniyXh1CwLmMO8bCeguR6g=
-43,43,OI6cGX6HHF7oHsJ3y0QEqgoMIKQ=,7uWZPGniyXh1CwLmMO8bCeguR6g=
-44,43,OI6cGX6HHF7oHsJ3y0QEqgoMIKQ=,7uWZPGniyXh1CwLmMO8bCeguR6g=
-38,43,OI6cGX6HHF7oHsJ3y0QEqgoMIKQ=,oD+vRb/Pqw2kDY1FNkqoPglvzqM=
-39,43,OI6cGX6HHF7oHsJ3y0QEqgoMIKQ=,oD+vRb/Pqw2kDY1FNkqoPglvzqM=
-44,36,OI6cGX6HHF7oHsJ3y0QEqgoMIKQ=,9ZrCGImOxtpmjM6/VfVGiLRn/OU=
-45,43,OI6cGX6HHF7oHsJ3y0QEqgoMIKQ=,7uWZPGniyXh1CwLmMO8bCeguR6g=
-40,43,OI6cGX6HHF7oHsJ3y0QEqgoMIKQ=,oD+vRb/Pqw2kDY1FNkqoPglvzqM=
-37,42,OI6cGX6HHF7oHsJ3y0QEqgoMIKQ=,oD+vRb/Pqw2kDY1FNkqoPglvzqM=
-38,39,OI6cGX6HHF7oHsJ3y0QEqgoMIKQ=,+DXDv1Wf8Tq9hDL0n4/P9h8EPYo=
-37,36,OI6cGX6HHF7oHsJ3y0QEqgoMIKQ=,+DXDv1Wf8Tq9hDL0n4/P9h8EPYo=
-42,44,OI6cGX6HHF7oHsJ3y0QEqgoMIKQ=,7uWZPGniyXh1CwLmMO8bCeguR6g=
-44,40,OI6cGX6HHF7oHsJ3y0QEqgoMIKQ=,7uWZPGniyXh1CwLmMO8bCeguR6g=
-43,44,OI6cGX6HHF7oHsJ3y0QEqgoMIKQ=,7uWZPGniyXh1CwLmMO8bCeguR6g=
-37,37,OI6cGX6HHF7oHsJ3y0QEqgoMIKQ=,+DXDv1Wf8Tq9hDL0n4/P9h8EPYo=
-45,44,OI6cGX6HHF7oHsJ3y0QEqgoMIKQ=,7uWZPGniyXh1CwLmMO8bCeguR6g=
-38,44,OI6cGX6HHF7oHsJ3y0QEqgoMIKQ=,oD+vRb/Pqw2kDY1FNkqoPglvzqM=
-41,42,OI6cGX6HHF7oHsJ3y0QEqgoMIKQ=,7uWZPGniyXh1CwLmMO8bCeguR6g=
-36,36,OI6cGX6HHF7oHsJ3y0QEqgoMIKQ=,+DXDv1Wf8Tq9hDL0n4/P9h8EPYo=
-39,44,OI6cGX6HHF7oHsJ3y0QEqgoMIKQ=,oD+vRb/Pqw2kDY1FNkqoPglvzqM=
-41,44,OI6cGX6HHF7oHsJ3y0QEqgoMIKQ=,7uWZPGniyXh1CwLmMO8bCeguR6g=
-43,36,OI6cGX6HHF7oHsJ3y0QEqgoMIKQ=,9ZrCGImOxtpmjM6/VfVGiLRn/OU=
-36,38,OI6cGX6HHF7oHsJ3y0QEqgoMIKQ=,+DXDv1Wf8Tq9hDL0n4/P9h8EPYo=
-43,42,OI6cGX6HHF7oHsJ3y0QEqgoMIKQ=,7uWZPGniyXh1CwLmMO8bCeguR6g=
-39,35,OI6cGX6HHF7oHsJ3y0QEqgoMIKQ=,+DXDv1Wf8Tq9hDL0n4/P9h8EPYo=
-38,35,OI6cGX6HHF7oHsJ3y0QEqgoMIKQ=,+DXDv1Wf8Tq9hDL0n4/P9h8EPYo=
-42,42,OI6cGX6HHF7oHsJ3y0QEqgoMIKQ=,7uWZPGniyXh1CwLmMO8bCeguR6g=
-40,39,OI6cGX6HHF7oHsJ3y0QEqgoMIKQ=,+DXDv1Wf8Tq9hDL0n4/P9h8EPYo=
-40,35,OI6cGX6HHF7oHsJ3y0QEqgoMIKQ=,+DXDv1Wf8Tq9hDL0n4/P9h8EPYo=
-45,35,OI6cGX6HHF7oHsJ3y0QEqgoMIKQ=,9ZrCGImOxtpmjM6/VfVGiLRn/OU=
-39,39,OI6cGX6HHF7oHsJ3y0QEqgoMIKQ=,+DXDv1Wf8Tq9hDL0n4/P9h8EPYo=
-45,36,OI6cGX6HHF7oHsJ3y0QEqgoMIKQ=,9ZrCGImOxtpmjM6/VfVGiLRn/OU=
-37,40,OI6cGX6HHF7oHsJ3y0QEqgoMIKQ=,oD+vRb/Pqw2kDY1FNkqoPglvzqM=
-45,42,OI6cGX6HHF7oHsJ3y0QEqgoMIKQ=,7uWZPGniyXh1CwLmMO8bCeguR6g=
-38,42,OI6cGX6HHF7oHsJ3y0QEqgoMIKQ=,oD+vRb/Pqw2kDY1FNkqoPglvzqM=
-39,42,OI6cGX6HHF7oHsJ3y0QEqgoMIKQ=,oD+vRb/Pqw2kDY1FNkqoPglvzqM=
-38,37,OI6cGX6HHF7oHsJ3y0QEqgoMIKQ=,+DXDv1Wf8Tq9hDL0n4/P9h8EPYo=
-40,42,OI6cGX6HHF7oHsJ3y0QEqgoMIKQ=,oD+vRb/Pqw2kDY1FNkqoPglvzqM=
-40,37,OI6cGX6HHF7oHsJ3y0QEqgoMIKQ=,+DXDv1Wf8Tq9hDL0n4/P9h8EPYo=
-41,41,OI6cGX6HHF7oHsJ3y0QEqgoMIKQ=,7uWZPGniyXh1CwLmMO8bCeguR6g=
-41,39,OI6cGX6HHF7oHsJ3y0QEqgoMIKQ=,9ZrCGImOxtpmjM6/VfVGiLRn/OU=
-41,35,OI6cGX6HHF7oHsJ3y0QEqgoMIKQ=,9ZrCGImOxtpmjM6/VfVGiLRn/OU=
-42,39,OI6cGX6HHF7oHsJ3y0QEqgoMIKQ=,9ZrCGImOxtpmjM6/VfVGiLRn/OU=
-39,37,OI6cGX6HHF7oHsJ3y0QEqgoMIKQ=,+DXDv1Wf8Tq9hDL0n4/P9h8EPYo=
-44,42,OI6cGX6HHF7oHsJ3y0QEqgoMIKQ=,7uWZPGniyXh1CwLmMO8bCeguR6g=
-36,39,OI6cGX6HHF7oHsJ3y0QEqgoMIKQ=,+DXDv1Wf8Tq9hDL0n4/P9h8EPYo=
-42,35,OI6cGX6HHF7oHsJ3y0QEqgoMIKQ=,9ZrCGImOxtpmjM6/VfVGiLRn/OU=
-39,41,OI6cGX6HHF7oHsJ3y0QEqgoMIKQ=,oD+vRb/Pqw2kDY1FNkqoPglvzqM=
-44,44,OI6cGX6HHF7oHsJ3y0QEqgoMIKQ=,7uWZPGniyXh1CwLmMO8bCeguR6g=
-40,41,oLXziRxqup+2so5KxZWxC9ColWM=,oD+vRb/Pqw2kDY1FNkqoPglvzqM=
-38,41,oLXziRxqup+2so5KxZWxC9ColWM=,oD+vRb/Pqw2kDY1FNkqoPglvzqM=
-43,38,oLXziRxqup+2so5KxZWxC9ColWM=,9ZrCGImOxtpmjM6/VfVGiLRn/OU=
-42,38,oLXziRxqup+2so5KxZWxC9ColWM=,9ZrCGImOxtpmjM6/VfVGiLRn/OU=
-45,41,oLXziRxqup+2so5KxZWxC9ColWM=,7uWZPGniyXh1CwLmMO8bCeguR6g=
-41,38,oLXziRxqup+2so5KxZWxC9ColWM=,9ZrCGImOxtpmjM6/VfVGiLRn/OU=
-45,38,oLXziRxqup+2so5KxZWxC9ColWM=,9ZrCGImOxtpmjM6/VfVGiLRn/OU=
-44,38,oLXziRxqup+2so5KxZWxC9ColWM=,9ZrCGImOxtpmjM6/VfVGiLRn/OU=
-36,40,oLXziRxqup+2so5KxZWxC9ColWM=,oD+vRb/Pqw2kDY1FNkqoPglvzqM=
-36,41,oLXziRxqup+2so5KxZWxC9ColWM=,oD+vRb/Pqw2kDY1FNkqoPglvzqM=
-38,38,oLXziRxqup+2so5KxZWxC9ColWM=,+DXDv1Wf8Tq9hDL0n4/P9h8EPYo=
-39,38,oLXziRxqup+2so5KxZWxC9ColWM=,+DXDv1Wf8Tq9hDL0n4/P9h8EPYo=
-41,40,oLXziRxqup+2so5KxZWxC9ColWM=,7uWZPGniyXh1CwLmMO8bCeguR6g=
-41,37,oLXziRxqup+2so5KxZWxC9ColWM=,9ZrCGImOxtpmjM6/VfVGiLRn/OU=
-43,37,oLXziRxqup+2so5KxZWxC9ColWM=,9ZrCGImOxtpmjM6/VfVGiLRn/OU=
-42,37,oLXziRxqup+2so5KxZWxC9ColWM=,9ZrCGImOxtpmjM6/VfVGiLRn/OU=
-42,40,oLXziRxqup+2so5KxZWxC9ColWM=,7uWZPGniyXh1CwLmMO8bCeguR6g=
-43,39,oLXziRxqup+2so5KxZWxC9ColWM=,9ZrCGImOxtpmjM6/VfVGiLRn/OU=
-44,39,oLXziRxqup+2so5KxZWxC9ColWM=,9ZrCGImOxtpmjM6/VfVGiLRn/OU=
-44,37,oLXziRxqup+2so5KxZWxC9ColWM=,9ZrCGImOxtpmjM6/VfVGiLRn/OU=
-37,38,oLXziRxqup+2so5KxZWxC9ColWM=,+DXDv1Wf8Tq9hDL0n4/P9h8EPYo=
-40,38,oLXziRxqup+2so5KxZWxC9ColWM=,+DXDv1Wf8Tq9hDL0n4/P9h8EPYo=
-45,37,oLXziRxqup+2so5KxZWxC9ColWM=,9ZrCGImOxtpmjM6/VfVGiLRn/OU=
-41,36,oLXziRxqup+2so5KxZWxC9ColWM=,9ZrCGImOxtpmjM6/VfVGiLRn/OU=
-39,36,oLXziRxqup+2so5KxZWxC9ColWM=,+DXDv1Wf8Tq9hDL0n4/P9h8EPYo=
-37,41,oLXziRxqup+2so5KxZWxC9ColWM=,oD+vRb/Pqw2kDY1FNkqoPglvzqM=
-38,36,oLXziRxqup+2so5KxZWxC9ColWM=,+DXDv1Wf8Tq9hDL0n4/P9h8EPYo=
-40,36,oLXziRxqup+2so5KxZWxC9ColWM=,+DXDv1Wf8Tq9hDL0n4/P9h8EPYo=
-43,35,oLXziRxqup+2so5KxZWxC9ColWM=,9ZrCGImOxtpmjM6/VfVGiLRn/OU=
-38,40,oLXziRxqup+2so5KxZWxC9ColWM=,oD+vRb/Pqw2kDY1FNkqoPglvzqM=
-44,35,oLXziRxqup+2so5KxZWxC9ColWM=,9ZrCGImOxtpmjM6/VfVGiLRn/OU=
-43,40,oLXziRxqup+2so5KxZWxC9ColWM=,7uWZPGniyXh1CwLmMO8bCeguR6g=
-44,41,oLXziRxqup+2so5KxZWxC9ColWM=,7uWZPGniyXh1CwLmMO8bCeguR6g=
-43,41,oLXziRxqup+2so5KxZWxC9ColWM=,7uWZPGniyXh1CwLmMO8bCeguR6g=
-42,41,oLXziRxqup+2so5KxZWxC9ColWM=,7uWZPGniyXh1CwLmMO8bCeguR6g=
-40,40,oLXziRxqup+2so5KxZWxC9ColWM=,oD+vRb/Pqw2kDY1FNkqoPglvzqM=
-42,36,oLXziRxqup+2so5KxZWxC9ColWM=,9ZrCGImOxtpmjM6/VfVGiLRn/OU=
-39,40,oLXziRxqup+2so5KxZWxC9ColWM=,oD+vRb/Pqw2kDY1FNkqoPglvzqM=
-33,35,oLXziRxqup+2so5KxZWxC9ColWM=,+DXDv1Wf8Tq9hDL0n4/P9h8EPYo=
-35,35,oLXziRxqup+2so5KxZWxC9ColWM=,+DXDv1Wf8Tq9hDL0n4/P9h8EPYo=
-35,36,oLXziRxqup+2so5KxZWxC9ColWM=,+DXDv1Wf8Tq9hDL0n4/P9h8EPYo=
-34,36,oLXziRxqup+2so5KxZWxC9ColWM=,+DXDv1Wf8Tq9hDL0n4/P9h8EPYo=
-34,35,oLXziRxqup+2so5KxZWxC9ColWM=,+DXDv1Wf8Tq9hDL0n4/P9h8EPYo=
-33,36,oLXziRxqup+2so5KxZWxC9ColWM=,+DXDv1Wf8Tq9hDL0n4/P9h8EPYo=
-45,34,oLXziRxqup+2so5KxZWxC9ColWM=,9ZrCGImOxtpmjM6/VfVGiLRn/OU=
-45,33,oLXziRxqup+2so5KxZWxC9ColWM=,9ZrCGImOxtpmjM6/VfVGiLRn/OU=
-44,32,oLXziRxqup+2so5KxZWxC9ColWM=,9ZrCGImOxtpmjM6/VfVGiLRn/OU=
-44,33,oLXziRxqup+2so5KxZWxC9ColWM=,9ZrCGImOxtpmjM6/VfVGiLRn/OU=
-44,34,oLXziRxqup+2so5KxZWxC9ColWM=,9ZrCGImOxtpmjM6/VfVGiLRn/OU=
-45,32,oLXziRxqup+2so5KxZWxC9ColWM=,9ZrCGImOxtpmjM6/VfVGiLRn/OU=
-48,44,oLXziRxqup+2so5KxZWxC9ColWM=,7uWZPGniyXh1CwLmMO8bCeguR6g=
-47,44,oLXziRxqup+2so5KxZWxC9ColWM=,7uWZPGniyXh1CwLmMO8bCeguR6g=
-47,43,oLXziRxqup+2so5KxZWxC9ColWM=,7uWZPGniyXh1CwLmMO8bCeguR6g=
-48,43,oLXziRxqup+2so5KxZWxC9ColWM=,7uWZPGniyXh1CwLmMO8bCeguR6g=
-46,43,oLXziRxqup+2so5KxZWxC9ColWM=,7uWZPGniyXh1CwLmMO8bCeguR6g=
-46,44,oLXziRxqup+2so5KxZWxC9ColWM=,7uWZPGniyXh1CwLmMO8bCeguR6g=
-43,34,oLXziRxqup+2so5KxZWxC9ColWM=,9ZrCGImOxtpmjM6/VfVGiLRn/OU=
-36,34,oLXziRxqup+2so5KxZWxC9ColWM=,+DXDv1Wf8Tq9hDL0n4/P9h8EPYo=
-37,34,oLXziRxqup+2so5KxZWxC9ColWM=,+DXDv1Wf8Tq9hDL0n4/P9h8EPYo=
-38,34,oLXziRxqup+2so5KxZWxC9ColWM=,+DXDv1Wf8Tq9hDL0n4/P9h8EPYo=
-42,34,oLXziRxqup+2so5KxZWxC9ColWM=,9ZrCGImOxtpmjM6/VfVGiLRn/OU=
-39,34,oLXziRxqup+2so5KxZWxC9ColWM=,+DXDv1Wf8Tq9hDL0n4/P9h8EPYo=
-40,34,oLXziRxqup+2so5KxZWxC9ColWM=,+DXDv1Wf8Tq9hDL0n4/P9h8EPYo=
-41,34,oLXziRxqup+2so5KxZWxC9ColWM=,9ZrCGImOxtpmjM6/VfVGiLRn/OU=
-36,33,oLXziRxqup+2so5KxZWxC9ColWM=,+DXDv1Wf8Tq9hDL0n4/P9h8EPYo=
-37,33,YQk5pKPg0rCOEkqHZjkcPUod2Po=,+DXDv1Wf8Tq9hDL0n4/P9h8EPYo=
-38,33,YQk5pKPg0rCOEkqHZjkcPUod2Po=,+DXDv1Wf8Tq9hDL0n4/P9h8EPYo=
-43,32,YQk5pKPg0rCOEkqHZjkcPUod2Po=,9ZrCGImOxtpmjM6/VfVGiLRn/OU=
-41,33,YQk5pKPg0rCOEkqHZjkcPUod2Po=,9ZrCGImOxtpmjM6/VfVGiLRn/OU=
-36,32,YQk5pKPg0rCOEkqHZjkcPUod2Po=,+DXDv1Wf8Tq9hDL0n4/P9h8EPYo=
-39,33,YQk5pKPg0rCOEkqHZjkcPUod2Po=,+DXDv1Wf8Tq9hDL0n4/P9h8EPYo=
-40,33,YQk5pKPg0rCOEkqHZjkcPUod2Po=,+DXDv1Wf8Tq9hDL0n4/P9h8EPYo=
-42,33,YQk5pKPg0rCOEkqHZjkcPUod2Po=,9ZrCGImOxtpmjM6/VfVGiLRn/OU=
-38,32,YQk5pKPg0rCOEkqHZjkcPUod2Po=,+DXDv1Wf8Tq9hDL0n4/P9h8EPYo=
-41,32,YQk5pKPg0rCOEkqHZjkcPUod2Po=,9ZrCGImOxtpmjM6/VfVGiLRn/OU=
-37,32,YQk5pKPg0rCOEkqHZjkcPUod2Po=,+DXDv1Wf8Tq9hDL0n4/P9h8EPYo=
-39,32,YQk5pKPg0rCOEkqHZjkcPUod2Po=,+DXDv1Wf8Tq9hDL0n4/P9h8EPYo=
-43,33,YQk5pKPg0rCOEkqHZjkcPUod2Po=,9ZrCGImOxtpmjM6/VfVGiLRn/OU=
-42,32,YQk5pKPg0rCOEkqHZjkcPUod2Po=,9ZrCGImOxtpmjM6/VfVGiLRn/OU=
-40,32,YQk5pKPg0rCOEkqHZjkcPUod2Po=,+DXDv1Wf8Tq9hDL0n4/P9h8EPYo=
-48,32,YQk5pKPg0rCOEkqHZjkcPUod2Po=,9ZrCGImOxtpmjM6/VfVGiLRn/OU=
-47,39,YQk5pKPg0rCOEkqHZjkcPUod2Po=,9ZrCGImOxtpmjM6/VfVGiLRn/OU=
-48,39,YQk5pKPg0rCOEkqHZjkcPUod2Po=,9ZrCGImOxtpmjM6/VfVGiLRn/OU=
-47,34,YQk5pKPg0rCOEkqHZjkcPUod2Po=,9ZrCGImOxtpmjM6/VfVGiLRn/OU=
-46,36,YQk5pKPg0rCOEkqHZjkcPUod2Po=,9ZrCGImOxtpmjM6/VfVGiLRn/OU=
-47,40,YQk5pKPg0rCOEkqHZjkcPUod2Po=,7uWZPGniyXh1CwLmMO8bCeguR6g=
-46,39,YQk5pKPg0rCOEkqHZjkcPUod2Po=,9ZrCGImOxtpmjM6/VfVGiLRn/OU=
-46,42,YQk5pKPg0rCOEkqHZjkcPUod2Po=,7uWZPGniyXh1CwLmMO8bCeguR6g=
-48,40,YQk5pKPg0rCOEkqHZjkcPUod2Po=,7uWZPGniyXh1CwLmMO8bCeguR6g=
-48,34,YQk5pKPg0rCOEkqHZjkcPUod2Po=,9ZrCGImOxtpmjM6/VfVGiLRn/OU=
-47,36,YQk5pKPg0rCOEkqHZjkcPUod2Po=,9ZrCGImOxtpmjM6/VfVGiLRn/OU=
-47,42,YQk5pKPg0rCOEkqHZjkcPUod2Po=,7uWZPGniyXh1CwLmMO8bCeguR6g=
-48,42,YQk5pKPg0rCOEkqHZjkcPUod2Po=,7uWZPGniyXh1CwLmMO8bCeguR6g=
-48,36,YQk5pKPg0rCOEkqHZjkcPUod2Po=,9ZrCGImOxtpmjM6/VfVGiLRn/OU=
-46,35,YQk5pKPg0rCOEkqHZjkcPUod2Po=,9ZrCGImOxtpmjM6/VfVGiLRn/OU=
-48,33,YQk5pKPg0rCOEkqHZjkcPUod2Po=,9ZrCGImOxtpmjM6/VfVGiLRn/OU=
-46,38,YQk5pKPg0rCOEkqHZjkcPUod2Po=,9ZrCGImOxtpmjM6/VfVGiLRn/OU=
-47,35,YQk5pKPg0rCOEkqHZjkcPUod2Po=,9ZrCGImOxtpmjM6/VfVGiLRn/OU=
-47,41,YQk5pKPg0rCOEkqHZjkcPUod2Po=,7uWZPGniyXh1CwLmMO8bCeguR6g=
-46,41,YQk5pKPg0rCOEkqHZjkcPUod2Po=,7uWZPGniyXh1CwLmMO8bCeguR6g=
-48,35,YQk5pKPg0rCOEkqHZjkcPUod2Po=,9ZrCGImOxtpmjM6/VfVGiLRn/OU=
-46,40,YQk5pKPg0rCOEkqHZjkcPUod2Po=,7uWZPGniyXh1CwLmMO8bCeguR6g=
-48,41,YQk5pKPg0rCOEkqHZjkcPUod2Po=,7uWZPGniyXh1CwLmMO8bCeguR6g=
-48,38,YQk5pKPg0rCOEkqHZjkcPUod2Po=,9ZrCGImOxtpmjM6/VfVGiLRn/OU=
-46,37,YQk5pKPg0rCOEkqHZjkcPUod2Po=,9ZrCGImOxtpmjM6/VfVGiLRn/OU=
-48,37,YQk5pKPg0rCOEkqHZjkcPUod2Po=,9ZrCGImOxtpmjM6/VfVGiLRn/OU=
-47,37,YQk5pKPg0rCOEkqHZjkcPUod2Po=,9ZrCGImOxtpmjM6/VfVGiLRn/OU=
-46,32,YQk5pKPg0rCOEkqHZjkcPUod2Po=,9ZrCGImOxtpmjM6/VfVGiLRn/OU=
-47,32,YQk5pKPg0rCOEkqHZjkcPUod2Po=,9ZrCGImOxtpmjM6/VfVGiLRn/OU=
-46,33,YQk5pKPg0rCOEkqHZjkcPUod2Po=,9ZrCGImOxtpmjM6/VfVGiLRn/OU=
-47,33,YQk5pKPg0rCOEkqHZjkcPUod2Po=,9ZrCGImOxtpmjM6/VfVGiLRn/OU=
-47,38,YQk5pKPg0rCOEkqHZjkcPUod2Po=,9ZrCGImOxtpmjM6/VfVGiLRn/OU=
-46,34,YQk5pKPg0rCOEkqHZjkcPUod2Po=,9ZrCGImOxtpmjM6/VfVGiLRn/OU=
-48,45,YQk5pKPg0rCOEkqHZjkcPUod2Po=,7uWZPGniyXh1CwLmMO8bCeguR6g=
-47,45,YQk5pKPg0rCOEkqHZjkcPUod2Po=,7uWZPGniyXh1CwLmMO8bCeguR6g=
-45,46,YQk5pKPg0rCOEkqHZjkcPUod2Po=,7uWZPGniyXh1CwLmMO8bCeguR6g=
-44,47,YQk5pKPg0rCOEkqHZjkcPUod2Po=,7uWZPGniyXh1CwLmMO8bCeguR6g=
-44,46,YQk5pKPg0rCOEkqHZjkcPUod2Po=,7uWZPGniyXh1CwLmMO8bCeguR6g=
-47,46,YQk5pKPg0rCOEkqHZjkcPUod2Po=,7uWZPGniyXh1CwLmMO8bCeguR6g=
-48,46,YQk5pKPg0rCOEkqHZjkcPUod2Po=,7uWZPGniyXh1CwLmMO8bCeguR6g=
-45,47,YQk5pKPg0rCOEkqHZjkcPUod2Po=,7uWZPGniyXh1CwLmMO8bCeguR6g=
-46,46,YQk5pKPg0rCOEkqHZjkcPUod2Po=,7uWZPGniyXh1CwLmMO8bCeguR6g=
-46,47,YQk5pKPg0rCOEkqHZjkcPUod2Po=,7uWZPGniyXh1CwLmMO8bCeguR6g=
-44,45,YQk5pKPg0rCOEkqHZjkcPUod2Po=,7uWZPGniyXh1CwLmMO8bCeguR6g=
-46,45,YQk5pKPg0rCOEkqHZjkcPUod2Po=,7uWZPGniyXh1CwLmMO8bCeguR6g=
-47,47,YQk5pKPg0rCOEkqHZjkcPUod2Po=,7uWZPGniyXh1CwLmMO8bCeguR6g=
-48,47,YQk5pKPg0rCOEkqHZjkcPUod2Po=,7uWZPGniyXh1CwLmMO8bCeguR6g=
-45,45,YQk5pKPg0rCOEkqHZjkcPUod2Po=,7uWZPGniyXh1CwLmMO8bCeguR6g=
-42,47,YQk5pKPg0rCOEkqHZjkcPUod2Po=,7uWZPGniyXh1CwLmMO8bCeguR6g=
-43,47,YQk5pKPg0rCOEkqHZjkcPUod2Po=,7uWZPGniyXh1CwLmMO8bCeguR6g=
-43,46,YQk5pKPg0rCOEkqHZjkcPUod2Po=,7uWZPGniyXh1CwLmMO8bCeguR6g=
-42,46,YQk5pKPg0rCOEkqHZjkcPUod2Po=,7uWZPGniyXh1CwLmMO8bCeguR6g=
-41,45,YQk5pKPg0rCOEkqHZjkcPUod2Po=,7uWZPGniyXh1CwLmMO8bCeguR6g=
-41,46,YQk5pKPg0rCOEkqHZjkcPUod2Po=,7uWZPGniyXh1CwLmMO8bCeguR6g=
-36,47,YQk5pKPg0rCOEkqHZjkcPUod2Po=,oD+vRb/Pqw2kDY1FNkqoPglvzqM=
-42,45,YQk5pKPg0rCOEkqHZjkcPUod2Po=,7uWZPGniyXh1CwLmMO8bCeguR6g=
-43,45,YQk5pKPg0rCOEkqHZjkcPUod2Po=,7uWZPGniyXh1CwLmMO8bCeguR6g=
-37,47,YQk5pKPg0rCOEkqHZjkcPUod2Po=,oD+vRb/Pqw2kDY1FNkqoPglvzqM=
-38,47,YQk5pKPg0rCOEkqHZjkcPUod2Po=,oD+vRb/Pqw2kDY1FNkqoPglvzqM=
-36,46,YQk5pKPg0rCOEkqHZjkcPUod2Po=,oD+vRb/Pqw2kDY1FNkqoPglvzqM=
-40,47,YQk5pKPg0rCOEkqHZjkcPUod2Po=,oD+vRb/Pqw2kDY1FNkqoPglvzqM=
-39,47,YQk5pKPg0rCOEkqHZjkcPUod2Po=,oD+vRb/Pqw2kDY1FNkqoPglvzqM=
-37,46,YQk5pKPg0rCOEkqHZjkcPUod2Po=,oD+vRb/Pqw2kDY1FNkqoPglvzqM=
-36,45,YQk5pKPg0rCOEkqHZjkcPUod2Po=,oD+vRb/Pqw2kDY1FNkqoPglvzqM=
-40,46,YQk5pKPg0rCOEkqHZjkcPUod2Po=,oD+vRb/Pqw2kDY1FNkqoPglvzqM=
-39,46,YQk5pKPg0rCOEkqHZjkcPUod2Po=,oD+vRb/Pqw2kDY1FNkqoPglvzqM=
-37,45,YQk5pKPg0rCOEkqHZjkcPUod2Po=,oD+vRb/Pqw2kDY1FNkqoPglvzqM=
-38,45,YQk5pKPg0rCOEkqHZjkcPUod2Po=,oD+vRb/Pqw2kDY1FNkqoPglvzqM=
-41,47,YQk5pKPg0rCOEkqHZjkcPUod2Po=,7uWZPGniyXh1CwLmMO8bCeguR6g=
-39,45,YQk5pKPg0rCOEkqHZjkcPUod2Po=,oD+vRb/Pqw2kDY1FNkqoPglvzqM=
-40,45,YQk5pKPg0rCOEkqHZjkcPUod2Po=,oD+vRb/Pqw2kDY1FNkqoPglvzqM=
-38,46,YQk5pKPg0rCOEkqHZjkcPUod2Po=,oD+vRb/Pqw2kDY1FNkqoPglvzqM=
-35,32,YQk5pKPg0rCOEkqHZjkcPUod2Po=,+DXDv1Wf8Tq9hDL0n4/P9h8EPYo=
-34,32,YQk5pKPg0rCOEkqHZjkcPUod2Po=,+DXDv1Wf8Tq9hDL0n4/P9h8EPYo=
-34,34,YQk5pKPg0rCOEkqHZjkcPUod2Po=,+DXDv1Wf8Tq9hDL0n4/P9h8EPYo=
-33,34,YQk5pKPg0rCOEkqHZjkcPUod2Po=,+DXDv1Wf8Tq9hDL0n4/P9h8EPYo=
-33,32,YQk5pKPg0rCOEkqHZjkcPUod2Po=,+DXDv1Wf8Tq9hDL0n4/P9h8EPYo=
-33,33,YQk5pKPg0rCOEkqHZjkcPUod2Po=,+DXDv1Wf8Tq9hDL0n4/P9h8EPYo=
-35,34,YQk5pKPg0rCOEkqHZjkcPUod2Po=,+DXDv1Wf8Tq9hDL0n4/P9h8EPYo=
-34,33,YQk5pKPg0rCOEkqHZjkcPUod2Po=,+DXDv1Wf8Tq9hDL0n4/P9h8EPYo=
-35,33,YQk5pKPg0rCOEkqHZjkcPUod2Po=,+DXDv1Wf8Tq9hDL0n4/P9h8EPYo=
-34,42,YQk5pKPg0rCOEkqHZjkcPUod2Po=,oD+vRb/Pqw2kDY1FNkqoPglvzqM=
-33,41,YQk5pKPg0rCOEkqHZjkcPUod2Po=,oD+vRb/Pqw2kDY1FNkqoPglvzqM=
-35,42,YQk5pKPg0rCOEkqHZjkcPUod2Po=,oD+vRb/Pqw2kDY1FNkqoPglvzqM=
-34,41,YQk5pKPg0rCOEkqHZjkcPUod2Po=,oD+vRb/Pqw2kDY1FNkqoPglvzqM=
-33,39,YQk5pKPg0rCOEkqHZjkcPUod2Po=,+DXDv1Wf8Tq9hDL0n4/P9h8EPYo=
-34,38,YQk5pKPg0rCOEkqHZjkcPUod2Po=,+DXDv1Wf8Tq9hDL0n4/P9h8EPYo=
-34,47,YQk5pKPg0rCOEkqHZjkcPUod2Po=,oD+vRb/Pqw2kDY1FNkqoPglvzqM=
-35,47,YQk5pKPg0rCOEkqHZjkcPUod2Po=,oD+vRb/Pqw2kDY1FNkqoPglvzqM=
-35,43,YQk5pKPg0rCOEkqHZjkcPUod2Po=,oD+vRb/Pqw2kDY1FNkqoPglvzqM=
-33,46,YQk5pKPg0rCOEkqHZjkcPUod2Po=,oD+vRb/Pqw2kDY1FNkqoPglvzqM=
-33,38,YQk5pKPg0rCOEkqHZjkcPUod2Po=,+DXDv1Wf8Tq9hDL0n4/P9h8EPYo=
-34,46,YQk5pKPg0rCOEkqHZjkcPUod2Po=,oD+vRb/Pqw2kDY1FNkqoPglvzqM=
-35,46,YQk5pKPg0rCOEkqHZjkcPUod2Po=,oD+vRb/Pqw2kDY1FNkqoPglvzqM=
-35,39,YQk5pKPg0rCOEkqHZjkcPUod2Po=,+DXDv1Wf8Tq9hDL0n4/P9h8EPYo=
-33,45,YQk5pKPg0rCOEkqHZjkcPUod2Po=,oD+vRb/Pqw2kDY1FNkqoPglvzqM=
-33,40,YQk5pKPg0rCOEkqHZjkcPUod2Po=,oD+vRb/Pqw2kDY1FNkqoPglvzqM=
-35,38,YQk5pKPg0rCOEkqHZjkcPUod2Po=,+DXDv1Wf8Tq9hDL0n4/P9h8EPYo=
-35,45,YQk5pKPg0rCOEkqHZjkcPUod2Po=,oD+vRb/Pqw2kDY1FNkqoPglvzqM=
-34,43,YQk5pKPg0rCOEkqHZjkcPUod2Po=,oD+vRb/Pqw2kDY1FNkqoPglvzqM=
-35,41,YQk5pKPg0rCOEkqHZjkcPUod2Po=,oD+vRb/Pqw2kDY1FNkqoPglvzqM=
-34,45,YQk5pKPg0rCOEkqHZjkcPUod2Po=,oD+vRb/Pqw2kDY1FNkqoPglvzqM=
-34,40,YQk5pKPg0rCOEkqHZjkcPUod2Po=,oD+vRb/Pqw2kDY1FNkqoPglvzqM=
-33,44,YQk5pKPg0rCOEkqHZjkcPUod2Po=,oD+vRb/Pqw2kDY1FNkqoPglvzqM=
-34,39,YQk5pKPg0rCOEkqHZjkcPUod2Po=,+DXDv1Wf8Tq9hDL0n4/P9h8EPYo=
-33,43,YQk5pKPg0rCOEkqHZjkcPUod2Po=,oD+vRb/Pqw2kDY1FNkqoPglvzqM=
-35,44,YQk5pKPg0rCOEkqHZjkcPUod2Po=,oD+vRb/Pqw2kDY1FNkqoPglvzqM=
-33,42,YQk5pKPg0rCOEkqHZjkcPUod2Po=,oD+vRb/Pqw2kDY1FNkqoPglvzqM=
-34,44,YQk5pKPg0rCOEkqHZjkcPUod2Po=,oD+vRb/Pqw2kDY1FNkqoPglvzqM=
-33,47,YQk5pKPg0rCOEkqHZjkcPUod2Po=,oD+vRb/Pqw2kDY1FNkqoPglvzqM=
-35,40,YQk5pKPg0rCOEkqHZjkcPUod2Po=,oD+vRb/Pqw2kDY1FNkqoPglvzqM=
-34,37,YQk5pKPg0rCOEkqHZjkcPUod2Po=,+DXDv1Wf8Tq9hDL0n4/P9h8EPYo=
-35,37,YQk5pKPg0rCOEkqHZjkcPUod2Po=,+DXDv1Wf8Tq9hDL0n4/P9h8EPYo=
-33,37,YQk5pKPg0rCOEkqHZjkcPUod2Po=,+DXDv1Wf8Tq9hDL0n4/P9h8EPYo=
