76,11,v6uig3EDbyJ2A7OLyhfi2LzvCX0=,sgAvgfUiuZKd83j92HLTlxtwA74=
75,12,v6uig3EDbyJ2A7OLyhfi2LzvCX0=,sgAvgfUiuZKd83j92HLTlxtwA74=
76,12,v6uig3EDbyJ2A7OLyhfi2LzvCX0=,sgAvgfUiuZKd83j92HLTlxtwA74=
75,11,v6uig3EDbyJ2A7OLyhfi2LzvCX0=,sgAvgfUiuZKd83j92HLTlxtwA74=
76,7,v6uig3EDbyJ2A7OLyhfi2LzvCX0=,NMDejyzt5O3fiCIB8pMgg0BPdD0=
76,3,v6uig3EDbyJ2A7OLyhfi2LzvCX0=,NMDejyzt5O3fiCIB8pMgg0BPdD0=
76,10,v6uig3EDbyJ2A7OLyhfi2LzvCX0=,sgAvgfUiuZKd83j92HLTlxtwA74=
75,10,v6uig3EDbyJ2A7OLyhfi2LzvCX0=,sgAvgfUiuZKd83j92HLTlxtwA74=
76,9,v6uig3EDbyJ2A7OLyhfi2LzvCX0=,sgAvgfUiuZKd83j92HLTlxtwA74=
75,7,v6uig3EDbyJ2A7OLyhfi2LzvCX0=,NMDejyzt5O3fiCIB8pMgg0BPdD0=
75,5,v6uig3EDbyJ2A7OLyhfi2LzvCX0=,NMDejyzt5O3fiCIB8pMgg0BPdD0=
75,9,v6uig3EDbyJ2A7OLyhfi2LzvCX0=,sgAvgfUiuZKd83j92HLTlxtwA74=
75,4,v6uig3EDbyJ2A7OLyhfi2LzvCX0=,NMDejyzt5O3fiCIB8pMgg0BPdD0=
76,4,v6uig3EDbyJ2A7OLyhfi2LzvCX0=,NMDejyzt5O3fiCIB8pMgg0BPdD0=
75,8,v6uig3EDbyJ2A7OLyhfi2LzvCX0=,sgAvgfUiuZKd83j92HLTlxtwA74=
76,8,v6uig3EDbyJ2A7OLyhfi2LzvCX0=,sgAvgfUiuZKd83j92HLTlxtwA74=
76,5,v6uig3EDbyJ2A7OLyhfi2LzvCX0=,NMDejyzt5O3fiCIB8pMgg0BPdD0=
75,6,v6uig3EDbyJ2A7OLyhfi2LzvCX0=,NMDejyzt5O3fiCIB8pMgg0BPdD0=
75,3,v6uig3EDbyJ2A7OLyhfi2LzvCX0=,NMDejyzt5O3fiCIB8pMgg0BPdD0=
79,4,v6uig3EDbyJ2A7OLyhfi2LzvCX0=,NMDejyzt5O3fiCIB8pMgg0BPdD0=
76,6,v6uig3EDbyJ2A7OLyhfi2LzvCX0=,NMDejyzt5O3fiCIB8pMgg0BPdD0=
77,3,v6uig3EDbyJ2A7OLyhfi2LzvCX0=,NMDejyzt5O3fiCIB8pMgg0BPdD0=
70,12,v6uig3EDbyJ2A7OLyhfi2LzvCX0=,QbLXxag/Ge1wBeagk3r8zuCrJwg=
74,11,v6uig3EDbyJ2A7OLyhfi2LzvCX0=,sgAvgfUiuZKd83j92HLTlxtwA74=
69,12,v6uig3EDbyJ2A7OLyhfi2LzvCX0=,QbLXxag/Ge1wBeagk3r8zuCrJwg=
72,11,v6uig3EDbyJ2A7OLyhfi2LzvCX0=,sgAvgfUiuZKd83j92HLTlxtwA74=
73,11,v6uig3EDbyJ2A7OLyhfi2LzvCX0=,sgAvgfUiuZKd83j92HLTlxtwA74=
68,12,v6uig3EDbyJ2A7OLyhfi2LzvCX0=,QbLXxag/Ge1wBeagk3r8zuCrJwg=
78,4,UNQv07EQHdxHyS9TQrwT3S6iIjM=,NMDejyzt5O3fiCIB8pMgg0BPdD0=
71,11,UNQv07EQHdxHyS9TQrwT3S6iIjM=,QbLXxag/Ge1wBeagk3r8zuCrJwg=
71,12,UNQv07EQHdxHyS9TQrwT3S6iIjM=,QbLXxag/Ge1wBeagk3r8zuCrJwg=
67,12,UNQv07EQHdxHyS9TQrwT3S6iIjM=,QbLXxag/Ge1wBeagk3r8zuCrJwg=
79,3,UNQv07EQHdxHyS9TQrwT3S6iIjM=,NMDejyzt5O3fiCIB8pMgg0BPdD0=
78,3,UNQv07EQHdxHyS9TQrwT3S6iIjM=,NMDejyzt5O3fiCIB8pMgg0BPdD0=
74,12,UNQv07EQHdxHyS9TQrwT3S6iIjM=,sgAvgfUiuZKd83j92HLTlxtwA74=
70,11,UNQv07EQHdxHyS9TQrwT3S6iIjM=,QbLXxag/Ge1wBeagk3r8zuCrJwg=
69,11,UNQv07EQHdxHyS9TQrwT3S6iIjM=,QbLXxag/Ge1wBeagk3r8zuCrJwg=
73,12,UNQv07EQHdxHyS9TQrwT3S6iIjM=,sgAvgfUiuZKd83j92HLTlxtwA74=
72,12,UNQv07EQHdxHyS9TQrwT3S6iIjM=,sgAvgfUiuZKd83j92HLTlxtwA74=
68,11,UNQv07EQHdxHyS9TQrwT3S6iIjM=,QbLXxag/Ge1wBeagk3r8zuCrJwg=
77,4,UNQv07EQHdxHyS9TQrwT3S6iIjM=,NMDejyzt5O3fiCIB8pMgg0BPdD0=
67,11,UNQv07EQHdxHyS9TQrwT3S6iIjM=,QbLXxag/Ge1wBeagk3r8zuCrJwg=
73,10,UNQv07EQHdxHyS9TQrwT3S6iIjM=,sgAvgfUiuZKd83j92HLTlxtwA74=
74,10,UNQv07EQHdxHyS9TQrwT3S6iIjM=,sgAvgfUiuZKd83j92HLTlxtwA74=
71,5,UNQv07EQHdxHyS9TQrwT3S6iIjM=,Iglfyd8mw8DyHAbQtyfe+ts2pDc=
72,3,UNQv07EQHdxHyS9TQrwT3S6iIjM=,NMDejyzt5O3fiCIB8pMgg0BPdD0=
74,3,UNQv07EQHdxHyS9TQrwT3S6iIjM=,NMDejyzt5O3fiCIB8pMgg0BPdD0=
69,5,UNQv07EQHdxHyS9TQrwT3S6iIjM=,Iglfyd8mw8DyHAbQtyfe+ts2pDc=
73,3,UNQv07EQHdxHyS9TQrwT3S6iIjM=,NMDejyzt5O3fiCIB8pMgg0BPdD0=
70,5,UNQv07EQHdxHyS9TQrwT3S6iIjM=,Iglfyd8mw8DyHAbQtyfe+ts2pDc=
74,5,UNQv07EQHdxHyS9TQrwT3S6iIjM=,NMDejyzt5O3fiCIB8pMgg0BPdD0=
70,9,UNQv07EQHdxHyS9TQrwT3S6iIjM=,QbLXxag/Ge1wBeagk3r8zuCrJwg=
72,10,UNQv07EQHdxHyS9TQrwT3S6iIjM=,sgAvgfUiuZKd83j92HLTlxtwA74=
74,7,UNQv07EQHdxHyS9TQrwT3S6iIjM=,NMDejyzt5O3fiCIB8pMgg0BPdD0=
67,5,UNQv07EQHdxHyS9TQrwT3S6iIjM=,Iglfyd8mw8DyHAbQtyfe+ts2pDc=
72,7,UNQv07EQHdxHyS9TQrwT3S6iIjM=,NMDejyzt5O3fiCIB8pMgg0BPdD0=
68,5,UNQv07EQHdxHyS9TQrwT3S6iIjM=,Iglfyd8mw8DyHAbQtyfe+ts2pDc=
73,7,UNQv07EQHdxHyS9TQrwT3S6iIjM=,NMDejyzt5O3fiCIB8pMgg0BPdD0=
71,8,UNQv07EQHdxHyS9TQrwT3S6iIjM=,QbLXxag/Ge1wBeagk3r8zuCrJwg=
69,8,UNQv07EQHdxHyS9TQrwT3S6iIjM=,QbLXxag/Ge1wBeagk3r8zuCrJwg=
70,7,UNQv07EQHdxHyS9TQrwT3S6iIjM=,Iglfyd8mw8DyHAbQtyfe+ts2pDc=
70,8,UNQv07EQHdxHyS9TQrwT3S6iIjM=,QbLXxag/Ge1wBeagk3r8zuCrJwg=
68,8,UNQv07EQHdxHyS9TQrwT3S6iIjM=,QbLXxag/Ge1wBeagk3r8zuCrJwg=
72,5,UNQv07EQHdxHyS9TQrwT3S6iIjM=,NMDejyzt5O3fiCIB8pMgg0BPdD0=
67,8,UNQv07EQHdxHyS9TQrwT3S6iIjM=,QbLXxag/Ge1wBeagk3r8zuCrJwg=
71,7,UNQv07EQHdxHyS9TQrwT3S6iIjM=,Iglfyd8mw8DyHAbQtyfe+ts2pDc=
71,9,UNQv07EQHdxHyS9TQrwT3S6iIjM=,QbLXxag/Ge1wBeagk3r8zuCrJwg=
69,7,UNQv07EQHdxHyS9TQrwT3S6iIjM=,Iglfyd8mw8DyHAbQtyfe+ts2pDc=
68,9,UNQv07EQHdxHyS9TQrwT3S6iIjM=,QbLXxag/Ge1wBeagk3r8zuCrJwg=
74,9,UNQv07EQHdxHyS9TQrwT3S6iIjM=,sgAvgfUiuZKd83j92HLTlxtwA74=
71,4,UNQv07EQHdxHyS9TQrwT3S6iIjM=,Iglfyd8mw8DyHAbQtyfe+ts2pDc=
68,7,UNQv07EQHdxHyS9TQrwT3S6iIjM=,Iglfyd8mw8DyHAbQtyfe+ts2pDc=
67,7,UNQv07EQHdxHyS9TQrwT3S6iIjM=,Iglfyd8mw8DyHAbQtyfe+ts2pDc=
71,6,UNQv07EQHdxHyS9TQrwT3S6iIjM=,Iglfyd8mw8DyHAbQtyfe+ts2pDc=
70,4,UNQv07EQHdxHyS9TQrwT3S6iIjM=,Iglfyd8mw8DyHAbQtyfe+ts2pDc=
71,10,UNQv07EQHdxHyS9TQrwT3S6iIjM=,QbLXxag/Ge1wBeagk3r8zuCrJwg=
69,4,UNQv07EQHdxHyS9TQrwT3S6iIjM=,Iglfyd8mw8DyHAbQtyfe+ts2pDc=
70,6,UNQv07EQHdxHyS9TQrwT3S6iIjM=,Iglfyd8mw8DyHAbQtyfe+ts2pDc=
72,9,UNQv07EQHdxHyS9TQrwT3S6iIjM=,sgAvgfUiuZKd83j92HLTlxtwA74=
70,10,UNQv07EQHdxHyS9TQrwT3S6iIjM=,QbLXxag/Ge1wBeagk3r8zuCrJwg=
73,9,UNQv07EQHdxHyS9TQrwT3S6iIjM=,sgAvgfUiuZKd83j92HLTlxtwA74=
69,6,UNQv07EQHdxHyS9TQrwT3S6iIjM=,Iglfyd8mw8DyHAbQtyfe+ts2pDc=
67,9,UNQv07EQHdxHyS9TQrwT3S6iIjM=,QbLXxag/Ge1wBeagk3r8zuCrJwg=
69,10,UNQv07EQHdxHyS9TQrwT3S6iIjM=,QbLXxag/Ge1wBeagk3r8zuCrJwg=
68,6,UNQv07EQHdxHyS9TQrwT3S6iIjM=,Iglfyd8mw8DyHAbQtyfe+ts2pDc=
67,6,UNQv07EQHdxHyS9TQrwT3S6iIjM=,Iglfyd8mw8DyHAbQtyfe+ts2pDc=
67,4,UNQv07EQHdxHyS9TQrwT3S6iIjM=,Iglfyd8mw8DyHAbQtyfe+ts2pDc=
71,3,UNQv07EQHdxHyS9TQrwT3S6iIjM=,Iglfyd8mw8DyHAbQtyfe+ts2pDc=
67,10,UNQv07EQHdxHyS9TQrwT3S6iIjM=,QbLXxag/Ge1wBeagk3r8zuCrJwg=
68,10,UNQv07EQHdxHyS9TQrwT3S6iIjM=,QbLXxag/Ge1wBeagk3r8zuCrJwg=
74,4,UNQv07EQHdxHyS9TQrwT3S6iIjM=,NMDejyzt5O3fiCIB8pMgg0BPdD0=
74,8,UNQv07EQHdxHyS9TQrwT3S6iIjM=,sgAvgfUiuZKd83j92HLTlxtwA74=
68,4,UNQv07EQHdxHyS9TQrwT3S6iIjM=,Iglfyd8mw8DyHAbQtyfe+ts2pDc=
67,3,UNQv07EQHdxHyS9TQrwT3S6iIjM=,Iglfyd8mw8DyHAbQtyfe+ts2pDc=
72,4,UNQv07EQHdxHyS9TQrwT3S6iIjM=,NMDejyzt5O3fiCIB8pMgg0BPdD0=
69,9,UNQv07EQHdxHyS9TQrwT3S6iIjM=,QbLXxag/Ge1wBeagk3r8zuCrJwg=
70,3,UNQv07EQHdxHyS9TQrwT3S6iIjM=,Iglfyd8mw8DyHAbQtyfe+ts2pDc=
73,6,UNQv07EQHdxHyS9TQrwT3S6iIjM=,NMDejyzt5O3fiCIB8pMgg0BPdD0=
68,3,UNQv07EQHdxHyS9TQrwT3S6iIjM=,Iglfyd8mw8DyHAbQtyfe+ts2pDc=
72,6,UNQv07EQHdxHyS9TQrwT3S6iIjM=,NMDejyzt5O3fiCIB8pMgg0BPdD0=
72,8,UNQv07EQHdxHyS9TQrwT3S6iIjM=,sgAvgfUiuZKd83j92HLTlxtwA74=
74,6,UNQv07EQHdxHyS9TQrwT3S6iIjM=,NMDejyzt5O3fiCIB8pMgg0BPdD0=
73,4,UNQv07EQHdxHyS9TQrwT3S6iIjM=,NMDejyzt5O3fiCIB8pMgg0BPdD0=
73,5,UNQv07EQHdxHyS9TQrwT3S6iIjM=,NMDejyzt5O3fiCIB8pMgg0BPdD0=
69,3,UNQv07EQHdxHyS9TQrwT3S6iIjM=,Iglfyd8mw8DyHAbQtyfe+ts2pDc=
73,8,UNQv07EQHdxHyS9TQrwT3S6iIjM=,sgAvgfUiuZKd83j92HLTlxtwA74=
67,15,UNQv07EQHdxHyS9TQrwT3S6iIjM=,QbLXxag/Ge1wBeagk3r8zuCrJwg=
68,13,UNQv07EQHdxHyS9TQrwT3S6iIjM=,QbLXxag/Ge1wBeagk3r8zuCrJwg=
67,14,UNQv07EQHdxHyS9TQrwT3S6iIjM=,QbLXxag/Ge1wBeagk3r8zuCrJwg=
68,15,UNQv07EQHdxHyS9TQrwT3S6iIjM=,QbLXxag/Ge1wBeagk3r8zuCrJwg=
67,13,UNQv07EQHdxHyS9TQrwT3S6iIjM=,QbLXxag/Ge1wBeagk3r8zuCrJwg=
68,14,UNQv07EQHdxHyS9TQrwT3S6iIjM=,QbLXxag/Ge1wBeagk3r8zuCrJwg=
77,11,UNQv07EQHdxHyS9TQrwT3S6iIjM=,sgAvgfUiuZKd83j92HLTlxtwA74=
78,11,UNQv07EQHdxHyS9TQrwT3S6iIjM=,sgAvgfUiuZKd83j92HLTlxtwA74=
79,11,UNQv07EQHdxHyS9TQrwT3S6iIjM=,sgAvgfUiuZKd83j92HLTlxtwA74=
77,5,UNQv07EQHdxHyS9TQrwT3S6iIjM=,NMDejyzt5O3fiCIB8pMgg0BPdD0=
78,5,UNQv07EQHdxHyS9TQrwT3S6iIjM=,NMDejyzt5O3fiCIB8pMgg0BPdD0=
79,5,UNQv07EQHdxHyS9TQrwT3S6iIjM=,NMDejyzt5O3fiCIB8pMgg0BPdD0=
77,7,UNQv07EQHdxHyS9TQrwT3S6iIjM=,NMDejyzt5O3fiCIB8pMgg0BPdD0=
78,7,UNQv07EQHdxHyS9TQrwT3S6iIjM=,NMDejyzt5O3fiCIB8pMgg0BPdD0=
77,6,UNQv07EQHdxHyS9TQrwT3S6iIjM=,NMDejyzt5O3fiCIB8pMgg0BPdD0=
77,12,UNQv07EQHdxHyS9TQrwT3S6iIjM=,sgAvgfUiuZKd83j92HLTlxtwA74=
78,12,UNQv07EQHdxHyS9TQrwT3S6iIjM=,sgAvgfUiuZKd83j92HLTlxtwA74=
79,12,UNQv07EQHdxHyS9TQrwT3S6iIjM=,sgAvgfUiuZKd83j92HLTlxtwA74=
77,8,UNQv07EQHdxHyS9TQrwT3S6iIjM=,sgAvgfUiuZKd83j92HLTlxtwA74=
78,8,UNQv07EQHdxHyS9TQrwT3S6iIjM=,sgAvgfUiuZKd83j92HLTlxtwA74=
79,8,UNQv07EQHdxHyS9TQrwT3S6iIjM=,sgAvgfUiuZKd83j92HLTlxtwA74=
78,6,UNQv07EQHdxHyS9TQrwT3S6iIjM=,NMDejyzt5O3fiCIB8pMgg0BPdD0=
77,9,UNQv07EQHdxHyS9TQrwT3S6iIjM=,sgAvgfUiuZKd83j92HLTlxtwA74=
78,10,UNQv07EQHdxHyS9TQrwT3S6iIjM=,sgAvgfUiuZKd83j92HLTlxtwA74=
78,9,UNQv07EQHdxHyS9TQrwT3S6iIjM=,sgAvgfUiuZKd83j92HLTlxtwA74=
79,6,UNQv07EQHdxHyS9TQrwT3S6iIjM=,NMDejyzt5O3fiCIB8pMgg0BPdD0=
79,10,UNQv07EQHdxHyS9TQrwT3S6iIjM=,sgAvgfUiuZKd83j92HLTlxtwA74=
79,9,UNQv07EQHdxHyS9TQrwT3S6iIjM=,sgAvgfUiuZKd83j92HLTlxtwA74=
77,10,UNQv07EQHdxHyS9TQrwT3S6iIjM=,sgAvgfUiuZKd83j92HLTlxtwA74=
79,7,UNQv07EQHdxHyS9TQrwT3S6iIjM=,NMDejyzt5O3fiCIB8pMgg0BPdD0=
64,14,UNQv07EQHdxHyS9TQrwT3S6iIjM=,QbLXxag/Ge1wBeagk3r8zuCrJwg=
65,14,UNQv07EQHdxHyS9TQrwT3S6iIjM=,QbLXxag/Ge1wBeagk3r8zuCrJwg=
66,14,UNQv07EQHdxHyS9TQrwT3S6iIjM=,QbLXxag/Ge1wBeagk3r8zuCrJwg=
66,15,UNQv07EQHdxHyS9TQrwT3S6iIjM=,QbLXxag/Ge1wBeagk3r8zuCrJwg=
66,12,UNQv07EQHdxHyS9TQrwT3S6iIjM=,QbLXxag/Ge1wBeagk3r8zuCrJwg=
66,13,UNQv07EQHdxHyS9TQrwT3S6iIjM=,QbLXxag/Ge1wBeagk3r8zuCrJwg=
64,12,UNQv07EQHdxHyS9TQrwT3S6iIjM=,QbLXxag/Ge1wBeagk3r8zuCrJwg=
65,12,UNQv07EQHdxHyS9TQrwT3S6iIjM=,QbLXxag/Ge1wBeagk3r8zuCrJwg=
66,11,UNQv07EQHdxHyS9TQrwT3S6iIjM=,QbLXxag/Ge1wBeagk3r8zuCrJwg=
65,11,UNQv07EQHdxHyS9TQrwT3S6iIjM=,QbLXxag/Ge1wBeagk3r8zuCrJwg=
65,15,UNQv07EQHdxHyS9TQrwT3S6iIjM=,QbLXxag/Ge1wBeagk3r8zuCrJwg=
64,11,UNQv07EQHdxHyS9TQrwT3S6iIjM=,QbLXxag/Ge1wBeagk3r8zuCrJwg=
64,13,UNQv07EQHdxHyS9TQrwT3S6iIjM=,QbLXxag/Ge1wBeagk3r8zuCrJwg=
65,13,UNQv07EQHdxHyS9TQrwT3S6iIjM=,QbLXxag/Ge1wBeagk3r8zuCrJwg=
64,15,UNQv07EQHdxHyS9TQrwT3S6iIjM=,QbLXxag/Ge1wBeagk3r8zuCrJwg=
64,6,UNQv07EQHdxHyS9TQrwT3S6iIjM=,Iglfyd8mw8DyHAbQtyfe+ts2pDc=
65,5,UNQv07EQHdxHyS9TQrwT3S6iIjM=,Iglfyd8mw8DyHAbQtyfe+ts2pDc=
64,5,UNQv07EQHdxHyS9TQrwT3S6iIjM=,Iglfyd8mw8DyHAbQtyfe+ts2pDc=
66,3,UNQv07EQHdxHyS9TQrwT3S6iIjM=,Iglfyd8mw8DyHAbQtyfe+ts2pDc=
65,6,UNQv07EQHdxHyS9TQrwT3S6iIjM=,Iglfyd8mw8DyHAbQtyfe+ts2pDc=
69,15,UNQv07EQHdxHyS9TQrwT3S6iIjM=,QbLXxag/Ge1wBeagk3r8zuCrJwg=
65,3,UNQv07EQHdxHyS9TQrwT3S6iIjM=,Iglfyd8mw8DyHAbQtyfe+ts2pDc=
66,8,UNQv07EQHdxHyS9TQrwT3S6iIjM=,QbLXxag/Ge1wBeagk3r8zuCrJwg=
64,10,o8swIeEyAwGpGaPJGHzc/RCkLU0=,QbLXxag/Ge1wBeagk3r8zuCrJwg=
64,3,o8swIeEyAwGpGaPJGHzc/RCkLU0=,Iglfyd8mw8DyHAbQtyfe+ts2pDc=
65,10,o8swIeEyAwGpGaPJGHzc/RCkLU0=,QbLXxag/Ge1wBeagk3r8zuCrJwg=
69,13,o8swIeEyAwGpGaPJGHzc/RCkLU0=,QbLXxag/Ge1wBeagk3r8zuCrJwg=
64,4,o8swIeEyAwGpGaPJGHzc/RCkLU0=,Iglfyd8mw8DyHAbQtyfe+ts2pDc=
79,15,o8swIeEyAwGpGaPJGHzc/RCkLU0=,sgAvgfUiuZKd83j92HLTlxtwA74=
70,13,o8swIeEyAwGpGaPJGHzc/RCkLU0=,QbLXxag/Ge1wBeagk3r8zuCrJwg=
65,8,o8swIeEyAwGpGaPJGHzc/RCkLU0=,QbLXxag/Ge1wBeagk3r8zuCrJwg=
65,7,o8swIeEyAwGpGaPJGHzc/RCkLU0=,Iglfyd8mw8DyHAbQtyfe+ts2pDc=
66,10,o8swIeEyAwGpGaPJGHzc/RCkLU0=,QbLXxag/Ge1wBeagk3r8zuCrJwg=
64,8,o8swIeEyAwGpGaPJGHzc/RCkLU0=,QbLXxag/Ge1wBeagk3r8zuCrJwg=
64,7,o8swIeEyAwGpGaPJGHzc/RCkLU0=,Iglfyd8mw8DyHAbQtyfe+ts2pDc=
71,15,o8swIeEyAwGpGaPJGHzc/RCkLU0=,QbLXxag/Ge1wBeagk3r8zuCrJwg=
66,9,o8swIeEyAwGpGaPJGHzc/RCkLU0=,QbLXxag/Ge1wBeagk3r8zuCrJwg=
65,9,o8swIeEyAwGpGaPJGHzc/RCkLU0=,QbLXxag/Ge1wBeagk3r8zuCrJwg=
66,7,o8swIeEyAwGpGaPJGHzc/RCkLU0=,Iglfyd8mw8DyHAbQtyfe+ts2pDc=
66,5,o8swIeEyAwGpGaPJGHzc/RCkLU0=,Iglfyd8mw8DyHAbQtyfe+ts2pDc=
71,13,o8swIeEyAwGpGaPJGHzc/RCkLU0=,QbLXxag/Ge1wBeagk3r8zuCrJwg=
79,14,o8swIeEyAwGpGaPJGHzc/RCkLU0=,sgAvgfUiuZKd83j92HLTlxtwA74=
77,15,o8swIeEyAwGpGaPJGHzc/RCkLU0=,sgAvgfUiuZKd83j92HLTlxtwA74=
78,15,o8swIeEyAwGpGaPJGHzc/RCkLU0=,sgAvgfUiuZKd83j92HLTlxtwA74=
65,4,o8swIeEyAwGpGaPJGHzc/RCkLU0=,Iglfyd8mw8DyHAbQtyfe+ts2pDc=
76,15,o8swIeEyAwGpGaPJGHzc/RCkLU0=,sgAvgfUiuZKd83j92HLTlxtwA74=
66,6,o8swIeEyAwGpGaPJGHzc/RCkLU0=,Iglfyd8mw8DyHAbQtyfe+ts2pDc=
74,15,o8swIeEyAwGpGaPJGHzc/RCkLU0=,sgAvgfUiuZKd83j92HLTlxtwA74=
75,15,o8swIeEyAwGpGaPJGHzc/RCkLU0=,sgAvgfUiuZKd83j92HLTlxtwA74=
79,13,o8swIeEyAwGpGaPJGHzc/RCkLU0=,sgAvgfUiuZKd83j92HLTlxtwA74=
78,14,o8swIeEyAwGpGaPJGHzc/RCkLU0=,sgAvgfUiuZKd83j92HLTlxtwA74=
77,14,o8swIeEyAwGpGaPJGHzc/RCkLU0=,sgAvgfUiuZKd83j92HLTlxtwA74=
76,14,o8swIeEyAwGpGaPJGHzc/RCkLU0=,sgAvgfUiuZKd83j92HLTlxtwA74=
73,15,o8swIeEyAwGpGaPJGHzc/RCkLU0=,sgAvgfUiuZKd83j92HLTlxtwA74=
72,15,o8swIeEyAwGpGaPJGHzc/RCkLU0=,sgAvgfUiuZKd83j92HLTlxtwA74=
74,14,o8swIeEyAwGpGaPJGHzc/RCkLU0=,sgAvgfUiuZKd83j92HLTlxtwA74=
75,14,o8swIeEyAwGpGaPJGHzc/RCkLU0=,sgAvgfUiuZKd83j92HLTlxtwA74=
78,13,o8swIeEyAwGpGaPJGHzc/RCkLU0=,sgAvgfUiuZKd83j92HLTlxtwA74=
73,14,o8swIeEyAwGpGaPJGHzc/RCkLU0=,sgAvgfUiuZKd83j92HLTlxtwA74=
77,13,o8swIeEyAwGpGaPJGHzc/RCkLU0=,sgAvgfUiuZKd83j92HLTlxtwA74=
70,15,o8swIeEyAwGpGaPJGHzc/RCkLU0=,QbLXxag/Ge1wBeagk3r8zuCrJwg=
72,14,o8swIeEyAwGpGaPJGHzc/RCkLU0=,sgAvgfUiuZKd83j92HLTlxtwA74=
76,13,o8swIeEyAwGpGaPJGHzc/RCkLU0=,sgAvgfUiuZKd83j92HLTlxtwA74=
75,13,o8swIeEyAwGpGaPJGHzc/RCkLU0=,sgAvgfUiuZKd83j92HLTlxtwA74=
64,9,o8swIeEyAwGpGaPJGHzc/RCkLU0=,QbLXxag/Ge1wBeagk3r8zuCrJwg=
69,14,o8swIeEyAwGpGaPJGHzc/RCkLU0=,QbLXxag/Ge1wBeagk3r8zuCrJwg=
66,4,o8swIeEyAwGpGaPJGHzc/RCkLU0=,Iglfyd8mw8DyHAbQtyfe+ts2pDc=
70,14,o8swIeEyAwGpGaPJGHzc/RCkLU0=,QbLXxag/Ge1wBeagk3r8zuCrJwg=
72,13,o8swIeEyAwGpGaPJGHzc/RCkLU0=,sgAvgfUiuZKd83j92HLTlxtwA74=
73,13,o8swIeEyAwGpGaPJGHzc/RCkLU0=,sgAvgfUiuZKd83j92HLTlxtwA74=
74,13,o8swIeEyAwGpGaPJGHzc/RCkLU0=,sgAvgfUiuZKd83j92HLTlxtwA74=
71,14,o8swIeEyAwGpGaPJGHzc/RCkLU0=,QbLXxag/Ge1wBeagk3r8zuCrJwg=
67,2,o8swIeEyAwGpGaPJGHzc/RCkLU0=,Iglfyd8mw8DyHAbQtyfe+ts2pDc=
68,1,o8swIeEyAwGpGaPJGHzc/RCkLU0=,Iglfyd8mw8DyHAbQtyfe+ts2pDc=
68,2,o8swIeEyAwGpGaPJGHzc/RCkLU0=,Iglfyd8mw8DyHAbQtyfe+ts2pDc=
67,1,o8swIeEyAwGpGaPJGHzc/RCkLU0=,Iglfyd8mw8DyHAbQtyfe+ts2pDc=
67,0,o8swIeEyAwGpGaPJGHzc/RCkLU0=,Iglfyd8mw8DyHAbQtyfe+ts2pDc=
68,0,o8swIeEyAwGpGaPJGHzc/RCkLU0=,Iglfyd8mw8DyHAbQtyfe+ts2pDc=
79,2,o8swIeEyAwGpGaPJGHzc/RCkLU0=,NMDejyzt5O3fiCIB8pMgg0BPdD0=
69,2,o8swIeEyAwGpGaPJGHzc/RCkLU0=,Iglfyd8mw8DyHAbQtyfe+ts2pDc=
70,2,o8swIeEyAwGpGaPJGHzc/RCkLU0=,Iglfyd8mw8DyHAbQtyfe+ts2pDc=
78,2,o8swIeEyAwGpGaPJGHzc/RCkLU0=,NMDejyzt5O3fiCIB8pMgg0BPdD0=
76,2,o8swIeEyAwGpGaPJGHzc/RCkLU0=,NMDejyzt5O3fiCIB8pMgg0BPdD0=
79,1,o8swIeEyAwGpGaPJGHzc/RCkLU0=,NMDejyzt5O3fiCIB8pMgg0BPdD0=
77,2,o8swIeEyAwGpGaPJGHzc/RCkLU0=,NMDejyzt5O3fiCIB8pMgg0BPdD0=
72,2,o8swIeEyAwGpGaPJGHzc/RCkLU0=,NMDejyzt5O3fiCIB8pMgg0BPdD0=
73,2,o8swIeEyAwGpGaPJGHzc/RCkLU0=,NMDejyzt5O3fiCIB8pMgg0BPdD0=
79,0,o8swIeEyAwGpGaPJGHzc/RCkLU0=,NMDejyzt5O3fiCIB8pMgg0BPdD0=
71,1,o8swIeEyAwGpGaPJGHzc/RCkLU0=,Iglfyd8mw8DyHAbQtyfe+ts2pDc=
75,2,o8swIeEyAwGpGaPJGHzc/RCkLU0=,NMDejyzt5O3fiCIB8pMgg0BPdD0=
71,2,o8swIeEyAwGpGaPJGHzc/RCkLU0=,Iglfyd8mw8DyHAbQtyfe+ts2pDc=
71,0,o8swIeEyAwGpGaPJGHzc/RCkLU0=,Iglfyd8mw8DyHAbQtyfe+ts2pDc=
77,1,o8swIeEyAwGpGaPJGHzc/RCkLU0=,NMDejyzt5O3fiCIB8pMgg0BPdD0=
78,1,o8swIeEyAwGpGaPJGHzc/RCkLU0=,NMDejyzt5O3fiCIB8pMgg0BPdD0=
76,1,o8swIeEyAwGpGaPJGHzc/RCkLU0=,NMDejyzt5O3fiCIB8pMgg0BPdD0=
75,1,o8swIeEyAwGpGaPJGHzc/RCkLU0=,NMDejyzt5O3fiCIB8pMgg0BPdD0=
74,1,o8swIeEyAwGpGaPJGHzc/RCkLU0=,NMDejyzt5O3fiCIB8pMgg0BPdD0=
66,2,o8swIeEyAwGpGaPJGHzc/RCkLU0=,Iglfyd8mw8DyHAbQtyfe+ts2pDc=
70,0,o8swIeEyAwGpGaPJGHzc/RCkLU0=,Iglfyd8mw8DyHAbQtyfe+ts2pDc=
72,1,o8swIeEyAwGpGaPJGHzc/RCkLU0=,NMDejyzt5O3fiCIB8pMgg0BPdD0=
64,2,o8swIeEyAwGpGaPJGHzc/RCkLU0=,Iglfyd8mw8DyHAbQtyfe+ts2pDc=
69,1,o8swIeEyAwGpGaPJGHzc/RCkLU0=,Iglfyd8mw8DyHAbQtyfe+ts2pDc=
77,0,o8swIeEyAwGpGaPJGHzc/RCkLU0=,NMDejyzt5O3fiCIB8pMgg0BPdD0=
64,0,o8swIeEyAwGpGaPJGHzc/RCkLU0=,Iglfyd8mw8DyHAbQtyfe+ts2pDc=
76,0,o8swIeEyAwGpGaPJGHzc/RCkLU0=,NMDejyzt5O3fiCIB8pMgg0BPdD0=
72,0,o8swIeEyAwGpGaPJGHzc/RCkLU0=,NMDejyzt5O3fiCIB8pMgg0BPdD0=
65,2,o8swIeEyAwGpGaPJGHzc/RCkLU0=,Iglfyd8mw8DyHAbQtyfe+ts2pDc=
73,0,o8swIeEyAwGpGaPJGHzc/RCkLU0=,NMDejyzt5O3fiCIB8pMgg0BPdD0=
74,0,o8swIeEyAwGpGaPJGHzc/RCkLU0=,NMDejyzt5O3fiCIB8pMgg0BPdD0=
78,0,o8swIeEyAwGpGaPJGHzc/RCkLU0=,NMDejyzt5O3fiCIB8pMgg0BPdD0=
64,1,o8swIeEyAwGpGaPJGHzc/RCkLU0=,Iglfyd8mw8DyHAbQtyfe+ts2pDc=
75,0,o8swIeEyAwGpGaPJGHzc/RCkLU0=,NMDejyzt5O3fiCIB8pMgg0BPdD0=
66,0,o8swIeEyAwGpGaPJGHzc/RCkLU0=,Iglfyd8mw8DyHAbQtyfe+ts2pDc=
73,1,o8swIeEyAwGpGaPJGHzc/RCkLU0=,NMDejyzt5O3fiCIB8pMgg0BPdD0=
74,2,o8swIeEyAwGpGaPJGHzc/RCkLU0=,NMDejyzt5O3fiCIB8pMgg0BPdD0=
65,0,o8swIeEyAwGpGaPJGHzc/RCkLU0=,Iglfyd8mw8DyHAbQtyfe+ts2pDc=
69,0,o8swIeEyAwGpGaPJGHzc/RCkLU0=,Iglfyd8mw8DyHAbQtyfe+ts2pDc=
66,1,o8swIeEyAwGpGaPJGHzc/RCkLU0=,Iglfyd8mw8DyHAbQtyfe+ts2pDc=
70,1,o8swIeEyAwGpGaPJGHzc/RCkLU0=,Iglfyd8mw8DyHAbQtyfe+ts2pDc=
65,1,o8swIeEyAwGpGaPJGHzc/RCkLU0=,Iglfyd8mw8DyHAbQtyfe+ts2pDc=
76,19,MHE1Ri44EZTd56KopazYgDIefxo=,s0+mTNK1sbIJXIIcTEK7jPinSzA=
75,19,MHE1Ri44EZTd56KopazYgDIefxo=,s0+mTNK1sbIJXIIcTEK7jPinSzA=
75,20,MHE1Ri44EZTd56KopazYgDIefxo=,s0+mTNK1sbIJXIIcTEK7jPinSzA=
76,20,MHE1Ri44EZTd56KopazYgDIefxo=,s0+mTNK1sbIJXIIcTEK7jPinSzA=
76,21,MHE1Ri44EZTd56KopazYgDIefxo=,s0+mTNK1sbIJXIIcTEK7jPinSzA=
75,21,MHE1Ri44EZTd56KopazYgDIefxo=,s0+mTNK1sbIJXIIcTEK7jPinSzA=
75,23,MHE1Ri44EZTd56KopazYgDIefxo=,s0+mTNK1sbIJXIIcTEK7jPinSzA=
75,27,MHE1Ri44EZTd56KopazYgDIefxo=,QbLXxag/Ge1wBeagk3r8zuCrJwg=
76,26,MHE1Ri44EZTd56KopazYgDIefxo=,QbLXxag/Ge1wBeagk3r8zuCrJwg=
76,22,MHE1Ri44EZTd56KopazYgDIefxo=,s0+mTNK1sbIJXIIcTEK7jPinSzA=
76,27,MHE1Ri44EZTd56KopazYgDIefxo=,QbLXxag/Ge1wBeagk3r8zuCrJwg=
76,25,MHE1Ri44EZTd56KopazYgDIefxo=,QbLXxag/Ge1wBeagk3r8zuCrJwg=
75,25,MHE1Ri44EZTd56KopazYgDIefxo=,QbLXxag/Ge1wBeagk3r8zuCrJwg=
75,22,MHE1Ri44EZTd56KopazYgDIefxo=,s0+mTNK1sbIJXIIcTEK7jPinSzA=
75,24,MHE1Ri44EZTd56KopazYgDIefxo=,QbLXxag/Ge1wBeagk3r8zuCrJwg=
75,26,MHE1Ri44EZTd56KopazYgDIefxo=,QbLXxag/Ge1wBeagk3r8zuCrJwg=
75,28,MHE1Ri44EZTd56KopazYgDIefxo=,QbLXxag/Ge1wBeagk3r8zuCrJwg=
76,28,MHE1Ri44EZTd56KopazYgDIefxo=,QbLXxag/Ge1wBeagk3r8zuCrJwg=
76,24,MHE1Ri44EZTd56KopazYgDIefxo=,QbLXxag/Ge1wBeagk3r8zuCrJwg=
76,23,MHE1Ri44EZTd56KopazYgDIefxo=,s0+mTNK1sbIJXIIcTEK7jPinSzA=
72,28,MHE1Ri44EZTd56KopazYgDIefxo=,QbLXxag/Ge1wBeagk3r8zuCrJwg=
72,26,MHE1Ri44EZTd56KopazYgDIefxo=,QbLXxag/Ge1wBeagk3r8zuCrJwg=
73,26,MHE1Ri44EZTd56KopazYgDIefxo=,QbLXxag/Ge1wBeagk3r8zuCrJwg=
74,26,MHE1Ri44EZTd56KopazYgDIefxo=,QbLXxag/Ge1wBeagk3r8zuCrJwg=
67,23,MHE1Ri44EZTd56KopazYgDIefxo=,yhXtBufPKoP9Sgkv5pMes5DNYSo=
74,27,MHE1Ri44EZTd56KopazYgDIefxo=,QbLXxag/Ge1wBeagk3r8zuCrJwg=
67,28,MHE1Ri44EZTd56KopazYgDIefxo=,oAaNDeHorjZy51onbNwHFc0MUpc=
70,27,MHE1Ri44EZTd56KopazYgDIefxo=,oAaNDeHorjZy51onbNwHFc0MUpc=
73,28,MHE1Ri44EZTd56KopazYgDIefxo=,QbLXxag/Ge1wBeagk3r8zuCrJwg=
73,27,MHE1Ri44EZTd56KopazYgDIefxo=,QbLXxag/Ge1wBeagk3r8zuCrJwg=
69,27,MHE1Ri44EZTd56KopazYgDIefxo=,oAaNDeHorjZy51onbNwHFc0MUpc=
72,27,MHE1Ri44EZTd56KopazYgDIefxo=,QbLXxag/Ge1wBeagk3r8zuCrJwg=
68,27,MHE1Ri44EZTd56KopazYgDIefxo=,oAaNDeHorjZy51onbNwHFc0MUpc=
67,27,MHE1Ri44EZTd56KopazYgDIefxo=,oAaNDeHorjZy51onbNwHFc0MUpc=
74,28,MHE1Ri44EZTd56KopazYgDIefxo=,QbLXxag/Ge1wBeagk3r8zuCrJwg=
68,28,MHE1Ri44EZTd56KopazYgDIefxo=,oAaNDeHorjZy51onbNwHFc0MUpc=
69,28,MHE1Ri44EZTd56KopazYgDIefxo=,oAaNDeHorjZy51onbNwHFc0MUpc=
71,28,MHE1Ri44EZTd56KopazYgDIefxo=,oAaNDeHorjZy51onbNwHFc0MUpc=
71,27,MHE1Ri44EZTd56KopazYgDIefxo=,oAaNDeHorjZy51onbNwHFc0MUpc=
70,28,MHE1Ri44EZTd56KopazYgDIefxo=,oAaNDeHorjZy51onbNwHFc0MUpc=
74,23,MHE1Ri44EZTd56KopazYgDIefxo=,s0+mTNK1sbIJXIIcTEK7jPinSzA=
73,23,MHE1Ri44EZTd56KopazYgDIefxo=,s0+mTNK1sbIJXIIcTEK7jPinSzA=
74,19,MHE1Ri44EZTd56KopazYgDIefxo=,s0+mTNK1sbIJXIIcTEK7jPinSzA=
73,19,CiZdJj0YdnDAS0l30yLaIx63zO8=,s0+mTNK1sbIJXIIcTEK7jPinSzA=
72,19,CiZdJj0YdnDAS0l30yLaIx63zO8=,s0+mTNK1sbIJXIIcTEK7jPinSzA=
71,20,CiZdJj0YdnDAS0l30yLaIx63zO8=,yhXtBufPKoP9Sgkv5pMes5DNYSo=
70,20,CiZdJj0YdnDAS0l30yLaIx63zO8=,yhXtBufPKoP9Sgkv5pMes5DNYSo=
69,20,CiZdJj0YdnDAS0l30yLaIx63zO8=,yhXtBufPKoP9Sgkv5pMes5DNYSo=
74,21,CiZdJj0YdnDAS0l30yLaIx63zO8=,s0+mTNK1sbIJXIIcTEK7jPinSzA=
72,23,CiZdJj0YdnDAS0l30yLaIx63zO8=,s0+mTNK1sbIJXIIcTEK7jPinSzA=
68,20,CiZdJj0YdnDAS0l30yLaIx63zO8=,yhXtBufPKoP9Sgkv5pMes5DNYSo=
70,25,CiZdJj0YdnDAS0l30yLaIx63zO8=,oAaNDeHorjZy51onbNwHFc0MUpc=
69,25,CiZdJj0YdnDAS0l30yLaIx63zO8=,oAaNDeHorjZy51onbNwHFc0MUpc=
67,20,CiZdJj0YdnDAS0l30yLaIx63zO8=,yhXtBufPKoP9Sgkv5pMes5DNYSo=
72,21,CiZdJj0YdnDAS0l30yLaIx63zO8=,s0+mTNK1sbIJXIIcTEK7jPinSzA=
68,25,CiZdJj0YdnDAS0l30yLaIx63zO8=,oAaNDeHorjZy51onbNwHFc0MUpc=
71,19,CiZdJj0YdnDAS0l30yLaIx63zO8=,yhXtBufPKoP9Sgkv5pMes5DNYSo=
70,26,CiZdJj0YdnDAS0l30yLaIx63zO8=,oAaNDeHorjZy51onbNwHFc0MUpc=
70,19,CiZdJj0YdnDAS0l30yLaIx63zO8=,yhXtBufPKoP9Sgkv5pMes5DNYSo=
69,26,CiZdJj0YdnDAS0l30yLaIx63zO8=,oAaNDeHorjZy51onbNwHFc0MUpc=
74,20,CiZdJj0YdnDAS0l30yLaIx63zO8=,s0+mTNK1sbIJXIIcTEK7jPinSzA=
71,22,CiZdJj0YdnDAS0l30yLaIx63zO8=,yhXtBufPKoP9Sgkv5pMes5DNYSo=
73,20,CiZdJj0YdnDAS0l30yLaIx63zO8=,s0+mTNK1sbIJXIIcTEK7jPinSzA=
69,19,CiZdJj0YdnDAS0l30yLaIx63zO8=,yhXtBufPKoP9Sgkv5pMes5DNYSo=
68,26,CiZdJj0YdnDAS0l30yLaIx63zO8=,oAaNDeHorjZy51onbNwHFc0MUpc=
68,19,CiZdJj0YdnDAS0l30yLaIx63zO8=,yhXtBufPKoP9Sgkv5pMes5DNYSo=
71,21,CiZdJj0YdnDAS0l30yLaIx63zO8=,yhXtBufPKoP9Sgkv5pMes5DNYSo=
67,25,CiZdJj0YdnDAS0l30yLaIx63zO8=,oAaNDeHorjZy51onbNwHFc0MUpc=
71,24,CiZdJj0YdnDAS0l30yLaIx63zO8=,oAaNDeHorjZy51onbNwHFc0MUpc=
70,22,CiZdJj0YdnDAS0l30yLaIx63zO8=,yhXtBufPKoP9Sgkv5pMes5DNYSo=
69,22,CiZdJj0YdnDAS0l30yLaIx63zO8=,yhXtBufPKoP9Sgkv5pMes5DNYSo=
69,21,CiZdJj0YdnDAS0l30yLaIx63zO8=,yhXtBufPKoP9Sgkv5pMes5DNYSo=
70,24,CiZdJj0YdnDAS0l30yLaIx63zO8=,oAaNDeHorjZy51onbNwHFc0MUpc=
69,24,CiZdJj0YdnDAS0l30yLaIx63zO8=,oAaNDeHorjZy51onbNwHFc0MUpc=
74,25,CiZdJj0YdnDAS0l30yLaIx63zO8=,QbLXxag/Ge1wBeagk3r8zuCrJwg=
73,25,CiZdJj0YdnDAS0l30yLaIx63zO8=,QbLXxag/Ge1wBeagk3r8zuCrJwg=
67,26,CiZdJj0YdnDAS0l30yLaIx63zO8=,oAaNDeHorjZy51onbNwHFc0MUpc=
68,24,CiZdJj0YdnDAS0l30yLaIx63zO8=,oAaNDeHorjZy51onbNwHFc0MUpc=
71,25,CiZdJj0YdnDAS0l30yLaIx63zO8=,oAaNDeHorjZy51onbNwHFc0MUpc=
70,21,CiZdJj0YdnDAS0l30yLaIx63zO8=,yhXtBufPKoP9Sgkv5pMes5DNYSo=
73,21,CiZdJj0YdnDAS0l30yLaIx63zO8=,s0+mTNK1sbIJXIIcTEK7jPinSzA=
68,22,CiZdJj0YdnDAS0l30yLaIx63zO8=,yhXtBufPKoP9Sgkv5pMes5DNYSo=
67,19,CiZdJj0YdnDAS0l30yLaIx63zO8=,yhXtBufPKoP9Sgkv5pMes5DNYSo=
72,25,CiZdJj0YdnDAS0l30yLaIx63zO8=,QbLXxag/Ge1wBeagk3r8zuCrJwg=
67,24,CiZdJj0YdnDAS0l30yLaIx63zO8=,oAaNDeHorjZy51onbNwHFc0MUpc=
68,21,CiZdJj0YdnDAS0l30yLaIx63zO8=,yhXtBufPKoP9Sgkv5pMes5DNYSo=
73,24,CiZdJj0YdnDAS0l30yLaIx63zO8=,QbLXxag/Ge1wBeagk3r8zuCrJwg=
67,21,CiZdJj0YdnDAS0l30yLaIx63zO8=,yhXtBufPKoP9Sgkv5pMes5DNYSo=
74,24,CiZdJj0YdnDAS0l30yLaIx63zO8=,QbLXxag/Ge1wBeagk3r8zuCrJwg=
71,26,CiZdJj0YdnDAS0l30yLaIx63zO8=,oAaNDeHorjZy51onbNwHFc0MUpc=
72,24,CiZdJj0YdnDAS0l30yLaIx63zO8=,QbLXxag/Ge1wBeagk3r8zuCrJwg=
67,22,CiZdJj0YdnDAS0l30yLaIx63zO8=,yhXtBufPKoP9Sgkv5pMes5DNYSo=
73,22,CiZdJj0YdnDAS0l30yLaIx63zO8=,s0+mTNK1sbIJXIIcTEK7jPinSzA=
74,22,CiZdJj0YdnDAS0l30yLaIx63zO8=,s0+mTNK1sbIJXIIcTEK7jPinSzA=
71,23,CiZdJj0YdnDAS0l30yLaIx63zO8=,yhXtBufPKoP9Sgkv5pMes5DNYSo=
72,22,CiZdJj0YdnDAS0l30yLaIx63zO8=,s0+mTNK1sbIJXIIcTEK7jPinSzA=
70,23,CiZdJj0YdnDAS0l30yLaIx63zO8=,yhXtBufPKoP9Sgkv5pMes5DNYSo=
72,20,CiZdJj0YdnDAS0l30yLaIx63zO8=,s0+mTNK1sbIJXIIcTEK7jPinSzA=
68,23,CiZdJj0YdnDAS0l30yLaIx63zO8=,yhXtBufPKoP9Sgkv5pMes5DNYSo=
69,23,CiZdJj0YdnDAS0l30yLaIx63zO8=,yhXtBufPKoP9Sgkv5pMes5DNYSo=
75,31,CiZdJj0YdnDAS0l30yLaIx63zO8=,QbLXxag/Ge1wBeagk3r8zuCrJwg=
75,29,CiZdJj0YdnDAS0l30yLaIx63zO8=,QbLXxag/Ge1wBeagk3r8zuCrJwg=
75,30,CiZdJj0YdnDAS0l30yLaIx63zO8=,QbLXxag/Ge1wBeagk3r8zuCrJwg=
76,31,CiZdJj0YdnDAS0l30yLaIx63zO8=,QbLXxag/Ge1wBeagk3r8zuCrJwg=
76,30,CiZdJj0YdnDAS0l30yLaIx63zO8=,QbLXxag/Ge1wBeagk3r8zuCrJwg=
76,29,CiZdJj0YdnDAS0l30yLaIx63zO8=,QbLXxag/Ge1wBeagk3r8zuCrJwg=
69,30,CiZdJj0YdnDAS0l30yLaIx63zO8=,oAaNDeHorjZy51onbNwHFc0MUpc=
71,30,CiZdJj0YdnDAS0l30yLaIx63zO8=,oAaNDeHorjZy51onbNwHFc0MUpc=
67,31,CiZdJj0YdnDAS0l30yLaIx63zO8=,oAaNDeHorjZy51onbNwHFc0MUpc=
70,30,CiZdJj0YdnDAS0l30yLaIx63zO8=,oAaNDeHorjZy51onbNwHFc0MUpc=
73,31,CiZdJj0YdnDAS0l30yLaIx63zO8=,QbLXxag/Ge1wBeagk3r8zuCrJwg=
72,31,CiZdJj0YdnDAS0l30yLaIx63zO8=,QbLXxag/Ge1wBeagk3r8zuCrJwg=
74,31,CiZdJj0YdnDAS0l30yLaIx63zO8=,QbLXxag/Ge1wBeagk3r8zuCrJwg=
67,30,CiZdJj0YdnDAS0l30yLaIx63zO8=,oAaNDeHorjZy51onbNwHFc0MUpc=
70,29,CiZdJj0YdnDAS0l30yLaIx63zO8=,oAaNDeHorjZy51onbNwHFc0MUpc=
71,29,CiZdJj0YdnDAS0l30yLaIx63zO8=,oAaNDeHorjZy51onbNwHFc0MUpc=
68,29,CiZdJj0YdnDAS0l30yLaIx63zO8=,oAaNDeHorjZy51onbNwHFc0MUpc=
69,29,CiZdJj0YdnDAS0l30yLaIx63zO8=,oAaNDeHorjZy51onbNwHFc0MUpc=
72,30,CiZdJj0YdnDAS0l30yLaIx63zO8=,QbLXxag/Ge1wBeagk3r8zuCrJwg=
68,31,CiZdJj0YdnDAS0l30yLaIx63zO8=,oAaNDeHorjZy51onbNwHFc0MUpc=
71,31,CiZdJj0YdnDAS0l30yLaIx63zO8=,oAaNDeHorjZy51onbNwHFc0MUpc=
74,30,CiZdJj0YdnDAS0l30yLaIx63zO8=,QbLXxag/Ge1wBeagk3r8zuCrJwg=
68,30,CiZdJj0YdnDAS0l30yLaIx63zO8=,oAaNDeHorjZy51onbNwHFc0MUpc=
73,30,CiZdJj0YdnDAS0l30yLaIx63zO8=,QbLXxag/Ge1wBeagk3r8zuCrJwg=
70,31,CiZdJj0YdnDAS0l30yLaIx63zO8=,oAaNDeHorjZy51onbNwHFc0MUpc=
74,29,CiZdJj0YdnDAS0l30yLaIx63zO8=,QbLXxag/Ge1wBeagk3r8zuCrJwg=
67,29,CiZdJj0YdnDAS0l30yLaIx63zO8=,oAaNDeHorjZy51onbNwHFc0MUpc=
73,29,CiZdJj0YdnDAS0l30yLaIx63zO8=,QbLXxag/Ge1wBeagk3r8zuCrJwg=
69,31,CiZdJj0YdnDAS0l30yLaIx63zO8=,oAaNDeHorjZy51onbNwHFc0MUpc=
72,29,CiZdJj0YdnDAS0l30yLaIx63zO8=,QbLXxag/Ge1wBeagk3r8zuCrJwg=
64,19,CiZdJj0YdnDAS0l30yLaIx63zO8=,yhXtBufPKoP9Sgkv5pMes5DNYSo=
65,19,CiZdJj0YdnDAS0l30yLaIx63zO8=,yhXtBufPKoP9Sgkv5pMes5DNYSo=
66,19,CiZdJj0YdnDAS0l30yLaIx63zO8=,yhXtBufPKoP9Sgkv5pMes5DNYSo=
64,20,CiZdJj0YdnDAS0l30yLaIx63zO8=,yhXtBufPKoP9Sgkv5pMes5DNYSo=
66,20,CiZdJj0YdnDAS0l30yLaIx63zO8=,yhXtBufPKoP9Sgkv5pMes5DNYSo=
65,20,CiZdJj0YdnDAS0l30yLaIx63zO8=,yhXtBufPKoP9Sgkv5pMes5DNYSo=
77,19,CiZdJj0YdnDAS0l30yLaIx63zO8=,s0+mTNK1sbIJXIIcTEK7jPinSzA=
79,20,CiZdJj0YdnDAS0l30yLaIx63zO8=,s0+mTNK1sbIJXIIcTEK7jPinSzA=
79,19,CiZdJj0YdnDAS0l30yLaIx63zO8=,s0+mTNK1sbIJXIIcTEK7jPinSzA=
78,19,CiZdJj0YdnDAS0l30yLaIx63zO8=,s0+mTNK1sbIJXIIcTEK7jPinSzA=
78,20,CiZdJj0YdnDAS0l30yLaIx63zO8=,s0+mTNK1sbIJXIIcTEK7jPinSzA=
77,20,CiZdJj0YdnDAS0l30yLaIx63zO8=,s0+mTNK1sbIJXIIcTEK7jPinSzA=
64,16,CiZdJj0YdnDAS0l30yLaIx63zO8=,yhXtBufPKoP9Sgkv5pMes5DNYSo=
65,18,CiZdJj0YdnDAS0l30yLaIx63zO8=,yhXtBufPKoP9Sgkv5pMes5DNYSo=
65,16,CiZdJj0YdnDAS0l30yLaIx63zO8=,yhXtBufPKoP9Sgkv5pMes5DNYSo=
64,18,CiZdJj0YdnDAS0l30yLaIx63zO8=,yhXtBufPKoP9Sgkv5pMes5DNYSo=
68,17,CiZdJj0YdnDAS0l30yLaIx63zO8=,yhXtBufPKoP9Sgkv5pMes5DNYSo=
77,21,CiZdJj0YdnDAS0l30yLaIx63zO8=,s0+mTNK1sbIJXIIcTEK7jPinSzA=
64,17,CiZdJj0YdnDAS0l30yLaIx63zO8=,yhXtBufPKoP9Sgkv5pMes5DNYSo=
66,17,CiZdJj0YdnDAS0l30yLaIx63zO8=,yhXtBufPKoP9Sgkv5pMes5DNYSo=
68,18,CiZdJj0YdnDAS0l30yLaIx63zO8=,yhXtBufPKoP9Sgkv5pMes5DNYSo=
65,17,CiZdJj0YdnDAS0l30yLaIx63zO8=,yhXtBufPKoP9Sgkv5pMes5DNYSo=
79,23,Rum57Kfaj/n7PqYJ76M0t+rm0V0=,s0+mTNK1sbIJXIIcTEK7jPinSzA=
79,25,Rum57Kfaj/n7PqYJ76M0t+rm0V0=,QbLXxag/Ge1wBeagk3r8zuCrJwg=
79,22,Rum57Kfaj/n7PqYJ76M0t+rm0V0=,s0+mTNK1sbIJXIIcTEK7jPinSzA=
66,18,Rum57Kfaj/n7PqYJ76M0t+rm0V0=,yhXtBufPKoP9Sgkv5pMes5DNYSo=
77,22,Rum57Kfaj/n7PqYJ76M0t+rm0V0=,s0+mTNK1sbIJXIIcTEK7jPinSzA=
68,16,Rum57Kfaj/n7PqYJ76M0t+rm0V0=,yhXtBufPKoP9Sgkv5pMes5DNYSo=
78,22,Rum57Kfaj/n7PqYJ76M0t+rm0V0=,s0+mTNK1sbIJXIIcTEK7jPinSzA=
79,24,Rum57Kfaj/n7PqYJ76M0t+rm0V0=,QbLXxag/Ge1wBeagk3r8zuCrJwg=
67,16,Rum57Kfaj/n7PqYJ76M0t+rm0V0=,yhXtBufPKoP9Sgkv5pMes5DNYSo=
77,26,Rum57Kfaj/n7PqYJ76M0t+rm0V0=,QbLXxag/Ge1wBeagk3r8zuCrJwg=
79,28,Rum57Kfaj/n7PqYJ76M0t+rm0V0=,QbLXxag/Ge1wBeagk3r8zuCrJwg=
79,21,Rum57Kfaj/n7PqYJ76M0t+rm0V0=,s0+mTNK1sbIJXIIcTEK7jPinSzA=
79,27,Rum57Kfaj/n7PqYJ76M0t+rm0V0=,QbLXxag/Ge1wBeagk3r8zuCrJwg=
78,25,Rum57Kfaj/n7PqYJ76M0t+rm0V0=,QbLXxag/Ge1wBeagk3r8zuCrJwg=
79,26,Rum57Kfaj/n7PqYJ76M0t+rm0V0=,QbLXxag/Ge1wBeagk3r8zuCrJwg=
77,25,Rum57Kfaj/n7PqYJ76M0t+rm0V0=,QbLXxag/Ge1wBeagk3r8zuCrJwg=
78,24,Rum57Kfaj/n7PqYJ76M0t+rm0V0=,QbLXxag/Ge1wBeagk3r8zuCrJwg=
78,23,Rum57Kfaj/n7PqYJ76M0t+rm0V0=,s0+mTNK1sbIJXIIcTEK7jPinSzA=
78,21,Rum57Kfaj/n7PqYJ76M0t+rm0V0=,s0+mTNK1sbIJXIIcTEK7jPinSzA=
78,28,Rum57Kfaj/n7PqYJ76M0t+rm0V0=,QbLXxag/Ge1wBeagk3r8zuCrJwg=
77,28,Rum57Kfaj/n7PqYJ76M0t+rm0V0=,QbLXxag/Ge1wBeagk3r8zuCrJwg=
78,27,Rum57Kfaj/n7PqYJ76M0t+rm0V0=,QbLXxag/Ge1wBeagk3r8zuCrJwg=
77,24,Rum57Kfaj/n7PqYJ76M0t+rm0V0=,QbLXxag/Ge1wBeagk3r8zuCrJwg=
77,27,Rum57Kfaj/n7PqYJ76M0t+rm0V0=,QbLXxag/Ge1wBeagk3r8zuCrJwg=
77,23,Rum57Kfaj/n7PqYJ76M0t+rm0V0=,s0+mTNK1sbIJXIIcTEK7jPinSzA=
66,16,Rum57Kfaj/n7PqYJ76M0t+rm0V0=,yhXtBufPKoP9Sgkv5pMes5DNYSo=
78,26,Rum57Kfaj/n7PqYJ76M0t+rm0V0=,QbLXxag/Ge1wBeagk3r8zuCrJwg=
67,17,Rum57Kfaj/n7PqYJ76M0t+rm0V0=,yhXtBufPKoP9Sgkv5pMes5DNYSo=
67,18,Rum57Kfaj/n7PqYJ76M0t+rm0V0=,yhXtBufPKoP9Sgkv5pMes5DNYSo=
69,17,Rum57Kfaj/n7PqYJ76M0t+rm0V0=,yhXtBufPKoP9Sgkv5pMes5DNYSo=
76,18,Rum57Kfaj/n7PqYJ76M0t+rm0V0=,s0+mTNK1sbIJXIIcTEK7jPinSzA=
70,17,Rum57Kfaj/n7PqYJ76M0t+rm0V0=,yhXtBufPKoP9Sgkv5pMes5DNYSo=
69,16,Rum57Kfaj/n7PqYJ76M0t+rm0V0=,yhXtBufPKoP9Sgkv5pMes5DNYSo=
75,18,Rum57Kfaj/n7PqYJ76M0t+rm0V0=,s0+mTNK1sbIJXIIcTEK7jPinSzA=
64,28,Rum57Kfaj/n7PqYJ76M0t+rm0V0=,oAaNDeHorjZy51onbNwHFc0MUpc=
71,17,Rum57Kfaj/n7PqYJ76M0t+rm0V0=,yhXtBufPKoP9Sgkv5pMes5DNYSo=
76,17,Rum57Kfaj/n7PqYJ76M0t+rm0V0=,s0+mTNK1sbIJXIIcTEK7jPinSzA=
74,18,Rum57Kfaj/n7PqYJ76M0t+rm0V0=,s0+mTNK1sbIJXIIcTEK7jPinSzA=
72,18,Rum57Kfaj/n7PqYJ76M0t+rm0V0=,s0+mTNK1sbIJXIIcTEK7jPinSzA=
73,18,Rum57Kfaj/n7PqYJ76M0t+rm0V0=,s0+mTNK1sbIJXIIcTEK7jPinSzA=
75,17,Rum57Kfaj/n7PqYJ76M0t+rm0V0=,s0+mTNK1sbIJXIIcTEK7jPinSzA=
73,17,Rum57Kfaj/n7PqYJ76M0t+rm0V0=,s0+mTNK1sbIJXIIcTEK7jPinSzA=
74,17,Rum57Kfaj/n7PqYJ76M0t+rm0V0=,s0+mTNK1sbIJXIIcTEK7jPinSzA=
71,16,Rum57Kfaj/n7PqYJ76M0t+rm0V0=,yhXtBufPKoP9Sgkv5pMes5DNYSo=
70,16,Rum57Kfaj/n7PqYJ76M0t+rm0V0=,yhXtBufPKoP9Sgkv5pMes5DNYSo=
69,18,Rum57Kfaj/n7PqYJ76M0t+rm0V0=,yhXtBufPKoP9Sgkv5pMes5DNYSo=
65,28,Rum57Kfaj/n7PqYJ76M0t+rm0V0=,oAaNDeHorjZy51onbNwHFc0MUpc=
75,16,Rum57Kfaj/n7PqYJ76M0t+rm0V0=,s0+mTNK1sbIJXIIcTEK7jPinSzA=
76,16,Rum57Kfaj/n7PqYJ76M0t+rm0V0=,s0+mTNK1sbIJXIIcTEK7jPinSzA=
72,17,Rum57Kfaj/n7PqYJ76M0t+rm0V0=,s0+mTNK1sbIJXIIcTEK7jPinSzA=
71,18,Rum57Kfaj/n7PqYJ76M0t+rm0V0=,yhXtBufPKoP9Sgkv5pMes5DNYSo=
64,23,Rum57Kfaj/n7PqYJ76M0t+rm0V0=,yhXtBufPKoP9Sgkv5pMes5DNYSo=
73,16,Rum57Kfaj/n7PqYJ76M0t+rm0V0=,s0+mTNK1sbIJXIIcTEK7jPinSzA=
70,18,Rum57Kfaj/n7PqYJ76M0t+rm0V0=,yhXtBufPKoP9Sgkv5pMes5DNYSo=
64,21,Rum57Kfaj/n7PqYJ76M0t+rm0V0=,yhXtBufPKoP9Sgkv5pMes5DNYSo=
72,16,Rum57Kfaj/n7PqYJ76M0t+rm0V0=,s0+mTNK1sbIJXIIcTEK7jPinSzA=
64,26,Rum57Kfaj/n7PqYJ76M0t+rm0V0=,oAaNDeHorjZy51onbNwHFc0MUpc=
74,16,Rum57Kfaj/n7PqYJ76M0t+rm0V0=,s0+mTNK1sbIJXIIcTEK7jPinSzA=
65,23,Rum57Kfaj/n7PqYJ76M0t+rm0V0=,yhXtBufPKoP9Sgkv5pMes5DNYSo=
65,26,Rum57Kfaj/n7PqYJ76M0t+rm0V0=,oAaNDeHorjZy51onbNwHFc0MUpc=
65,21,Rum57Kfaj/n7PqYJ76M0t+rm0V0=,yhXtBufPKoP9Sgkv5pMes5DNYSo=
65,27,Rum57Kfaj/n7PqYJ76M0t+rm0V0=,oAaNDeHorjZy51onbNwHFc0MUpc=
64,25,Rum57Kfaj/n7PqYJ76M0t+rm0V0=,oAaNDeHorjZy51onbNwHFc0MUpc=
66,27,Rum57Kfaj/n7PqYJ76M0t+rm0V0=,oAaNDeHorjZy51onbNwHFc0MUpc=
64,27,Rum57Kfaj/n7PqYJ76M0t+rm0V0=,oAaNDeHorjZy51onbNwHFc0MUpc=
66,26,Rum57Kfaj/n7PqYJ76M0t+rm0V0=,oAaNDeHorjZy51onbNwHFc0MUpc=
66,24,Rum57Kfaj/n7PqYJ76M0t+rm0V0=,oAaNDeHorjZy51onbNwHFc0MUpc=
65,25,Rum57Kfaj/n7PqYJ76M0t+rm0V0=,oAaNDeHorjZy51onbNwHFc0MUpc=
64,22,Rum57Kfaj/n7PqYJ76M0t+rm0V0=,yhXtBufPKoP9Sgkv5pMes5DNYSo=
66,23,Rum57Kfaj/n7PqYJ76M0t+rm0V0=,yhXtBufPKoP9Sgkv5pMes5DNYSo=
65,24,Rum57Kfaj/n7PqYJ76M0t+rm0V0=,oAaNDeHorjZy51onbNwHFc0MUpc=
64,24,Rum57Kfaj/n7PqYJ76M0t+rm0V0=,oAaNDeHorjZy51onbNwHFc0MUpc=
66,25,Rum57Kfaj/n7PqYJ76M0t+rm0V0=,oAaNDeHorjZy51onbNwHFc0MUpc=
66,22,Rum57Kfaj/n7PqYJ76M0t+rm0V0=,yhXtBufPKoP9Sgkv5pMes5DNYSo=
66,28,Rum57Kfaj/n7PqYJ76M0t+rm0V0=,oAaNDeHorjZy51onbNwHFc0MUpc=
65,22,Rum57Kfaj/n7PqYJ76M0t+rm0V0=,yhXtBufPKoP9Sgkv5pMes5DNYSo=
66,21,Rum57Kfaj/n7PqYJ76M0t+rm0V0=,yhXtBufPKoP9Sgkv5pMes5DNYSo=
79,31,Rum57Kfaj/n7PqYJ76M0t+rm0V0=,QbLXxag/Ge1wBeagk3r8zuCrJwg=
79,30,Rum57Kfaj/n7PqYJ76M0t+rm0V0=,QbLXxag/Ge1wBeagk3r8zuCrJwg=
78,31,Rum57Kfaj/n7PqYJ76M0t+rm0V0=,QbLXxag/Ge1wBeagk3r8zuCrJwg=
77,31,Rum57Kfaj/n7PqYJ76M0t+rm0V0=,QbLXxag/Ge1wBeagk3r8zuCrJwg=
79,29,Rum57Kfaj/n7PqYJ76M0t+rm0V0=,QbLXxag/Ge1wBeagk3r8zuCrJwg=
78,30,Rum57Kfaj/n7PqYJ76M0t+rm0V0=,QbLXxag/Ge1wBeagk3r8zuCrJwg=
78,29,Rum57Kfaj/n7PqYJ76M0t+rm0V0=,QbLXxag/Ge1wBeagk3r8zuCrJwg=
77,30,Rum57Kfaj/n7PqYJ76M0t+rm0V0=,QbLXxag/Ge1wBeagk3r8zuCrJwg=
77,29,Rum57Kfaj/n7PqYJ76M0t+rm0V0=,QbLXxag/Ge1wBeagk3r8zuCrJwg=
79,18,Rum57Kfaj/n7PqYJ76M0t+rm0V0=,s0+mTNK1sbIJXIIcTEK7jPinSzA=
77,16,Rum57Kfaj/n7PqYJ76M0t+rm0V0=,s0+mTNK1sbIJXIIcTEK7jPinSzA=
79,17,Rum57Kfaj/n7PqYJ76M0t+rm0V0=,s0+mTNK1sbIJXIIcTEK7jPinSzA=
77,18,Rum57Kfaj/n7PqYJ76M0t+rm0V0=,s0+mTNK1sbIJXIIcTEK7jPinSzA=
78,16,Rum57Kfaj/n7PqYJ76M0t+rm0V0=,s0+mTNK1sbIJXIIcTEK7jPinSzA=
79,16,Rum57Kfaj/n7PqYJ76M0t+rm0V0=,s0+mTNK1sbIJXIIcTEK7jPinSzA=
78,17,Rum57Kfaj/n7PqYJ76M0t+rm0V0=,s0+mTNK1sbIJXIIcTEK7jPinSzA=
64,30,Rum57Kfaj/n7PqYJ76M0t+rm0V0=,oAaNDeHorjZy51onbNwHFc0MUpc=
78,18,Rum57Kfaj/n7PqYJ76M0t+rm0V0=,s0+mTNK1sbIJXIIcTEK7jPinSzA=
77,17,Rum57Kfaj/n7PqYJ76M0t+rm0V0=,s0+mTNK1sbIJXIIcTEK7jPinSzA=
65,29,Rum57Kfaj/n7PqYJ76M0t+rm0V0=,oAaNDeHorjZy51onbNwHFc0MUpc=
64,29,Rum57Kfaj/n7PqYJ76M0t+rm0V0=,oAaNDeHorjZy51onbNwHFc0MUpc=
66,30,Rum57Kfaj/n7PqYJ76M0t+rm0V0=,oAaNDeHorjZy51onbNwHFc0MUpc=
64,31,Rum57Kfaj/n7PqYJ76M0t+rm0V0=,oAaNDeHorjZy51onbNwHFc0MUpc=
66,31,Rum57Kfaj/n7PqYJ76M0t+rm0V0=,oAaNDeHorjZy51onbNwHFc0MUpc=
65,30,Rum57Kfaj/n7PqYJ76M0t+rm0V0=,oAaNDeHorjZy51onbNwHFc0MUpc=
65,31,Rum57Kfaj/n7PqYJ76M0t+rm0V0=,oAaNDeHorjZy51onbNwHFc0MUpc=
66,29,Rum57Kfaj/n7PqYJ76M0t+rm0V0=,oAaNDeHorjZy51onbNwHFc0MUpc=
83,28,EXz27gZD9g4X2D4yQtSQkKk8dq0=,QbLXxag/Ge1wBeagk3r8zuCrJwg=
83,27,EXz27gZD9g4X2D4yQtSQkKk8dq0=,QbLXxag/Ge1wBeagk3r8zuCrJwg=
84,28,EXz27gZD9g4X2D4yQtSQkKk8dq0=,QbLXxag/Ge1wBeagk3r8zuCrJwg=
85,28,EXz27gZD9g4X2D4yQtSQkKk8dq0=,QbLXxag/Ge1wBeagk3r8zuCrJwg=
86,28,EXz27gZD9g4X2D4yQtSQkKk8dq0=,QbLXxag/Ge1wBeagk3r8zuCrJwg=
87,28,EXz27gZD9g4X2D4yQtSQkKk8dq0=,QbLXxag/Ge1wBeagk3r8zuCrJwg=
84,27,EXz27gZD9g4X2D4yQtSQkKk8dq0=,QbLXxag/Ge1wBeagk3r8zuCrJwg=
85,27,EXz27gZD9g4X2D4yQtSQkKk8dq0=,QbLXxag/Ge1wBeagk3r8zuCrJwg=
86,27,EXz27gZD9g4X2D4yQtSQkKk8dq0=,QbLXxag/Ge1wBeagk3r8zuCrJwg=
87,27,EXz27gZD9g4X2D4yQtSQkKk8dq0=,QbLXxag/Ge1wBeagk3r8zuCrJwg=
83,22,EXz27gZD9g4X2D4yQtSQkKk8dq0=,Iglfyd8mw8DyHAbQtyfe+ts2pDc=
84,22,EXz27gZD9g4X2D4yQtSQkKk8dq0=,Iglfyd8mw8DyHAbQtyfe+ts2pDc=
85,22,EXz27gZD9g4X2D4yQtSQkKk8dq0=,Iglfyd8mw8DyHAbQtyfe+ts2pDc=
87,21,EXz27gZD9g4X2D4yQtSQkKk8dq0=,Iglfyd8mw8DyHAbQtyfe+ts2pDc=
86,21,EXz27gZD9g4X2D4yQtSQkKk8dq0=,Iglfyd8mw8DyHAbQtyfe+ts2pDc=
85,21,EXz27gZD9g4X2D4yQtSQkKk8dq0=,Iglfyd8mw8DyHAbQtyfe+ts2pDc=
84,21,EXz27gZD9g4X2D4yQtSQkKk8dq0=,Iglfyd8mw8DyHAbQtyfe+ts2pDc=
87,26,EXz27gZD9g4X2D4yQtSQkKk8dq0=,QbLXxag/Ge1wBeagk3r8zuCrJwg=
83,21,EXz27gZD9g4X2D4yQtSQkKk8dq0=,Iglfyd8mw8DyHAbQtyfe+ts2pDc=
86,26,EXz27gZD9g4X2D4yQtSQkKk8dq0=,QbLXxag/Ge1wBeagk3r8zuCrJwg=
83,18,EXz27gZD9g4X2D4yQtSQkKk8dq0=,Iglfyd8mw8DyHAbQtyfe+ts2pDc=
84,18,EXz27gZD9g4X2D4yQtSQkKk8dq0=,Iglfyd8mw8DyHAbQtyfe+ts2pDc=
87,20,EXz27gZD9g4X2D4yQtSQkKk8dq0=,Iglfyd8mw8DyHAbQtyfe+ts2pDc=
85,26,EXz27gZD9g4X2D4yQtSQkKk8dq0=,QbLXxag/Ge1wBeagk3r8zuCrJwg=
86,20,EXz27gZD9g4X2D4yQtSQkKk8dq0=,Iglfyd8mw8DyHAbQtyfe+ts2pDc=
84,20,EXz27gZD9g4X2D4yQtSQkKk8dq0=,Iglfyd8mw8DyHAbQtyfe+ts2pDc=
87,23,EXz27gZD9g4X2D4yQtSQkKk8dq0=,Iglfyd8mw8DyHAbQtyfe+ts2pDc=
85,20,EXz27gZD9g4X2D4yQtSQkKk8dq0=,Iglfyd8mw8DyHAbQtyfe+ts2pDc=
83,20,EXz27gZD9g4X2D4yQtSQkKk8dq0=,Iglfyd8mw8DyHAbQtyfe+ts2pDc=
86,23,EXz27gZD9g4X2D4yQtSQkKk8dq0=,Iglfyd8mw8DyHAbQtyfe+ts2pDc=
84,26,EXz27gZD9g4X2D4yQtSQkKk8dq0=,QbLXxag/Ge1wBeagk3r8zuCrJwg=
83,26,EXz27gZD9g4X2D4yQtSQkKk8dq0=,QbLXxag/Ge1wBeagk3r8zuCrJwg=
84,17,EXz27gZD9g4X2D4yQtSQkKk8dq0=,Iglfyd8mw8DyHAbQtyfe+ts2pDc=
83,31,EXz27gZD9g4X2D4yQtSQkKk8dq0=,QbLXxag/Ge1wBeagk3r8zuCrJwg=
84,30,EXz27gZD9g4X2D4yQtSQkKk8dq0=,QbLXxag/Ge1wBeagk3r8zuCrJwg=
83,30,EXz27gZD9g4X2D4yQtSQkKk8dq0=,QbLXxag/Ge1wBeagk3r8zuCrJwg=
84,31,EXz27gZD9g4X2D4yQtSQkKk8dq0=,QbLXxag/Ge1wBeagk3r8zuCrJwg=
84,29,EXz27gZD9g4X2D4yQtSQkKk8dq0=,QbLXxag/Ge1wBeagk3r8zuCrJwg=
83,29,EXz27gZD9g4X2D4yQtSQkKk8dq0=,QbLXxag/Ge1wBeagk3r8zuCrJwg=
83,16,EXz27gZD9g4X2D4yQtSQkKk8dq0=,Iglfyd8mw8DyHAbQtyfe+ts2pDc=
84,16,EXz27gZD9g4X2D4yQtSQkKk8dq0=,Iglfyd8mw8DyHAbQtyfe+ts2pDc=
83,17,EXz27gZD9g4X2D4yQtSQkKk8dq0=,Iglfyd8mw8DyHAbQtyfe+ts2pDc=
87,19,EXz27gZD9g4X2D4yQtSQkKk8dq0=,Iglfyd8mw8DyHAbQtyfe+ts2pDc=
87,25,EXz27gZD9g4X2D4yQtSQkKk8dq0=,QbLXxag/Ge1wBeagk3r8zuCrJwg=
83,25,EXz27gZD9g4X2D4yQtSQkKk8dq0=,QbLXxag/Ge1wBeagk3r8zuCrJwg=
86,25,EXz27gZD9g4X2D4yQtSQkKk8dq0=,QbLXxag/Ge1wBeagk3r8zuCrJwg=
85,25,EXz27gZD9g4X2D4yQtSQkKk8dq0=,QbLXxag/Ge1wBeagk3r8zuCrJwg=
84,25,EXz27gZD9g4X2D4yQtSQkKk8dq0=,QbLXxag/Ge1wBeagk3r8zuCrJwg=
86,19,EXz27gZD9g4X2D4yQtSQkKk8dq0=,Iglfyd8mw8DyHAbQtyfe+ts2pDc=
85,23,EXz27gZD9g4X2D4yQtSQkKk8dq0=,Iglfyd8mw8DyHAbQtyfe+ts2pDc=
85,19,EXz27gZD9g4X2D4yQtSQkKk8dq0=,Iglfyd8mw8DyHAbQtyfe+ts2pDc=
84,23,EXz27gZD9g4X2D4yQtSQkKk8dq0=,Iglfyd8mw8DyHAbQtyfe+ts2pDc=
84,19,EXz27gZD9g4X2D4yQtSQkKk8dq0=,Iglfyd8mw8DyHAbQtyfe+ts2pDc=
83,23,EXz27gZD9g4X2D4yQtSQkKk8dq0=,Iglfyd8mw8DyHAbQtyfe+ts2pDc=
83,19,EXz27gZD9g4X2D4yQtSQkKk8dq0=,Iglfyd8mw8DyHAbQtyfe+ts2pDc=
86,24,EXz27gZD9g4X2D4yQtSQkKk8dq0=,QbLXxag/Ge1wBeagk3r8zuCrJwg=
87,24,EXz27gZD9g4X2D4yQtSQkKk8dq0=,QbLXxag/Ge1wBeagk3r8zuCrJwg=
85,24,EXz27gZD9g4X2D4yQtSQkKk8dq0=,QbLXxag/Ge1wBeagk3r8zuCrJwg=
84,24,EXz27gZD9g4X2D4yQtSQkKk8dq0=,QbLXxag/Ge1wBeagk3r8zuCrJwg=
87,22,EXz27gZD9g4X2D4yQtSQkKk8dq0=,Iglfyd8mw8DyHAbQtyfe+ts2pDc=
83,24,EXz27gZD9g4X2D4yQtSQkKk8dq0=,QbLXxag/Ge1wBeagk3r8zuCrJwg=
86,22,EXz27gZD9g4X2D4yQtSQkKk8dq0=,Iglfyd8mw8DyHAbQtyfe+ts2pDc=
80,20,EXz27gZD9g4X2D4yQtSQkKk8dq0=,Iglfyd8mw8DyHAbQtyfe+ts2pDc=
81,20,EXz27gZD9g4X2D4yQtSQkKk8dq0=,Iglfyd8mw8DyHAbQtyfe+ts2pDc=
82,20,EXz27gZD9g4X2D4yQtSQkKk8dq0=,Iglfyd8mw8DyHAbQtyfe+ts2pDc=
81,19,EXz27gZD9g4X2D4yQtSQkKk8dq0=,Iglfyd8mw8DyHAbQtyfe+ts2pDc=
80,19,EXz27gZD9g4X2D4yQtSQkKk8dq0=,Iglfyd8mw8DyHAbQtyfe+ts2pDc=
82,19,EXz27gZD9g4X2D4yQtSQkKk8dq0=,Iglfyd8mw8DyHAbQtyfe+ts2pDc=
81,27,EXz27gZD9g4X2D4yQtSQkKk8dq0=,QbLXxag/Ge1wBeagk3r8zuCrJwg=
81,24,EXz27gZD9g4X2D4yQtSQkKk8dq0=,QbLXxag/Ge1wBeagk3r8zuCrJwg=
80,22,EXz27gZD9g4X2D4yQtSQkKk8dq0=,Iglfyd8mw8DyHAbQtyfe+ts2pDc=
81,22,EXz27gZD9g4X2D4yQtSQkKk8dq0=,Iglfyd8mw8DyHAbQtyfe+ts2pDc=
82,22,EXz27gZD9g4X2D4yQtSQkKk8dq0=,Iglfyd8mw8DyHAbQtyfe+ts2pDc=
80,24,EXz27gZD9g4X2D4yQtSQkKk8dq0=,QbLXxag/Ge1wBeagk3r8zuCrJwg=
81,21,EXz27gZD9g4X2D4yQtSQkKk8dq0=,Iglfyd8mw8DyHAbQtyfe+ts2pDc=
80,27,EXz27gZD9g4X2D4yQtSQkKk8dq0=,QbLXxag/Ge1wBeagk3r8zuCrJwg=
82,21,EXz27gZD9g4X2D4yQtSQkKk8dq0=,Iglfyd8mw8DyHAbQtyfe+ts2pDc=
80,28,EXz27gZD9g4X2D4yQtSQkKk8dq0=,QbLXxag/Ge1wBeagk3r8zuCrJwg=
80,21,EXz27gZD9g4X2D4yQtSQkKk8dq0=,Iglfyd8mw8DyHAbQtyfe+ts2pDc=
82,26,EXz27gZD9g4X2D4yQtSQkKk8dq0=,QbLXxag/Ge1wBeagk3r8zuCrJwg=
82,27,EXz27gZD9g4X2D4yQtSQkKk8dq0=,QbLXxag/Ge1wBeagk3r8zuCrJwg=
80,26,EXz27gZD9g4X2D4yQtSQkKk8dq0=,QbLXxag/Ge1wBeagk3r8zuCrJwg=
81,26,EXz27gZD9g4X2D4yQtSQkKk8dq0=,QbLXxag/Ge1wBeagk3r8zuCrJwg=
82,28,EXz27gZD9g4X2D4yQtSQkKk8dq0=,QbLXxag/Ge1wBeagk3r8zuCrJwg=
82,24,EXz27gZD9g4X2D4yQtSQkKk8dq0=,QbLXxag/Ge1wBeagk3r8zuCrJwg=
82,25,EXz27gZD9g4X2D4yQtSQkKk8dq0=,QbLXxag/Ge1wBeagk3r8zuCrJwg=
81,28,EXz27gZD9g4X2D4yQtSQkKk8dq0=,QbLXxag/Ge1wBeagk3r8zuCrJwg=
80,25,EXz27gZD9g4X2D4yQtSQkKk8dq0=,QbLXxag/Ge1wBeagk3r8zuCrJwg=
80,23,EXz27gZD9g4X2D4yQtSQkKk8dq0=,Iglfyd8mw8DyHAbQtyfe+ts2pDc=
81,25,EXz27gZD9g4X2D4yQtSQkKk8dq0=,QbLXxag/Ge1wBeagk3r8zuCrJwg=
81,23,EXz27gZD9g4X2D4yQtSQkKk8dq0=,Iglfyd8mw8DyHAbQtyfe+ts2pDc=
82,23,EXz27gZD9g4X2D4yQtSQkKk8dq0=,Iglfyd8mw8DyHAbQtyfe+ts2pDc=
86,31,EXz27gZD9g4X2D4yQtSQkKk8dq0=,QbLXxag/Ge1wBeagk3r8zuCrJwg=
85,31,EXz27gZD9g4X2D4yQtSQkKk8dq0=,QbLXxag/Ge1wBeagk3r8zuCrJwg=
87,30,EXz27gZD9g4X2D4yQtSQkKk8dq0=,QbLXxag/Ge1wBeagk3r8zuCrJwg=
86,30,EXz27gZD9g4X2D4yQtSQkKk8dq0=,QbLXxag/Ge1wBeagk3r8zuCrJwg=
87,29,EXz27gZD9g4X2D4yQtSQkKk8dq0=,QbLXxag/Ge1wBeagk3r8zuCrJwg=
85,30,EXz27gZD9g4X2D4yQtSQkKk8dq0=,QbLXxag/Ge1wBeagk3r8zuCrJwg=
86,29,EXz27gZD9g4X2D4yQtSQkKk8dq0=,QbLXxag/Ge1wBeagk3r8zuCrJwg=
87,31,EXz27gZD9g4X2D4yQtSQkKk8dq0=,QbLXxag/Ge1wBeagk3r8zuCrJwg=
85,29,EXz27gZD9g4X2D4yQtSQkKk8dq0=,QbLXxag/Ge1wBeagk3r8zuCrJwg=
80,16,EXz27gZD9g4X2D4yQtSQkKk8dq0=,Iglfyd8mw8DyHAbQtyfe+ts2pDc=
82,18,EXz27gZD9g4X2D4yQtSQkKk8dq0=,Iglfyd8mw8DyHAbQtyfe+ts2pDc=
80,18,EXz27gZD9g4X2D4yQtSQkKk8dq0=,Iglfyd8mw8DyHAbQtyfe+ts2pDc=
81,17,EXz27gZD9g4X2D4yQtSQkKk8dq0=,Iglfyd8mw8DyHAbQtyfe+ts2pDc=
82,17,EXz27gZD9g4X2D4yQtSQkKk8dq0=,Iglfyd8mw8DyHAbQtyfe+ts2pDc=
80,17,EXz27gZD9g4X2D4yQtSQkKk8dq0=,Iglfyd8mw8DyHAbQtyfe+ts2pDc=
81,16,EXz27gZD9g4X2D4yQtSQkKk8dq0=,Iglfyd8mw8DyHAbQtyfe+ts2pDc=
82,16,EXz27gZD9g4X2D4yQtSQkKk8dq0=,Iglfyd8mw8DyHAbQtyfe+ts2pDc=
85,16,EXz27gZD9g4X2D4yQtSQkKk8dq0=,Iglfyd8mw8DyHAbQtyfe+ts2pDc=
81,18,EXz27gZD9g4X2D4yQtSQkKk8dq0=,Iglfyd8mw8DyHAbQtyfe+ts2pDc=
87,18,EXz27gZD9g4X2D4yQtSQkKk8dq0=,Iglfyd8mw8DyHAbQtyfe+ts2pDc=
87,17,EXz27gZD9g4X2D4yQtSQkKk8dq0=,Iglfyd8mw8DyHAbQtyfe+ts2pDc=
85,18,EXz27gZD9g4X2D4yQtSQkKk8dq0=,Iglfyd8mw8DyHAbQtyfe+ts2pDc=
86,17,EXz27gZD9g4X2D4yQtSQkKk8dq0=,Iglfyd8mw8DyHAbQtyfe+ts2pDc=
86,18,EXz27gZD9g4X2D4yQtSQkKk8dq0=,Iglfyd8mw8DyHAbQtyfe+ts2pDc=
87,16,EXz27gZD9g4X2D4yQtSQkKk8dq0=,Iglfyd8mw8DyHAbQtyfe+ts2pDc=
85,17,EXz27gZD9g4X2D4yQtSQkKk8dq0=,Iglfyd8mw8DyHAbQtyfe+ts2pDc=
86,16,EXz27gZD9g4X2D4yQtSQkKk8dq0=,Iglfyd8mw8DyHAbQtyfe+ts2pDc=
82,30,EXz27gZD9g4X2D4yQtSQkKk8dq0=,QbLXxag/Ge1wBeagk3r8zuCrJwg=
80,31,EXz27gZD9g4X2D4yQtSQkKk8dq0=,QbLXxag/Ge1wBeagk3r8zuCrJwg=
81,30,EXz27gZD9g4X2D4yQtSQkKk8dq0=,QbLXxag/Ge1wBeagk3r8zuCrJwg=
81,31,EXz27gZD9g4X2D4yQtSQkKk8dq0=,QbLXxag/Ge1wBeagk3r8zuCrJwg=
81,29,EXz27gZD9g4X2D4yQtSQkKk8dq0=,QbLXxag/Ge1wBeagk3r8zuCrJwg=
82,29,EXz27gZD9g4X2D4yQtSQkKk8dq0=,QbLXxag/Ge1wBeagk3r8zuCrJwg=
80,29,EXz27gZD9g4X2D4yQtSQkKk8dq0=,QbLXxag/Ge1wBeagk3r8zuCrJwg=
82,31,EXz27gZD9g4X2D4yQtSQkKk8dq0=,QbLXxag/Ge1wBeagk3r8zuCrJwg=
80,30,EXz27gZD9g4X2D4yQtSQkKk8dq0=,QbLXxag/Ge1wBeagk3r8zuCrJwg=
83,3,EXz27gZD9g4X2D4yQtSQkKk8dq0=,NMDejyzt5O3fiCIB8pMgg0BPdD0=
84,3,EXz27gZD9g4X2D4yQtSQkKk8dq0=,NMDejyzt5O3fiCIB8pMgg0BPdD0=
85,3,EXz27gZD9g4X2D4yQtSQkKk8dq0=,NMDejyzt5O3fiCIB8pMgg0BPdD0=
86,3,EXz27gZD9g4X2D4yQtSQkKk8dq0=,NMDejyzt5O3fiCIB8pMgg0BPdD0=
87,3,EXz27gZD9g4X2D4yQtSQkKk8dq0=,NMDejyzt5O3fiCIB8pMgg0BPdD0=
84,4,EXz27gZD9g4X2D4yQtSQkKk8dq0=,NMDejyzt5O3fiCIB8pMgg0BPdD0=
85,4,EXz27gZD9g4X2D4yQtSQkKk8dq0=,NMDejyzt5O3fiCIB8pMgg0BPdD0=
86,4,EXz27gZD9g4X2D4yQtSQkKk8dq0=,NMDejyzt5O3fiCIB8pMgg0BPdD0=
87,4,EXz27gZD9g4X2D4yQtSQkKk8dq0=,NMDejyzt5O3fiCIB8pMgg0BPdD0=
83,4,EXz27gZD9g4X2D4yQtSQkKk8dq0=,NMDejyzt5O3fiCIB8pMgg0BPdD0=
83,2,EXz27gZD9g4X2D4yQtSQkKk8dq0=,NMDejyzt5O3fiCIB8pMgg0BPdD0=
84,2,EXz27gZD9g4X2D4yQtSQkKk8dq0=,NMDejyzt5O3fiCIB8pMgg0BPdD0=
83,1,EXz27gZD9g4X2D4yQtSQkKk8dq0=,NMDejyzt5O3fiCIB8pMgg0BPdD0=
83,0,EXz27gZD9g4X2D4yQtSQkKk8dq0=,NMDejyzt5O3fiCIB8pMgg0BPdD0=
84,0,EXz27gZD9g4X2D4yQtSQkKk8dq0=,NMDejyzt5O3fiCIB8pMgg0BPdD0=
84,1,EXz27gZD9g4X2D4yQtSQkKk8dq0=,NMDejyzt5O3fiCIB8pMgg0BPdD0=
84,7,EXz27gZD9g4X2D4yQtSQkKk8dq0=,NMDejyzt5O3fiCIB8pMgg0BPdD0=
85,7,EXz27gZD9g4X2D4yQtSQkKk8dq0=,NMDejyzt5O3fiCIB8pMgg0BPdD0=
83,9,EXz27gZD9g4X2D4yQtSQkKk8dq0=,NMDejyzt5O3fiCIB8pMgg0BPdD0=
84,9,EXz27gZD9g4X2D4yQtSQkKk8dq0=,NMDejyzt5O3fiCIB8pMgg0BPdD0=
84,13,EXz27gZD9g4X2D4yQtSQkKk8dq0=,NMDejyzt5O3fiCIB8pMgg0BPdD0=
84,15,EXz27gZD9g4X2D4yQtSQkKk8dq0=,NMDejyzt5O3fiCIB8pMgg0BPdD0=
83,14,EXz27gZD9g4X2D4yQtSQkKk8dq0=,NMDejyzt5O3fiCIB8pMgg0BPdD0=
84,14,EXz27gZD9g4X2D4yQtSQkKk8dq0=,NMDejyzt5O3fiCIB8pMgg0BPdD0=
83,13,EXz27gZD9g4X2D4yQtSQkKk8dq0=,NMDejyzt5O3fiCIB8pMgg0BPdD0=
83,15,EXz27gZD9g4X2D4yQtSQkKk8dq0=,NMDejyzt5O3fiCIB8pMgg0BPdD0=
85,9,EXz27gZD9g4X2D4yQtSQkKk8dq0=,NMDejyzt5O3fiCIB8pMgg0BPdD0=
86,9,EXz27gZD9g4X2D4yQtSQkKk8dq0=,NMDejyzt5O3fiCIB8pMgg0BPdD0=
87,9,EXz27gZD9g4X2D4yQtSQkKk8dq0=,NMDejyzt5O3fiCIB8pMgg0BPdD0=
83,5,EXz27gZD9g4X2D4yQtSQkKk8dq0=,NMDejyzt5O3fiCIB8pMgg0BPdD0=
86,12,EXz27gZD9g4X2D4yQtSQkKk8dq0=,NMDejyzt5O3fiCIB8pMgg0BPdD0=
87,12,EXz27gZD9g4X2D4yQtSQkKk8dq0=,NMDejyzt5O3fiCIB8pMgg0BPdD0=
84,5,EXz27gZD9g4X2D4yQtSQkKk8dq0=,NMDejyzt5O3fiCIB8pMgg0BPdD0=
83,6,EXz27gZD9g4X2D4yQtSQkKk8dq0=,NMDejyzt5O3fiCIB8pMgg0BPdD0=
85,5,EXz27gZD9g4X2D4yQtSQkKk8dq0=,NMDejyzt5O3fiCIB8pMgg0BPdD0=
83,10,EXz27gZD9g4X2D4yQtSQkKk8dq0=,NMDejyzt5O3fiCIB8pMgg0BPdD0=
86,7,EXz27gZD9g4X2D4yQtSQkKk8dq0=,NMDejyzt5O3fiCIB8pMgg0BPdD0=
84,6,EXz27gZD9g4X2D4yQtSQkKk8dq0=,NMDejyzt5O3fiCIB8pMgg0BPdD0=
85,6,EXz27gZD9g4X2D4yQtSQkKk8dq0=,NMDejyzt5O3fiCIB8pMgg0BPdD0=
84,10,EXz27gZD9g4X2D4yQtSQkKk8dq0=,NMDejyzt5O3fiCIB8pMgg0BPdD0=
85,10,EXz27gZD9g4X2D4yQtSQkKk8dq0=,NMDejyzt5O3fiCIB8pMgg0BPdD0=
86,6,EXz27gZD9g4X2D4yQtSQkKk8dq0=,NMDejyzt5O3fiCIB8pMgg0BPdD0=
86,5,EXz27gZD9g4X2D4yQtSQkKk8dq0=,NMDejyzt5O3fiCIB8pMgg0BPdD0=
87,5,EXz27gZD9g4X2D4yQtSQkKk8dq0=,NMDejyzt5O3fiCIB8pMgg0BPdD0=
87,6,EXz27gZD9g4X2D4yQtSQkKk8dq0=,NMDejyzt5O3fiCIB8pMgg0BPdD0=
86,10,EXz27gZD9g4X2D4yQtSQkKk8dq0=,NMDejyzt5O3fiCIB8pMgg0BPdD0=
83,8,EXz27gZD9g4X2D4yQtSQkKk8dq0=,NMDejyzt5O3fiCIB8pMgg0BPdD0=
87,10,EXz27gZD9g4X2D4yQtSQkKk8dq0=,NMDejyzt5O3fiCIB8pMgg0BPdD0=
84,8,EXz27gZD9g4X2D4yQtSQkKk8dq0=,NMDejyzt5O3fiCIB8pMgg0BPdD0=
83,7,EXz27gZD9g4X2D4yQtSQkKk8dq0=,NMDejyzt5O3fiCIB8pMgg0BPdD0=
87,7,EXz27gZD9g4X2D4yQtSQkKk8dq0=,NMDejyzt5O3fiCIB8pMgg0BPdD0=
87,11,EXz27gZD9g4X2D4yQtSQkKk8dq0=,NMDejyzt5O3fiCIB8pMgg0BPdD0=
86,11,EXz27gZD9g4X2D4yQtSQkKk8dq0=,NMDejyzt5O3fiCIB8pMgg0BPdD0=
84,12,EXz27gZD9g4X2D4yQtSQkKk8dq0=,NMDejyzt5O3fiCIB8pMgg0BPdD0=
85,12,EXz27gZD9g4X2D4yQtSQkKk8dq0=,NMDejyzt5O3fiCIB8pMgg0BPdD0=
83,12,EXz27gZD9g4X2D4yQtSQkKk8dq0=,NMDejyzt5O3fiCIB8pMgg0BPdD0=
83,11,EXz27gZD9g4X2D4yQtSQkKk8dq0=,NMDejyzt5O3fiCIB8pMgg0BPdD0=
85,11,EXz27gZD9g4X2D4yQtSQkKk8dq0=,NMDejyzt5O3fiCIB8pMgg0BPdD0=
87,8,EXz27gZD9g4X2D4yQtSQkKk8dq0=,NMDejyzt5O3fiCIB8pMgg0BPdD0=
84,11,EXz27gZD9g4X2D4yQtSQkKk8dq0=,NMDejyzt5O3fiCIB8pMgg0BPdD0=
85,8,EXz27gZD9g4X2D4yQtSQkKk8dq0=,NMDejyzt5O3fiCIB8pMgg0BPdD0=
86,8,EXz27gZD9g4X2D4yQtSQkKk8dq0=,NMDejyzt5O3fiCIB8pMgg0BPdD0=
82,2,EXz27gZD9g4X2D4yQtSQkKk8dq0=,NMDejyzt5O3fiCIB8pMgg0BPdD0=
81,0,EXz27gZD9g4X2D4yQtSQkKk8dq0=,NMDejyzt5O3fiCIB8pMgg0BPdD0=
80,0,EXz27gZD9g4X2D4yQtSQkKk8dq0=,NMDejyzt5O3fiCIB8pMgg0BPdD0=
82,0,EXz27gZD9g4X2D4yQtSQkKk8dq0=,NMDejyzt5O3fiCIB8pMgg0BPdD0=
80,4,EXz27gZD9g4X2D4yQtSQkKk8dq0=,NMDejyzt5O3fiCIB8pMgg0BPdD0=
81,1,EXz27gZD9g4X2D4yQtSQkKk8dq0=,NMDejyzt5O3fiCIB8pMgg0BPdD0=
81,4,EXz27gZD9g4X2D4yQtSQkKk8dq0=,NMDejyzt5O3fiCIB8pMgg0BPdD0=
82,1,EXz27gZD9g4X2D4yQtSQkKk8dq0=,NMDejyzt5O3fiCIB8pMgg0BPdD0=
82,4,EXz27gZD9g4X2D4yQtSQkKk8dq0=,NMDejyzt5O3fiCIB8pMgg0BPdD0=
80,3,EXz27gZD9g4X2D4yQtSQkKk8dq0=,NMDejyzt5O3fiCIB8pMgg0BPdD0=
80,1,EXz27gZD9g4X2D4yQtSQkKk8dq0=,NMDejyzt5O3fiCIB8pMgg0BPdD0=
80,2,EXz27gZD9g4X2D4yQtSQkKk8dq0=,NMDejyzt5O3fiCIB8pMgg0BPdD0=
81,3,EXz27gZD9g4X2D4yQtSQkKk8dq0=,NMDejyzt5O3fiCIB8pMgg0BPdD0=
81,2,EXz27gZD9g4X2D4yQtSQkKk8dq0=,NMDejyzt5O3fiCIB8pMgg0BPdD0=
82,3,EXz27gZD9g4X2D4yQtSQkKk8dq0=,NMDejyzt5O3fiCIB8pMgg0BPdD0=
80,9,EXz27gZD9g4X2D4yQtSQkKk8dq0=,NMDejyzt5O3fiCIB8pMgg0BPdD0=
80,6,EXz27gZD9g4X2D4yQtSQkKk8dq0=,NMDejyzt5O3fiCIB8pMgg0BPdD0=
81,9,EXz27gZD9g4X2D4yQtSQkKk8dq0=,NMDejyzt5O3fiCIB8pMgg0BPdD0=
82,9,EXz27gZD9g4X2D4yQtSQkKk8dq0=,NMDejyzt5O3fiCIB8pMgg0BPdD0=
81,6,EXz27gZD9g4X2D4yQtSQkKk8dq0=,NMDejyzt5O3fiCIB8pMgg0BPdD0=
81,10,EXz27gZD9g4X2D4yQtSQkKk8dq0=,NMDejyzt5O3fiCIB8pMgg0BPdD0=
82,10,EXz27gZD9g4X2D4yQtSQkKk8dq0=,NMDejyzt5O3fiCIB8pMgg0BPdD0=
82,5,EXz27gZD9g4X2D4yQtSQkKk8dq0=,NMDejyzt5O3fiCIB8pMgg0BPdD0=
80,10,EXz27gZD9g4X2D4yQtSQkKk8dq0=,NMDejyzt5O3fiCIB8pMgg0BPdD0=
82,6,EXz27gZD9g4X2D4yQtSQkKk8dq0=,NMDejyzt5O3fiCIB8pMgg0BPdD0=
80,5,EXz27gZD9g4X2D4yQtSQkKk8dq0=,NMDejyzt5O3fiCIB8pMgg0BPdD0=
80,12,EXz27gZD9g4X2D4yQtSQkKk8dq0=,NMDejyzt5O3fiCIB8pMgg0BPdD0=
81,5,EXz27gZD9g4X2D4yQtSQkKk8dq0=,NMDejyzt5O3fiCIB8pMgg0BPdD0=
81,12,EXz27gZD9g4X2D4yQtSQkKk8dq0=,NMDejyzt5O3fiCIB8pMgg0BPdD0=
82,12,EXz27gZD9g4X2D4yQtSQkKk8dq0=,NMDejyzt5O3fiCIB8pMgg0BPdD0=
80,8,EXz27gZD9g4X2D4yQtSQkKk8dq0=,NMDejyzt5O3fiCIB8pMgg0BPdD0=
81,8,EXz27gZD9g4X2D4yQtSQkKk8dq0=,NMDejyzt5O3fiCIB8pMgg0BPdD0=
82,8,EXz27gZD9g4X2D4yQtSQkKk8dq0=,NMDejyzt5O3fiCIB8pMgg0BPdD0=
81,11,EXz27gZD9g4X2D4yQtSQkKk8dq0=,NMDejyzt5O3fiCIB8pMgg0BPdD0=
80,11,EXz27gZD9g4X2D4yQtSQkKk8dq0=,NMDejyzt5O3fiCIB8pMgg0BPdD0=
80,7,EXz27gZD9g4X2D4yQtSQkKk8dq0=,NMDejyzt5O3fiCIB8pMgg0BPdD0=
82,11,EXz27gZD9g4X2D4yQtSQkKk8dq0=,NMDejyzt5O3fiCIB8pMgg0BPdD0=
81,7,EXz27gZD9g4X2D4yQtSQkKk8dq0=,NMDejyzt5O3fiCIB8pMgg0BPdD0=
82,7,EXz27gZD9g4X2D4yQtSQkKk8dq0=,NMDejyzt5O3fiCIB8pMgg0BPdD0=
81,15,EXz27gZD9g4X2D4yQtSQkKk8dq0=,NMDejyzt5O3fiCIB8pMgg0BPdD0=
82,15,EXz27gZD9g4X2D4yQtSQkKk8dq0=,NMDejyzt5O3fiCIB8pMgg0BPdD0=
80,14,EXz27gZD9g4X2D4yQtSQkKk8dq0=,NMDejyzt5O3fiCIB8pMgg0BPdD0=
80,15,EXz27gZD9g4X2D4yQtSQkKk8dq0=,NMDejyzt5O3fiCIB8pMgg0BPdD0=
81,14,EXz27gZD9g4X2D4yQtSQkKk8dq0=,NMDejyzt5O3fiCIB8pMgg0BPdD0=
80,13,EXz27gZD9g4X2D4yQtSQkKk8dq0=,NMDejyzt5O3fiCIB8pMgg0BPdD0=
82,13,EXz27gZD9g4X2D4yQtSQkKk8dq0=,NMDejyzt5O3fiCIB8pMgg0BPdD0=
81,13,EXz27gZD9g4X2D4yQtSQkKk8dq0=,NMDejyzt5O3fiCIB8pMgg0BPdD0=
82,14,EXz27gZD9g4X2D4yQtSQkKk8dq0=,NMDejyzt5O3fiCIB8pMgg0BPdD0=
85,2,EXz27gZD9g4X2D4yQtSQkKk8dq0=,NMDejyzt5O3fiCIB8pMgg0BPdD0=
85,0,EXz27gZD9g4X2D4yQtSQkKk8dq0=,NMDejyzt5O3fiCIB8pMgg0BPdD0=
87,0,EXz27gZD9g4X2D4yQtSQkKk8dq0=,NMDejyzt5O3fiCIB8pMgg0BPdD0=
86,0,EXz27gZD9g4X2D4yQtSQkKk8dq0=,NMDejyzt5O3fiCIB8pMgg0BPdD0=
85,13,EXz27gZD9g4X2D4yQtSQkKk8dq0=,NMDejyzt5O3fiCIB8pMgg0BPdD0=
87,1,EXz27gZD9g4X2D4yQtSQkKk8dq0=,NMDejyzt5O3fiCIB8pMgg0BPdD0=
87,15,EXz27gZD9g4X2D4yQtSQkKk8dq0=,NMDejyzt5O3fiCIB8pMgg0BPdD0=
86,2,EXz27gZD9g4X2D4yQtSQkKk8dq0=,NMDejyzt5O3fiCIB8pMgg0BPdD0=
86,14,EXz27gZD9g4X2D4yQtSQkKk8dq0=,NMDejyzt5O3fiCIB8pMgg0BPdD0=
86,13,EXz27gZD9g4X2D4yQtSQkKk8dq0=,NMDejyzt5O3fiCIB8pMgg0BPdD0=
87,14,EXz27gZD9g4X2D4yQtSQkKk8dq0=,NMDejyzt5O3fiCIB8pMgg0BPdD0=
87,2,EXz27gZD9g4X2D4yQtSQkKk8dq0=,NMDejyzt5O3fiCIB8pMgg0BPdD0=
85,15,EXz27gZD9g4X2D4yQtSQkKk8dq0=,NMDejyzt5O3fiCIB8pMgg0BPdD0=
85,1,EXz27gZD9g4X2D4yQtSQkKk8dq0=,NMDejyzt5O3fiCIB8pMgg0BPdD0=
86,15,EXz27gZD9g4X2D4yQtSQkKk8dq0=,NMDejyzt5O3fiCIB8pMgg0BPdD0=
87,13,EXz27gZD9g4X2D4yQtSQkKk8dq0=,NMDejyzt5O3fiCIB8pMgg0BPdD0=
85,14,EXz27gZD9g4X2D4yQtSQkKk8dq0=,NMDejyzt5O3fiCIB8pMgg0BPdD0=
86,1,EXz27gZD9g4X2D4yQtSQkKk8dq0=,NMDejyzt5O3fiCIB8pMgg0BPdD0=
